[13:09:23] [MainLoop] Started (interval=60s)
[13:09:23] [System] Analysis loop started.
[13:09:23] [Cycle] Starting analysis cycle...
[13:09:24] [Cycle] Market: 高潮 | LU:111 LD:4
[13:09:38] [AI] Analysis complete: stage=高潮, candidates=3, reasoning=情绪极度亢奋，资金集中攻击主线龙头，但需警惕次日分化风险
[13:09:38] [Cycle] Done. Signals: 3
[13:09:55] [System] Analysis stopped.
[13:09:55] [MainLoop] Stopped.
[13:26:07] [MainLoop] Started (interval=60s)
[13:26:07] [System] Analysis loop started.
[13:26:07] [Cycle] Starting analysis cycle...
[13:26:08] [Cycle] Market: 高潮 | LU:109 LD:3
[13:27:43] [AI] Analysis complete: stage=高潮, candidates=4, reasoning=情绪极度亢奋，涨停破百，科创领涨。高潮期易现分化，需聚焦核心龙头，警惕次日兑现。
[13:27:43] [Cycle] Done. Signals: 4
[13:32:50] [MainLoop] Started (interval=60s)
[13:32:50] [System] Analysis loop started.
[13:32:50] [Cycle] Starting analysis cycle...
[13:32:51] [Cycle] Market: 高潮 | LU:114 LD:4
[13:33:06] [AI] Analysis complete: stage=高潮, candidates=5, reasoning=科创板领涨，情绪极致亢奋，涨停114只，上涨比84%，短期或面临分化，需聚焦最强龙头。
[13:33:06] [Cycle] Done. Signals: 5
[13:34:06] [Cycle] Starting analysis cycle...
[13:34:07] [Cycle] Market: 高潮 | LU:116 LD:4
[13:34:22] [System] Analysis stopped.
[13:35:31] [AI] Analysis complete: stage=高潮, candidates=4, reasoning=情绪极度亢奋，百股涨停科创领涨，资金聚焦高弹性龙头，需警惕次日分歧退潮。
[13:35:31] [Cycle] Done. Signals: 4
[13:35:31] [MainLoop] Stopped.
[13:48:19] [MainLoop] Started (interval=60s)
[13:48:19] [System] Analysis loop started.
[13:48:19] [Cycle] Starting analysis cycle...
[13:48:20] [Cycle] Market: 高潮 | LU:118 LD:4
[13:49:33] [System] Analysis stopped.
[13:49:37] [MainLoop] Started (interval=60s)
[13:49:37] [System] Analysis loop started.
[13:49:37] [Cycle] Starting analysis cycle...
[13:49:39] [Cycle] Market: 高潮 | LU:118 LD:4
[13:50:51] [AI] Analysis complete: stage=高潮, candidates=3, reasoning=市场情绪极度亢奋，涨停超百家，赚钱效应爆棚。高潮期需聚焦核心龙头，警惕后排跟风股分歧兑现。
[13:51:20] [Cycle] Starting analysis cycle...
[13:51:21] [Cycle] Market: 高潮 | LU:118 LD:4
[13:51:51] [Cycle] Starting analysis cycle...
[13:51:52] [Cycle] Market: 高潮 | LU:117 LD:4
[13:51:52] [AI] Analysis complete: stage=高潮, candidates=3, reasoning=市场情绪极度亢奋，涨停家数破百，科创板与AI领涨。高潮期往往伴随分歧，需紧盯核心龙头，去弱留强，谨防
[13:53:05] [AI] Analysis complete: stage=高潮, candidates=3, reasoning=涨停潮爆发赚钱效应极强，科创与创业板领涨。情绪高潮需警惕次日分化，聚焦核心龙头，回避跟风。
[13:54:05] [Cycle] Starting analysis cycle...
[13:54:07] [Cycle] Market: 高潮 | LU:118 LD:4
[13:54:14] [AI] Analysis complete: stage=?, candidates=0, reasoning=
[13:54:14] [Cycle] Done. Signals: 0
[13:54:21] [Cycle] Starting analysis cycle...
[13:54:22] [Cycle] Market: 高潮 | LU:118 LD:4
[13:54:29] [AI] Analysis complete: stage=?, candidates=0, reasoning=
[13:54:29] [Cycle] Done. Signals: 0
[13:55:14] [Cycle] Starting analysis cycle...
[13:55:15] [Cycle] Market: 高潮 | LU:117 LD:4
[13:55:20] [AI] Analysis complete: stage=?, candidates=0, reasoning=
[13:55:20] [Cycle] Done. Signals: 0
[13:55:29] [Cycle] Starting analysis cycle...
[13:55:30] [Cycle] Market: 高潮 | LU:117 LD:4
[13:55:33] [AI] Analysis complete: stage=?, candidates=0, reasoning=
[13:55:33] [Cycle] Done. Signals: 0
[13:56:20] [Cycle] Starting analysis cycle...
[13:56:21] [Cycle] Market: 高潮 | LU:117 LD:4
[13:56:28] [AI] Analysis complete: stage=?, candidates=0, reasoning=
[13:56:28] [Cycle] Done. Signals: 0
[13:56:33] [Cycle] Starting analysis cycle...
[13:56:34] [Cycle] Market: 高潮 | LU:117 LD:4
[13:56:39] [AI] Analysis complete: stage=?, candidates=0, reasoning=
[13:56:39] [Cycle] Done. Signals: 0
[13:57:28] [Cycle] Starting analysis cycle...
[13:57:29] [Cycle] Market: 高潮 | LU:117 LD:4
[13:57:35] [AI] Analysis complete: stage=?, candidates=0, reasoning=
[13:57:35] [Cycle] Done. Signals: 0
[13:57:39] [Cycle] Starting analysis cycle...
[13:57:40] [Cycle] Market: 高潮 | LU:118 LD:4
[13:57:48] [AI] Analysis complete: stage=?, candidates=0, reasoning=
[13:57:48] [Cycle] Done. Signals: 0
[13:58:35] [Cycle] Starting analysis cycle...
[13:58:36] [Cycle] Market: 高潮 | LU:115 LD:4
[13:58:38] [AI] Analysis complete: stage=?, candidates=0, reasoning=
[13:58:38] [Cycle] Done. Signals: 0
[13:58:48] [Cycle] Starting analysis cycle...
[13:58:49] [Cycle] Market: 高潮 | LU:114 LD:4
[13:58:50] [AI] Analysis complete: stage=?, candidates=0, reasoning=
[13:58:50] [Cycle] Done. Signals: 0
[13:59:38] [Cycle] Starting analysis cycle...
[13:59:39] [Cycle] Market: 高潮 | LU:112 LD:4
[13:59:40] [AI] Analysis complete: stage=?, candidates=0, reasoning=
[13:59:40] [Cycle] Done. Signals: 0
[13:59:50] [Cycle] Starting analysis cycle...
[13:59:51] [Cycle] Market: 高潮 | LU:112 LD:4
[13:59:51] [AI] Analysis complete: stage=?, candidates=0, reasoning=
[13:59:51] [Cycle] Done. Signals: 0
[14:00:40] [Cycle] Starting analysis cycle...
[14:00:41] [Cycle] Market: 高潮 | LU:113 LD:4
[14:00:43] [AI] Analysis complete: stage=?, candidates=0, reasoning=
[14:00:43] [Cycle] Done. Signals: 0
[14:00:51] [Cycle] Starting analysis cycle...
[14:00:52] [Cycle] Market: 高潮 | LU:112 LD:4
[14:00:52] [AI] Analysis complete: stage=?, candidates=0, reasoning=
[14:00:52] [Cycle] Done. Signals: 0
[14:01:43] [Cycle] Starting analysis cycle...
[14:01:44] [Cycle] Market: 高潮 | LU:110 LD:4
[14:01:44] [AI] Analysis complete: stage=?, candidates=0, reasoning=
[14:01:44] [Cycle] Done. Signals: 0
[14:01:52] [Cycle] Starting analysis cycle...
[14:01:53] [Cycle] Market: 高潮 | LU:110 LD:4
[14:01:53] [AI] Analysis complete: stage=?, candidates=0, reasoning=
[14:01:53] [Cycle] Done. Signals: 0
[14:02:44] [Cycle] Starting analysis cycle...
[14:02:45] [Cycle] Market: 高潮 | LU:107 LD:4
[14:02:47] [AI] Analysis complete: stage=?, candidates=0, reasoning=
[14:02:47] [Cycle] Done. Signals: 0
[14:02:53] [Cycle] Starting analysis cycle...
[14:02:54] [Cycle] Market: 高潮 | LU:108 LD:4
[14:03:00] [AI] Analysis complete: stage=?, candidates=0, reasoning=
[14:03:00] [Cycle] Done. Signals: 0
[14:03:47] [Cycle] Starting analysis cycle...
[14:03:48] [Cycle] Market: 高潮 | LU:108 LD:4
[14:03:48] [AI] Analysis complete: stage=?, candidates=0, reasoning=
[14:03:48] [Cycle] Done. Signals: 0
[14:04:00] [Cycle] Starting analysis cycle...
[14:04:01] [Cycle] Market: 高潮 | LU:108 LD:4
[14:04:01] [AI] Analysis complete: stage=?, candidates=0, reasoning=
[14:04:01] [Cycle] Done. Signals: 0
[14:04:48] [Cycle] Starting analysis cycle...
[14:04:49] [Cycle] Market: 高潮 | LU:107 LD:4
[14:04:50] [AI] Analysis complete: stage=?, candidates=0, reasoning=
[14:04:50] [Cycle] Done. Signals: 0
[14:05:01] [Cycle] Starting analysis cycle...
[14:05:02] [Cycle] Market: 高潮 | LU:106 LD:4
[14:05:39] [MainLoop] Started (interval=120s)
[14:05:39] [System] Analysis loop started.
[14:05:39] [Cycle] Starting analysis cycle...
[14:05:40] [Cycle] Market: 高潮 | LU:105 LD:3
[14:05:54] [AI] Analysis complete: stage=高潮, candidates=4, reasoning=市场处于情绪高潮期，涨停105只、上涨比80%，科创板/创业板领涨，新股N天海电子暴涨160%显示投
[14:06:23] [System] Analysis stopped.
[14:06:23] [MainLoop] Stopped.
[14:17:46] [System] Analysis loop started.
)
[14:17:46] [Cycle] Starting analysis cycle...
[14:17:47] [Cycle] Market: 高潮 | LU:111 LD:3
[14:18:00] [AI] Analysis complete: stage=高潮, candidates=5, reasoning=市场处于情绪高潮期，涨停111只、上涨比82%，科创板/创业板领涨，新股N天海电子暴涨160%，需警
[14:18:00] [Cycle] Done. Signals: 5
[14:20:00] [Cycle] Starting analysis cycle...
[14:20:02] [Cycle] Market: 高潮 | LU:111 LD:3
[14:20:18] [AI] Analysis complete: stage=高潮, candidates=4, reasoning=市场处于情绪高潮，涨停111只，上涨比82.3%，科创板/创业板领涨，资金极致抱团龙头，需警惕分化风
[14:20:18] [Cycle] Done. Signals: 4
[14:21:28] [System] Analysis stopped.
[14:21:29] [MainLoop] Stopped.
[14:25:56] [MainLoop] Started (interval=120s)
[14:25:56] [System] Analysis loop started.
[14:25:56] [Cycle] Starting analysis cycle...
[14:25:58] [Cycle] Market: 高潮 | LU:114 LD:3
[14:26:11] [AI] Analysis complete: stage=高潮, candidates=4, reasoning=市场全面爆发，科创板/创业板领涨，涨停114只情绪亢奋，龙头效应显著，但需警惕高潮次日分化风险
[14:26:11] [Cycle] Done. Signals: 4
[14:28:11] [Cycle] Starting analysis cycle...
[14:28:12] [Cycle] Market: 高潮 | LU:111 LD:3
[14:29:56] [AI] Analysis complete: stage=高潮, candidates=4, reasoning=情绪达高潮，资金聚焦双创龙头，需警惕次日分化，策略上聚焦核心去弱留强。
[14:29:56] [Cycle] Done. Signals: 4
[14:31:56] [Cycle] Starting analysis cycle...
[14:31:57] [Cycle] Market: 高潮 | LU:108 LD:3
[14:33:38] [AI] Analysis complete: stage=高潮, candidates=4, reasoning=情绪全面爆发，涨停破百赚钱效应极强。需警惕次日分化，聚焦核心龙头去弱留强。
[14:33:38] [Cycle] Done. Signals: 4
[14:35:38] [Cycle] Starting analysis cycle...
[14:35:39] [Cycle] Market: 高潮 | LU:112 LD:3
[14:37:09] [AI] Analysis complete: stage=高潮, candidates=4, reasoning=情绪全面爆发，涨停超百只，赚钱效应极强。但高潮次日易分化，需聚焦核心龙头，警惕后排跟风退潮风险。
[14:37:09] [Cycle] Done. Signals: 4
[14:39:09] [Cycle] Starting analysis cycle...
[14:39:10] [Cycle] Market: 高潮 | LU:109 LD:3
[14:39:23] [AI] Analysis complete: stage=高潮, candidates=4, reasoning=科创板/创业板爆发，涨停109家，情绪极致亢奋。高潮期只聚焦最强龙头，跟风股风险极大，明日分化预期强
[14:39:23] [Cycle] Done. Signals: 4
[14:40:38] [MainLoop] Started (interval=120s)
[14:40:38] [System] Analysis loop started.
[14:40:38] [Cycle] Starting analysis cycle...
[14:40:39] [Cycle] Market: 高潮 | LU:111 LD:3
[14:41:11] [AI] Analysis complete: stage=高潮, candidates=4, reasoning=市场情绪亢奋，涨停潮显现，但高潮期易现分化，需聚焦核心龙头规避跟风风险。
[14:41:11] [Cycle] Done. Signals: 4
[14:43:11] [Cycle] Starting analysis cycle...
[14:43:12] [Cycle] Market: 高潮 | LU:109 LD:3
[14:44:38] [AI] Analysis complete: stage=高潮, candidates=4, reasoning=情绪极度亢奋，百股涨停赚钱效应爆棚。高潮次日易分化，需聚焦核心龙头，警惕跟风股回落。
[14:44:39] [Cycle] Done. Signals: 4
[14:46:39] [Cycle] Starting analysis cycle...
[14:46:40] [Cycle] Market: 高潮 | LU:111 LD:3
[14:48:00] [AI] Analysis complete: stage=高潮, candidates=3, reasoning=情绪极度亢奋，涨停破百普涨。高潮次日易分化，需聚焦核心龙头，警惕后排跟风回落。
[14:48:01] [Cycle] Done. Signals: 3
[14:50:01] [Cycle] Starting analysis cycle...
[14:50:02] [Cycle] Market: 高潮 | LU:112 LD:3
[14:51:39] [AI] Analysis complete: stage=高潮, candidates=4, reasoning=情绪极度亢奋，百股涨停普涨，资金聚焦20cm龙头。高潮次日易分化，需去弱留强聚焦核心。
[14:51:39] [Cycle] Done. Signals: 4
[14:53:39] [Cycle] Starting analysis cycle...
[14:53:40] [Cycle] Market: 高潮 | LU:116 LD:3
[14:53:56] [AI] Analysis complete: stage=高潮, candidates=5, reasoning=科创板/创业板全面爆发，116涨停仅3跌停，情绪极致亢奋。高潮期只做最强龙头，后排跟风风险极大，需聚
[14:53:56] [Cycle] Done. Signals: 5
[14:55:57] [Cycle] Starting analysis cycle...
[14:55:58] [Cycle] Market: 高潮 | LU:118 LD:3
[14:57:40] [AI] Analysis complete: stage=高潮, candidates=4, reasoning=情绪极度亢奋，涨停潮涌现。高潮期易现次日分化，需聚焦核心龙头，警惕获利盘兑现，严控跟风。
[14:57:40] [Cycle] Done. Signals: 4
[14:59:40] [Cycle] Starting analysis cycle...
[14:59:41] [Cycle] Market: 高潮 | LU:120 LD:3
[15:01:24] [AI] Analysis complete: stage=高潮, candidates=5, reasoning=情绪极度亢奋，涨停潮涌现。高潮期警惕次日分化，聚焦核心龙头去弱留强。
[15:01:24] [Cycle] Done. Signals: 5
[15:03:24] [Cycle] Starting analysis cycle...
[15:03:25] [Cycle] Market: 高潮 | LU:119 LD:3
[15:04:54] [AI] Analysis complete: stage=高潮, candidates=3, reasoning=情绪极度亢奋，涨停潮涌现，资金聚焦科创与创业板。高潮期警惕次日分化，需去弱留强聚焦核心龙头。
[15:04:54] [Cycle] Done. Signals: 3
[15:06:54] [Cycle] Starting analysis cycle...
[15:06:55] [Cycle] Market: 高潮 | LU:119 LD:3
[15:07:15] [AI] Analysis complete: stage=高潮, candidates=4, reasoning=科创板/创业板领涨，情绪极致亢奋，119涨停仅3跌停，上涨比83.3%为典型高潮特征。次日大概率分化
[15:07:16] [Cycle] Done. Signals: 4
[15:09:16] [Cycle] Starting analysis cycle...
[15:09:16] [Cycle] Market: 高潮 | LU:119 LD:3
[15:10:35] [AI] Analysis complete: stage=高潮, candidates=4, reasoning=情绪极度亢奋，涨停破百，科创与创业板领涨。高潮次日易分化，需聚焦核心龙头，警惕获利盘兑现。
[15:10:35] [Cycle] Done. Signals: 4
[15:12:35] [Cycle] Starting analysis cycle...
[15:12:38] [Cycle] Market: 高潮 | LU:120 LD:3
[15:14:02] [AI] Analysis complete: stage=高潮, candidates=3, reasoning=情绪全面爆发，涨停破百，科创与创业板领涨。高潮期警惕次日分歧，聚焦核心龙头去弱留强。
[15:14:02] [Cycle] Done. Signals: 3
[15:16:02] [Cycle] Starting analysis cycle...
[15:16:03] [Cycle] Market: 高潮 | LU:120 LD:3
[15:16:23] [AI] Analysis complete: stage=高潮, candidates=5, reasoning=科创板领涨，情绪极度亢奋，120涨停仅3跌停，赚钱效应爆棚。高潮期只做最强龙头，后排跟风风险极大。
[15:16:23] [Cycle] Done. Signals: 5
[15:18:23] [Cycle] Starting analysis cycle...
[15:18:24] [Cycle] Market: 高潮 | LU:120 LD:3
[15:20:05] [AI] Analysis complete: stage=高潮, candidates=5, reasoning=情绪极度亢奋百股涨停，科创与创业板领涨。高潮期聚焦核心龙头，警惕次日分化去弱留强。
[15:20:05] [Cycle] Done. Signals: 5
[17:17:12] [Cycle] Starting analysis cycle...
[17:17:13] [Cycle] Market: 高潮 | LU:120 LD:3
[17:17:21] [Cycle] Done. Signals: 0
[17:17:31] [System] Analysis stopped.
[18:37:11] [系统] 正在启动双线程分析架构...
[18:37:11] [交易 AI] 线程已启动，间隔 90 秒 (优先级：高)。
[18:37:11] [研究 AI] 独立后台已启动，正在后台运行中... (等待触发节点)
[18:37:11] [系统] 双线程分析循环已启动 (交易 + 研究)。
[18:37:11] [交易 AI] 正在休市，等待开盘自动运行...
[18:38:11] [研究 AI] 开始执行深度分析...
[18:39:33] [研究 AI] 开始执行深度分析...
[18:40:39] [研究 AI] 开始执行深度分析...
[18:41:46] [研究 AI] 开始执行深度分析...
[18:42:53] [研究 AI] 开始执行深度分析...
[18:43:59] [研究 AI] 开始执行深度分析...
[18:45:06] [研究 AI] 开始执行深度分析...
[18:46:12] [研究 AI] 开始执行深度分析...
[18:47:18] [研究 AI] 开始执行深度分析...
[18:48:25] [研究 AI] 开始执行深度分析...
[18:49:34] [研究 AI] 开始执行深度分析...
[18:52:28] [系统] 正在启动双线程分析架构...
[18:52:28] [交易 AI] 线程已启动，间隔 90 秒 (优先级：高)。
[18:52:28] [研究 AI] 独立后台已启动，正在后台运行中... (等待触发节点)
[18:52:28] [系统] 双线程分析循环已启动 (交易 + 研究)。
[18:52:28] [交易 AI] 正在休市，等待开盘自动运行...
[08:40:31] [研究 AI] 触发节点 [早盘前预判]，开始调用进行工作...
[08:40:38] [研究 AI] [早盘前预判] 工作完成。提示: 建议先补充完整交易日志，包括买入理由、卖出理由、持仓周期、盈
[09:15:46] [AI] 持仓分析: 3 项
[09:15:46] [AI] 通源石油: 动作=HOLD, 逻辑=VALID
[09:15:46] [AI] 新天科技: 动作=HOLD, 逻辑=VALID
[09:15:46] [AI] 云从科技-UW: 动作=HOLD, 逻辑=VALID
[09:15:46] [AI] 原始候选信号: [{'symbol': '隆华科技', 'name': '隆华科技', 'score': 78, 'action': 'BUY', 'thesis': '创业板为当前唯一相对强势方向，个股作为板块龙头且未涨停，可小仓低吸博弈弱市中的资金抱团。'}]
[09:15:46] [AI] 信号: 隆华科技(隆华科技) 动作=BUY 评分=78.0
[09:15:46] [风控] 隆华科技 隆华科技 被拦截：无法获取价格（可能停牌或代码错误）
[09:15:46] [关注] 自动加入 隆华科技(隆华科技) 到观察池
[09:17:46] [AI] 持仓分析: 3 项
[09:17:46] [AI] 通源石油: 动作=SELL, 逻辑=BROKEN
[09:17:46] [AI] 逻辑破坏 通源石油，触发卖出
[09:17:46] [AI] 新天科技: 动作=SELL, 逻辑=BROKEN
[09:17:46] [AI] 逻辑破坏 新天科技，触发卖出
[09:17:46] [AI] 云从科技-UW: 动作=SELL, 逻辑=BROKEN
[09:17:46] [AI] 逻辑破坏 云从科技-UW，触发卖出
[09:17:46] [AI] 原始候选信号: [{'symbol': '隆华科技', 'name': '隆华科技', 'score': 82, 'action': 'BUY', 'thesis': '创业板强度最高且为当前龙头，低迷市里优先跟随相对强势标的，博弈短线延续。'}]
[09:17:46] [AI] 信号: 隆华科技(隆华科技) 动作=BUY 评分=82.0
[09:17:46] [风控] 隆华科技 隆华科技 被拦截：无法获取价格（可能停牌或代码错误）
[09:18:44] [AI] 持仓分析: 3 项
[09:18:44] [AI] 通源石油: 动作=HOLD, 逻辑=BROKEN
[09:18:44] [AI] 新天科技: 动作=HOLD, 逻辑=BROKEN
[09:18:44] [AI] 云从科技-UW: 动作=HOLD, 逻辑=VALID
[09:18:44] [AI] 原始候选信号: [{'symbol': '隆华科技', 'name': '隆华科技', 'score': 75, 'action': 'BUY', 'thesis': '创业板强度最高且个股为当前领涨标的，未涨停，可轻仓低吸博弈弱市中的相对强势。'}]
[09:18:44] [AI] 信号: 隆华科技(隆华科技) 动作=BUY 评分=75.0
[09:18:44] [风控] 隆华科技 隆华科技 被拦截：无法获取价格（可能停牌或代码错误）
[09:20:18] [AI] 持仓分析: 3 项
[09:20:18] [AI] 通源石油: 动作=HOLD, 逻辑=BROKEN
[09:20:18] [AI] 新天科技: 动作=HOLD, 逻辑=BROKEN
[09:20:18] [AI] 云从科技-UW: 动作=HOLD, 逻辑=BROKEN
[09:20:18] [AI] 原始候选信号: [{'symbol': '000858', 'name': '五粮液', 'score': 76, 'action': 'BUY', 'thesis': '消费板块当前相对最强，个股未涨停且具备防守属性，适合弱市小仓低吸观察。'}]
[09:20:18] [AI] 信号: 五粮液(sz000858) 动作=BUY 评分=76.0
[09:20:18] [风控] 拒绝 sz000858: [A级]单只超限：43% > 普通上限15%
[09:20:18] [风控] sz000858 五粮液 被拦截：[A级]单只超限：43% > 普通上限15%
[09:20:18] [关注] 自动加入 五粮液(sz000858) 到观察池
[09:21:42] [AI] 持仓分析: 3 项
[09:21:42] [AI] 通源石油: 动作=HOLD, 逻辑=VALID
[09:21:42] [AI] 新天科技: 动作=HOLD, 逻辑=VALID
[09:21:42] [AI] 云从科技-UW: 动作=HOLD, 逻辑=VALID
[09:21:42] [AI] 原始候选信号: [{'symbol': '000858', 'name': '五粮液', 'score': 78, 'action': 'BUY', 'thesis': '消费板块强度最高，龙头横盘抗跌，适合震荡偏空环境下低吸防守。'}, {'symbol': '601398', 'name': '工商银行', 'score': 75, 'action': 'BUY', 'thesis': '金融权重稳定，弱市中具备防守属性，可作为低波动避险配置。'}, {'symbol': '300263', 'name': '隆华科技', 'score': 73, 'action': 'BUY', 'thesis': '创业板方向仍有相对强度，个股小幅领涨但未涨停，可轻仓低吸博弈修复。'}]
[09:21:42] [AI] 信号: 五粮液(sz000858) 动作=BUY 评分=78.0
[09:21:42] [风控] 拒绝 sz000858: [A级]单只超限：43% > 普通上限15%
[09:21:42] [风控] sz000858 五粮液 被拦截：[A级]单只超限：43% > 普通上限15%
[09:21:42] [AI] 信号: 工商银行(sh601398) 动作=BUY 评分=75.0
[09:21:42] [交易] 买入 工商银行: 200股 @ 7.19
[09:21:42] [AI] 信号: 隆华科技(sz300263) 动作=BUY 评分=73.0
[09:21:42] [交易] 买入 隆华科技: 100股 @ 13.19
[09:23:14] [AI] 持仓分析: 5 项
[09:23:14] [AI] 通源石油: 动作=SELL, 逻辑=BROKEN
[09:23:14] [AI] 逻辑破坏 通源石油，触发卖出
[09:23:14] [AI] 新天科技: 动作=SELL, 逻辑=BROKEN
[09:23:14] [AI] 逻辑破坏 新天科技，触发卖出
[09:23:14] [AI] 云从科技-UW: 动作=SELL, 逻辑=BROKEN
[09:23:14] [AI] 逻辑破坏 云从科技-UW，触发卖出
[09:23:14] [AI] 工商银行: 动作=HOLD, 逻辑=VALID
[09:23:14] [AI] 隆华科技: 动作=HOLD, 逻辑=VALID
[09:23:14] [AI] 原始候选信号: [{'symbol': '五粮液', 'name': '五 粮 液', 'score': 78, 'action': 'BUY', 'thesis': '消费板块强度最高，个股作为消费龙头未涨停，适合震荡期低吸观察。'}, {'symbol': '隆华科技', 'name': '隆华科技', 'score': 76, 'action': 'BUY', 'thesis': '当前市场少数表现为正的龙头，若回踩不破承接位，可按龙头低吸思路参与。'}, {'symbol': '工商银行', 'name': '工商银行', 'score': 72, 'action': 'BUY', 'thesis': '金融属性偏防守，震荡偏空阶段可作为稳健低波动配置观察。'}]
[09:23:14] [AI] 信号: 五 粮 液(五粮液) 动作=BUY 评分=78.0
[09:23:14] [风控] 五粮液 五 粮 液 被拦截：无法获取价格（可能停牌或代码错误）
[09:23:14] [关注] 自动加入 五 粮 液(五粮液) 到观察池
[09:23:14] [AI] 信号: 隆华科技(隆华科技) 动作=BUY 评分=76.0
[09:23:14] [风控] 隆华科技 隆华科技 被拦截：无法获取价格（可能停牌或代码错误）
[09:23:14] [AI] 信号: 工商银行(工商银行) 动作=BUY 评分=72.0
[09:23:14] [风控] 工商银行 工商银行 被拦截：无法获取价格（可能停牌或代码错误）
[09:23:14] [关注] 自动加入 工商银行(工商银行) 到观察池
[09:24:49] [AI] 持仓分析: 5 项
[09:24:49] [AI] 通源石油: 动作=SELL, 逻辑=BROKEN
[09:24:49] [AI] 逻辑破坏 通源石油，触发卖出
[09:24:49] [AI] 新天科技: 动作=SELL, 逻辑=BROKEN
[09:24:49] [AI] 逻辑破坏 新天科技，触发卖出
[09:24:49] [AI] 云从科技-UW: 动作=SELL, 逻辑=BROKEN
[09:24:49] [AI] 逻辑破坏 云从科技-UW，触发卖出
[09:24:49] [AI] 工商银行: 动作=HOLD, 逻辑=VALID
[09:24:49] [AI] 隆华科技: 动作=HOLD, 逻辑=VALID
[09:24:49] [AI] 原始候选信号: [{'symbol': '000858', 'name': '五粮液', 'score': 78, 'action': 'BUY', 'thesis': '消费板块强度最高，个股作为核心龙头抗跌，适合震荡期低吸。'}, {'symbol': '300263', 'name': '隆华科技', 'score': 76, 'action': 'BUY', 'thesis': '创业板方向相对活跃，个股仍保持龙头地位，若不冲高可低吸。'}, {'symbol': '601398', 'name': '工商银行', 'score': 73, 'action': 'BUY', 'thesis': '市场偏弱时具备防守属性，适合作为低波动避险配置。'}]
[09:24:49] [AI] 信号: 五粮液(sz000858) 动作=BUY 评分=78.0
[09:24:49] [风控] 拒绝 sz000858: [A级]单只超限：43% > 普通上限15%
[09:24:49] [风控] sz000858 五粮液 被拦截：[A级]单只超限：43% > 普通上限15%
[09:24:49] [AI] 信号: 隆华科技(sz300263) 动作=BUY 评分=76.0
[09:24:49] [交易] sz300263 资金不足
[09:24:49] [风控] sz300263 隆华科技 被拦截：资金不足
[09:24:49] [关注] 自动加入 隆华科技(sz300263) 到观察池
[09:24:49] [AI] 信号: 工商银行(sh601398) 动作=BUY 评分=73.0
[09:24:49] [交易] 买入 工商银行: 100股 @ 7.19
[09:26:04] [系统] 分析循环已停止。
[09:26:32] [系统] 正在启动双线程分析架构...
[09:26:32] [交易 AI] 线程已启动，间隔 90 秒 (优先级：高)。
[09:26:32] [研究 AI] 独立后台已启动，正在后台运行中... (等待触发节点)
[09:26:32] [系统] 双线程分析循环已启动 (交易 + 研究)。
[09:26:45] [AI] 持仓分析: 5 项
[09:26:45] [AI] 通源石油: 动作=HOLD, 逻辑=VALID
[09:26:45] [AI] 新天科技: 动作=HOLD, 逻辑=VALID
[09:26:45] [AI] 云从科技-UW: 动作=HOLD, 逻辑=VALID
[09:26:45] [AI] 工商银行: 动作=HOLD, 逻辑=VALID
[09:26:45] [AI] 隆华科技: 动作=HOLD, 逻辑=VALID
[09:26:45] [AI] 原始候选信号: [{'symbol': '300657', 'name': '弘信电子', 'score': 78, 'action': 'BUY', 'thesis': '创业板方向强势且未按20cm涨停处理，若回踩承接良好可低吸参与。'}]
[09:26:45] [AI] 信号: 弘信电子(sz300657) 动作=BUY 评分=78.0
[09:26:45] [风控] 拒绝 sz300657: [A级]单只超限：26% > 普通上限15%
[09:26:45] [风控] sz300657 弘信电子 被拦截：[A级]单只超限：26% > 普通上限15%
[09:26:45] [关注] 自动加入 弘信电子(sz300657) 到观察池
[09:26:47] [系统] 分析循环已停止。
[09:27:18] [系统] 正在启动双线程分析架构...
[09:27:18] [交易 AI] 线程已启动，间隔 90 秒 (优先级：高)。
[09:27:18] [研究 AI] 独立后台已启动，正在后台运行中... (等待触发节点)
[09:27:18] [系统] 双线程分析循环已启动 (交易 + 研究)。
[09:27:38] [AI] 持仓分析: 5 项
[09:27:38] [AI] 300164: 动作=HOLD, 逻辑=VALID
[09:27:38] [AI] 300259: 动作=HOLD, 逻辑=VALID
[09:27:38] [AI] 688327: 动作=HOLD, 逻辑=VALID
[09:27:38] [AI] 601398: 动作=HOLD, 逻辑=VALID
[09:27:38] [AI] 300263: 动作=HOLD, 逻辑=VALID
[09:27:38] [AI] 原始候选信号: [{'symbol': '300263', 'name': '隆华科技', 'score': 78, 'action': 'BUY', 'thesis': '创业板方向强度靠前，若盘中回踩承接良好可低吸，不追高。'}, {'symbol': '688327', 'name': '云从科技-UW', 'score': 76, 'action': 'BUY', 'thesis': '科技成长方向具备轮动弹性，适合震荡偏多环境下低吸博弈。'}, {'symbol': '300259', 'name': '新天科技', 'score': 75, 'action': 'BUY', 'thesis': '当前未涨停且位置可控，若量能温和放大可作为低吸备选。'}]
[09:27:38] [AI] 信号: 隆华科技(sz300263) 动作=BUY 评分=78.0
[09:27:38] [交易] sz300263 资金不足
[09:27:38] [风控] sz300263 隆华科技 被拦截：资金不足
[09:27:38] [AI] 信号: 云从科技-UW(sh688327) 动作=BUY 评分=76.0
[09:27:38] [交易] sh688327 资金不足
[09:27:38] [风控] sh688327 云从科技-UW 被拦截：资金不足
[09:27:38] [关注] 自动加入 云从科技-UW(sh688327) 到观察池
[09:27:38] [AI] 信号: 新天科技(sz300259) 动作=BUY 评分=75.0
[09:27:38] [交易] 买入 新天科技: 100股 @ 6.32
[09:30:48] [AI] 错误: JSON 解析失败
[09:31:05] [AI] 持仓分析: 5 项
[09:31:05] [AI] 通源石油: 动作=SELL, 逻辑=BROKEN
[09:31:05] [AI] 逻辑破坏 通源石油，触发卖出
[09:31:05] [AI] 新天科技: 动作=HOLD, 逻辑=VALID
[09:31:05] [AI] 云从科技-UW: 动作=HOLD, 逻辑=VALID
[09:31:05] [AI] 工商银行: 动作=HOLD, 逻辑=VALID
[09:31:05] [AI] 隆华科技: 动作=HOLD, 逻辑=VALID
[09:31:05] [AI] 原始候选信号: [{'symbol': '688182', 'name': '灿勤科技', 'score': 82, 'action': 'BUY', 'thesis': '日内强势龙头之一，涨幅未到科创板涨停，符合震荡偏多环境下围绕核心低吸的思路。'}, {'symbol': '300657', 'name': '弘信电子', 'score': 80, 'action': 'BUY', 'thesis': 'AI/算力方向活跃且个股强势，未涨停，适合等待分时回踩承接后参与。'}, {'symbol': '688327', 'name': '云从科技-UW', 'score': 76, 'action': 'BUY', 'thesis': 'AI板块强度靠前，个股具备辨识度，若不追高可作为主线低吸候选。'}]
[09:31:05] [AI] 信号: 灿勤科技(sh688182) 动作=BUY 评分=82.0
[09:31:05] [风控] 拒绝 sh688182: [A级]单只超限：25% > 普通上限15%
[09:31:05] [风控] sh688182 灿勤科技 被拦截：[A级]单只超限：25% > 普通上限15%
[09:31:05] [关注] 自动加入 灿勤科技(sh688182) 到观察池
[09:31:05] [AI] 信号: 弘信电子(sz300657) 动作=BUY 评分=80.0
[09:31:05] [风控] 拒绝 sz300657: [A级]单只超限：29% > 普通上限15%
[09:31:05] [风控] sz300657 弘信电子 被拦截：[A级]单只超限：29% > 普通上限15%
[09:31:05] [AI] 信号: 云从科技-UW(sh688327) 动作=BUY 评分=76.0
[09:31:05] [交易] sh688327 资金不足
[09:31:05] [风控] sh688327 云从科技-UW 被拦截：资金不足
[09:32:40] [AI] 持仓分析: 5 项
[09:32:40] [AI] 300164: 动作=HOLD, 逻辑=VALID
[09:32:40] [AI] 300259: 动作=HOLD, 逻辑=VALID
[09:32:40] [AI] 688327: 动作=HOLD, 逻辑=VALID
[09:32:40] [AI] 601398: 动作=HOLD, 逻辑=VALID
[09:32:40] [AI] 300263: 动作=HOLD, 逻辑=VALID
[09:32:40] [AI] 原始候选信号: [{'symbol': '688507', 'name': '索辰科技', 'score': 82, 'action': 'BUY', 'thesis': 'AI方向核心强势股，未涨停，若盘中回踩承接强可低吸博弈延续。'}, {'symbol': '300657', 'name': '弘信电子', 'score': 79, 'action': 'BUY', 'thesis': 'AI硬件与算力相关方向弹性较强，当前强度靠前，适合分歧低吸不追高。'}]
[09:32:40] [AI] 信号: 索辰科技(sh688507) 动作=BUY 评分=82.0
[09:32:40] [风控] 拒绝 sh688507: [A级]单只超限：89% > 普通上限15%
[09:32:40] [风控] sh688507 索辰科技 被拦截：[A级]单只超限：89% > 普通上限15%
[09:32:40] [关注] 自动加入 索辰科技(sh688507) 到观察池
[09:32:40] [AI] 信号: 弘信电子(sz300657) 动作=BUY 评分=79.0
[09:32:40] [风控] 拒绝 sz300657: [A级]单只超限：29% > 普通上限15%
[09:32:40] [风控] sz300657 弘信电子 被拦截：[A级]单只超限：29% > 普通上限15%
[09:35:50] [AI] 错误: JSON 解析失败
[09:36:09] [AI] 持仓分析: 5 项
[09:36:09] [AI] 通源石油: 动作=SELL, 逻辑=BROKEN
[09:36:09] [AI] 逻辑破坏 通源石油，触发卖出
[09:36:09] [AI] 新天科技: 动作=HOLD, 逻辑=VALID
[09:36:09] [AI] 云从科技-UW: 动作=HOLD, 逻辑=VALID
[09:36:09] [AI] 工商银行: 动作=HOLD, 逻辑=BROKEN
[09:36:09] [AI] 隆华科技: 动作=HOLD, 逻辑=VALID
[09:36:09] [AI] 原始候选信号: [{'symbol': '弘信电子', 'name': '弘信电子', 'score': 82, 'action': 'BUY', 'thesis': '创业板强势核心，涨幅接近20cm但未明确涨停，若分时回落承接强可低吸。'}, {'symbol': '索辰科技', 'name': '索辰科技', 'score': 78, 'action': 'BUY', 'thesis': '科技方向强势龙头之一，震荡偏多环境下可等待回踩均线低吸。'}, {'symbol': '新天科技', 'name': '新天科技', 'score': 75, 'action': 'BUY', 'thesis': '电力板块强度居前，若盘中放量突破且未涨停，可作为板块低吸补强标的。'}]
[09:36:09] [AI] 信号: 弘信电子(弘信电子) 动作=BUY 评分=82.0
[09:36:09] [风控] 弘信电子 弘信电子 被拦截：无法获取价格（可能停牌或代码错误）
[09:36:09] [关注] 自动加入 弘信电子(弘信电子) 到观察池
[09:36:09] [AI] 信号: 索辰科技(索辰科技) 动作=BUY 评分=78.0
[09:36:09] [风控] 索辰科技 索辰科技 被拦截：无法获取价格（可能停牌或代码错误）
[09:36:09] [关注] 自动加入 索辰科技(索辰科技) 到观察池
[09:36:09] [AI] 信号: 新天科技(新天科技) 动作=BUY 评分=75.0
[09:36:09] [风控] 新天科技 新天科技 被拦截：无法获取价格（可能停牌或代码错误）
[09:36:09] [关注] 自动加入 新天科技(新天科技) 到观察池
[09:37:41] [AI] 持仓分析: 5 项
[09:37:41] [AI] 300164: 动作=SELL, 逻辑=BROKEN
[09:37:41] [AI] 逻辑破坏 300164，触发卖出
[09:37:41] [交易] 卖出 通源石油: 100股 @ 13.07, 盈亏=-58.00
[09:37:41] [AI] 300259: 动作=HOLD, 逻辑=VALID
[09:37:41] [AI] 688327: 动作=HOLD, 逻辑=VALID
[09:37:41] [AI] 601398: 动作=HOLD, 逻辑=BROKEN
[09:37:41] [AI] 300263: 动作=HOLD, 逻辑=VALID
[09:37:41] [AI] 原始候选信号: [{'symbol': '300657', 'name': '弘信电子', 'score': 88, 'action': 'BUY', 'thesis': '科创和AI硬件方向前排强势股，涨幅未达涨停，情绪升温阶段可围绕龙头做跟随。'}, {'symbol': '688507', 'name': '索辰科技', 'score': 82, 'action': 'BUY', 'thesis': '科创板强势方向核心标的之一，资金攻击性较强，适合升温期关注前排承接机会。'}]
[09:37:41] [AI] 信号: 弘信电子(sz300657) 动作=BUY 评分=88.0
[09:37:41] [风控] 拒绝 sz300657: [A级]单只超限：31% > 普通上限15%
[09:37:41] [风控] sz300657 弘信电子 被拦截：[A级]单只超限：31% > 普通上限15%
[09:37:41] [AI] 信号: 索辰科技(sh688507) 动作=BUY 评分=82.0
[09:37:41] [风控] 拒绝 sh688507: [A级]单只超限：87% > 普通上限15%
[09:37:41] [风控] sh688507 索辰科技 被拦截：[A级]单只超限：87% > 普通上限15%
[09:39:08] [AI] 持仓分析: 4 项
[09:39:08] [AI] 300259: 动作=HOLD, 逻辑=VALID
[09:39:08] [AI] 688327: 动作=HOLD, 逻辑=VALID
[09:39:08] [AI] 601398: 动作=HOLD, 逻辑=VALID
[09:39:08] [AI] 300263: 动作=HOLD, 逻辑=VALID
[09:39:08] [AI] 原始候选信号: [{'symbol': '688507', 'name': '索辰科技', 'score': 82, 'action': 'BUY', 'thesis': '科创板强度靠前且个股涨幅强于市场但未涨停，符合升温期做强势龙头分歧机会。'}, {'symbol': '688327', 'name': '云从科技-UW', 'score': 76, 'action': 'BUY', 'thesis': '科创板与AI方向情绪较强，若盘中放量承接良好可顺势低吸。'}]
[09:39:08] [AI] 信号: 索辰科技(sh688507) 动作=BUY 评分=82.0
[09:39:08] [风控] 拒绝 sh688507: [A级]单只超限：87% > 普通上限15%
[09:39:08] [风控] sh688507 索辰科技 被拦截：[A级]单只超限：87% > 普通上限15%
[09:39:08] [AI] 信号: 云从科技-UW(sh688327) 动作=BUY 评分=76.0
[09:39:08] [交易] sh688327 资金不足
[09:39:08] [风控] sh688327 云从科技-UW 被拦截：资金不足
[09:42:21] [AI] 错误: JSON 解析失败
[09:44:23] [AI] 错误: JSON 解析失败
[09:46:26] [AI] 错误: JSON 解析失败
[09:46:47] [AI] 持仓分析: 4 项
[09:46:47] [AI] 新天科技: 动作=HOLD, 逻辑=VALID
[09:46:47] [AI] 云从科技-UW: 动作=HOLD, 逻辑=VALID
[09:46:47] [AI] 工商银行: 动作=HOLD, 逻辑=BROKEN
[09:46:47] [AI] 隆华科技: 动作=HOLD, 逻辑=VALID
[09:46:47] [AI] 原始候选信号: [{'symbol': '云从科技-UW', 'name': '云从科技-UW', 'score': 78, 'action': 'BUY', 'thesis': 'AI主线升温，未显示涨停，可作为主线方向低吸或小仓加仓，避免追高。'}, {'symbol': '隆华科技', 'name': '隆华科技', 'score': 75, 'action': 'BUY', 'thesis': '创业板强度靠前，市场升温利于弹性品种表现，适合回踩承接时低吸。'}]
[09:46:47] [AI] 信号: 云从科技-UW(云从科技-UW) 动作=BUY 评分=78.0
[09:46:47] [风控] 云从科技-UW 云从科技-UW 被拦截：无法获取价格（可能停牌或代码错误）
[09:46:47] [关注] 自动加入 云从科技-UW(云从科技-UW) 到观察池
[09:46:47] [AI] 信号: 隆华科技(隆华科技) 动作=BUY 评分=75.0
[09:46:47] [风控] 隆华科技 隆华科技 被拦截：无法获取价格（可能停牌或代码错误）
[09:47:31] [系统] 正在启动双线程分析架构...
[09:47:31] [交易 AI] 线程已启动，间隔 90 秒 (优先级：高)。
[09:47:31] [研究 AI] 独立后台已启动，正在后台运行中... (等待触发节点)
[09:47:31] [系统] 双线程分析循环已启动 (交易 + 研究)。
[09:47:47] [AI] 持仓分析: 4 项
[09:47:47] [AI] 300259: 动作=HOLD, 逻辑=VALID
[09:47:47] [AI] 688327: 动作=HOLD, 逻辑=VALID
[09:47:47] [AI] 601398: 动作=HOLD, 逻辑=VALID
[09:47:47] [AI] 300263: 动作=HOLD, 逻辑=VALID
[09:47:47] [AI] 原始候选信号: []
[09:49:14] [AI] 持仓分析: 4 项
[09:49:14] [AI] 新天科技: 动作=HOLD, 逻辑=VALID
[09:49:14] [AI] 云从科技-UW: 动作=HOLD, 逻辑=VALID
[09:49:14] [AI] 工商银行: 动作=HOLD, 逻辑=BROKEN
[09:49:14] [AI] 隆华科技: 动作=HOLD, 逻辑=VALID
[09:49:14] [AI] 原始候选信号: []
[09:50:48] [AI] 持仓分析: 4 项
[09:50:48] [AI] 新天科技: 动作=HOLD, 逻辑=VALID
[09:50:48] [AI] 云从科技-UW: 动作=HOLD, 逻辑=VALID
[09:50:48] [AI] 工商银行: 动作=HOLD, 逻辑=BROKEN
[09:50:48] [AI] 隆华科技: 动作=HOLD, 逻辑=VALID
[09:50:48] [AI] 原始候选信号: [{'symbol': '云从科技-UW', 'name': '云从科技-UW', 'score': 82, 'action': 'BUY', 'thesis': 'AI/人工智能板块处于强势区，个股未涨停且具备主线辨识度，适合顺势跟踪。'}, {'symbol': '隆华科技', 'name': '隆华科技', 'score': 78, 'action': 'BUY', 'thesis': '创业板方向强度较高，市场升温阶段资金偏好弹性标的，未涨停可关注分歧低吸。'}, {'symbol': '新天科技', 'name': '新天科技', 'score': 75, 'action': 'BUY', 'thesis': '市场普涨且其他板块强度最高，若盘中承接良好可作为轮动补涨方向关注。'}]
[09:50:48] [AI] 信号: 云从科技-UW(云从科技-UW) 动作=BUY 评分=82.0
[09:50:48] [风控] 云从科技-UW 云从科技-UW 被拦截：无法获取价格（可能停牌或代码错误）
[09:50:48] [AI] 信号: 隆华科技(隆华科技) 动作=BUY 评分=78.0
[09:50:48] [风控] 隆华科技 隆华科技 被拦截：无法获取价格（可能停牌或代码错误）
[09:50:48] [AI] 信号: 新天科技(新天科技) 动作=BUY 评分=75.0
[09:50:48] [风控] 新天科技 新天科技 被拦截：无法获取价格（可能停牌或代码错误）
[09:50:51] [系统] 分析循环已停止。
[10:00:30] [手动] 分析 大盘...
[10:00:43] [AI] 持仓分析: 4 项
[10:00:43] [AI] 新天科技: 动作=HOLD, 逻辑=VALID
[10:00:43] [AI] 云从科技-UW: 动作=HOLD, 逻辑=VALID
[10:00:43] [AI] 工商银行: 动作=HOLD, 逻辑=VALID
[10:00:43] [AI] 隆华科技: 动作=HOLD, 逻辑=VALID
[10:00:43] [AI] 原始候选信号: []
[10:13:32] [手动] 分析 大盘...
[10:13:47] [AI] 持仓分析: 4 项
[10:13:47] [AI] 300259: 动作=HOLD, 逻辑=VALID
[10:13:47] [AI] 688327: 动作=HOLD, 逻辑=VALID
[10:13:47] [AI] 601398: 动作=HOLD, 逻辑=VALID
[10:13:47] [AI] 300263: 动作=HOLD, 逻辑=VALID
[10:13:47] [AI] 原始候选信号: [{'symbol': '688507', 'name': '索辰科技', 'score': 82, 'action': 'BUY', 'thesis': '创业板及科技方向升温，个股涨幅强但未涨停，具备龙头跟随和短线延续博弈价值。'}]
[10:13:47] [AI] 信号: 索辰科技(sh688507) 动作=BUY 评分=82.0
[10:13:47] [风控] 拒绝 sh688507: [A级]单只超限：72% > 普通上限15%
[10:13:47] [风控] sh688507 索辰科技 被拦截：[A级]单只超限：72% > 普通上限15%
[10:13:47] [关注] 自动加入 索辰科技(sh688507) 到观察池
[10:32:01] [系统] 正在启动双线程分析架构...
[10:32:01] [交易 AI] 线程已启动，间隔 90 秒 (优先级：高)。
[10:32:01] [研究 AI] 独立后台已启动，正在后台运行中... (等待触发节点)
[10:32:01] [系统] 双线程分析循环已启动 (交易 + 研究)。
[10:34:02] [AI] 错误: JSON 解析失败
[10:34:12] [系统] 分析循环已停止。
[10:34:18] [AI] 持仓分析: 4 项
[10:34:18] [AI] 新天科技: 动作=HOLD, 逻辑=VALID
[10:34:18] [AI] 云从科技-UW: 动作=HOLD, 逻辑=VALID
[10:34:18] [AI] 工商银行: 动作=HOLD, 逻辑=VALID
[10:34:18] [AI] 隆华科技: 动作=HOLD, 逻辑=VALID
[10:34:18] [AI] 原始候选信号: [{'symbol': '688507', 'name': '索辰科技', 'score': 82, 'action': 'BUY', 'thesis': '科创板强势方向核心高标之一，涨幅11.5%未涨停，符合升温期做龙头的策略。'}, {'symbol': '688327', 'name': '云从科技-UW', 'score': 78, 'action': 'BUY', 'thesis': '科创板与AI方向共振，若放量突破可顺势加仓，适合情绪升温阶段参与强势股。'}, {'symbol': '300263', 'name': '隆华科技', 'score': 75, 'action': 'BUY', 'thesis': '创业板强度靠前，若盘中承接稳定并放量上攻，可作为创业板方向补涨参与。'}]
[10:34:18] [AI] 信号: 索辰科技(sh688507) 动作=BUY 评分=82.0
[10:34:18] [风控] 拒绝 sh688507: [A级]单只超限：72% > 普通上限15%
[10:34:18] [风控] sh688507 索辰科技 被拦截：[A级]单只超限：72% > 普通上限15%
[10:34:18] [AI] 信号: 云从科技-UW(sh688327) 动作=BUY 评分=78.0
[10:34:18] [交易] sh688327 资金不足
[10:34:18] [风控] sh688327 云从科技-UW 被拦截：资金不足
[10:34:18] [关注] 自动加入 云从科技-UW(sh688327) 到观察池
[10:34:18] [AI] 信号: 隆华科技(sz300263) 动作=BUY 评分=75.0
[10:34:18] [交易] sz300263 资金不足
[10:34:18] [风控] sz300263 隆华科技 被拦截：资金不足
[10:34:18] [关注] 自动加入 隆华科技(sz300263) 到观察池
[11:17:54] [系统] 正在启动双线程分析架构...
[11:17:54] [交易 AI] 线程已启动，间隔 90 秒 (优先级：高)。
[11:17:54] [研究 AI] 独立后台已启动，正在后台运行中... (等待触发节点)
[11:17:54] [系统] 双线程分析循环已启动 (交易 + 研究)。
[11:18:37] [AI] 持仓分析: 4 项
[11:18:37] [AI] 新天科技: 动作=SELL, 逻辑=BROKEN
[11:18:37] [AI] 逻辑破坏 新天科技，触发卖出
[11:18:37] [AI] 云从科技-UW: 动作=HOLD, 逻辑=VALID
[11:18:37] [AI] 工商银行: 动作=HOLD, 逻辑=BROKEN
[11:18:37] [AI] 隆华科技: 动作=HOLD, 逻辑=BROKEN
[11:18:37] [AI] 原始候选信号: [{'symbol': '索辰科技', 'name': '索辰科技', 'score': 88, 'action': 'BUY', 'thesis': '科创板强势延续，且未处于涨停封死状态，符合升温期追随强势主线的短线逻辑'}]
[11:18:37] [AI] 信号: 索辰科技(索辰科技) 动作=BUY 评分=88.0
[11:18:37] [风控] 索辰科技 索辰科技 被拦截：无法获取价格（可能停牌或代码错误）
[11:18:37] [关注] 自动加入 索辰科技(索辰科技) 到观察池
[11:18:58] [系统] 分析循环已停止。
[11:22:51] [系统] 正在启动双线程分析架构...
[11:22:51] [交易 AI] 线程已启动，间隔 90 秒 (优先级：高)。
[11:22:51] [系统] 双线程分析循环已启动 (交易 + 研究)。
[11:22:51] [研究 AI] 独立后台已启动，正在后台运行中... (等待触发节点)
[11:23:08] [AI] 持仓分析: 4 项
[11:23:08] [AI] 新天科技: 动作=HOLD, 逻辑=VALID
[11:23:08] [AI] 云从科技-UW: 动作=HOLD, 逻辑=VALID
[11:23:08] [AI] 工商银行: 动作=HOLD, 逻辑=VALID
[11:23:08] [AI] 隆华科技: 动作=HOLD, 逻辑=VALID
[11:23:08] [AI] 原始候选信号: [{'symbol': '索辰科技', 'name': '索辰科技', 'score': 82, 'action': 'BUY', 'thesis': '科创板强度靠前，个股涨幅未达涨停，具备前排辨识度，可关注分歧低吸机会。'}, {'symbol': '天山电子', 'name': '天山电子', 'score': 79, 'action': 'BUY', 'thesis': '强势股中涨幅高但未涨停，情绪升温期具备资金继续抱团的可能，适合回踩承接时介入。'}, {'symbol': '电力前排', 'name': '电力板块前排非涨停股', 'score': 76, 'action': 'BUY', 'thesis': '电力板块强度最高，优先选择未涨停且量价健康的前排标的，符合升温期做强势方向。'}]
[11:23:08] [AI] 信号: 索辰科技(索辰科技) 动作=BUY 评分=82.0
[11:23:08] [风控] 索辰科技 索辰科技 被拦截：无法获取价格（可能停牌或代码错误）
[11:23:08] [AI] 信号: 天山电子(天山电子) 动作=BUY 评分=79.0
[11:23:08] [风控] 天山电子 天山电子 被拦截：无法获取价格（可能停牌或代码错误）
[11:23:08] [关注] 自动加入 天山电子(天山电子) 到观察池
[11:23:08] [AI] 信号: 电力板块前排非涨停股(电力前排) 动作=BUY 评分=76.0
[11:23:08] [风控] 电力前排 电力板块前排非涨停股 被拦截：无法获取价格（可能停牌或代码错误）
[11:23:08] [关注] 自动加入 电力板块前排非涨停股(电力前排) 到观察池
[11:24:37] [系统] 分析循环已停止。
[11:24:49] [AI] 持仓分析: 4 项
[11:24:49] [AI] 300259: 动作=HOLD, 逻辑=VALID
[11:24:49] [AI] 688327: 动作=HOLD, 逻辑=VALID
[11:24:49] [AI] 601398: 动作=HOLD, 逻辑=VALID
[11:24:49] [AI] 300263: 动作=HOLD, 逻辑=VALID
[11:24:49] [AI] 原始候选信号: [{'symbol': '688507', 'name': '索辰科技', 'score': 82, 'action': 'BUY', 'thesis': '科创板强度领先且个股涨幅未达涨停，若分时回踩承接良好，可作为升温期核心弹性标的关注。'}, {'symbol': '301379', 'name': '天山电子', 'score': 78, 'action': 'BUY', 'thesis': '电子方向人气较强且未涨停，适合只在回落不破均线、量能健康时低吸参与。'}]
[11:24:49] [AI] 信号: 索辰科技(sh688507) 动作=BUY 评分=82.0
[11:24:49] [风控] 拒绝 sh688507: [A级]单只超限：72% > 普通上限15%
[11:24:49] [风控] sh688507 索辰科技 被拦截：[A级]单只超限：72% > 普通上限15%
[11:24:49] [AI] 信号: 天山电子(sz301379) 动作=BUY 评分=78.0
[11:24:49] [风控] 拒绝 sz301379: [A级]单只超限：18% > 普通上限15%
[11:24:49] [风控] sz301379 天山电子 被拦截：[A级]单只超限：18% > 普通上限15%
[11:24:49] [关注] 自动加入 天山电子(sz301379) 到观察池
[11:30:42] [系统] 正在启动双线程分析架构...
[11:30:42] [交易 AI] 线程已启动，间隔 90 秒 (优先级：高)。
[11:30:42] [研究 AI] 独立后台已启动，正在后台运行中... (等待触发节点)
[11:30:42] [系统] 双线程分析循环已启动 (交易 + 研究)。
[11:30:58] [AI] 持仓分析: 4 项
[11:30:58] [AI] sz300259: 动作=HOLD, 逻辑=VALID
[11:30:58] [AI] sh688327: 动作=HOLD, 逻辑=VALID
[11:30:58] [AI] sh601398: 动作=HOLD, 逻辑=VALID
[11:30:58] [AI] sz300263: 动作=HOLD, 逻辑=VALID
[11:30:58] [AI] 原始候选信号: [{'symbol': 'sh688507', 'name': '索辰科技', 'score': 82, 'action': 'BUY', 'thesis': '科创板强度居前，个股涨幅未达涨停，具备主线前排继续走强的博弈价值。'}, {'symbol': 'sz301379', 'name': '天山电子', 'score': 78, 'action': 'BUY', 'thesis': '处于强势股梯队，涨幅高但未涨停，适合短线关注分歧后的承接机会。'}]
[11:30:58] [AI] 信号: 索辰科技(sh688507) 动作=BUY 评分=82.0
[11:30:58] [风控] 拒绝 sh688507: [A级]单只超限：71% > 普通上限15%
[11:30:58] [风控] sh688507 索辰科技 被拦截：[A级]单只超限：71% > 普通上限15%
[11:30:58] [AI] 信号: 天山电子(sz301379) 动作=BUY 评分=78.0
[11:30:58] [风控] 拒绝 sz301379: [A级]单只超限：18% > 普通上限15%
[11:30:58] [风控] sz301379 天山电子 被拦截：[A级]单只超限：18% > 普通上限15%
[11:32:11] [交易 AI] 正在休市，等待开盘自动运行...
[11:35:42] [研究 AI] 触发节点 [上午盘后复盘]，开始调用进行工作...
[11:35:48] [研究 AI] [上午盘后复盘] 工作完成。提示: 建议先建立完整交易日志，记录买入理由、卖出理由、持仓周期、盈
[12:10:36] [系统] 正在启动双线程分析架构...
[12:10:36] [交易 AI] 线程已启动，间隔 90 秒 (优先级：高)。
[12:10:36] [研究 AI] 独立后台已启动，正在后台运行中... (等待触发节点)
[12:10:36] [系统] 双线程分析循环已启动 (交易 + 研究)。
[12:10:36] [交易 AI] 正在休市，等待开盘自动运行...
[12:30:36] [研究 AI] 触发节点 [下午盘前策略]，开始调用进行工作...
[12:30:55] [研究 AI] [下午盘前策略] 工作完成。提示: 当前空仓状态总体偏防守，建议继续等待市场主线、成交量和赚钱效
[12:30:55] [研究 AI] 今日复盘日记已成功写入数据库。
[13:00:53] [AI] 持仓分析: 4 项
[13:00:53] [AI] sz300259: 动作=SELL, 逻辑=BROKEN
[13:00:53] [AI] 逻辑破坏 sz300259，触发卖出
[13:00:53] [交易] 卖出 新天科技: 400股 @ 6.4, 盈亏=+68.00
[13:00:53] [AI] sh688327: 动作=HOLD, 逻辑=VALID
[13:00:53] [AI] sh601398: 动作=HOLD, 逻辑=VALID
[13:00:53] [AI] sz300263: 动作=HOLD, 逻辑=VALID
[13:00:53] [AI] 原始候选信号: [{'symbol': 'sh688507', 'name': '索辰科技', 'score': 86, 'action': 'BUY', 'thesis': '科创板强度最高且个股大涨未涨停，具备继续承接龙头溢价的短线机会。'}, {'symbol': 'sz301379', 'name': '天山电子', 'score': 82, 'action': 'BUY', 'thesis': '涨幅靠前但未涨停，处于强势情绪扩散阶段，适合轻仓跟随。'}]
[13:00:53] [AI] 信号: 索辰科技(sh688507) 动作=BUY 评分=86.0
[13:00:53] [风控] 拒绝 sh688507: [A级]单只超限：72% > 普通上限15%
[13:00:53] [风控] sh688507 索辰科技 被拦截：[A级]单只超限：72% > 普通上限15%
[13:00:53] [AI] 信号: 天山电子(sz301379) 动作=BUY 评分=82.0
[13:00:53] [风控] 拒绝 sz301379: [A级]单只超限：18% > 普通上限15%
[13:00:53] [风控] sz301379 天山电子 被拦截：[A级]单只超限：18% > 普通上限15%
[13:02:21] [AI] 持仓分析: 3 项
[13:02:21] [AI] sh688327: 动作=HOLD, 逻辑=VALID
[13:02:21] [AI] sh601398: 动作=HOLD, 逻辑=VALID
[13:02:21] [AI] sz300263: 动作=HOLD, 逻辑=VALID
[13:02:21] [AI] 原始候选信号: [{'symbol': 'sh688507', 'name': '索辰科技', 'score': 82, 'action': 'BUY', 'thesis': '科创板强度居前，个股大涨但未涨停，属于主线前排，可关注分歧低吸机会。'}, {'symbol': 'sz301379', 'name': '天山电子', 'score': 78, 'action': 'BUY', 'thesis': '创业板弹性品种，涨幅靠前且未封涨停，适合在高景气短线环境中等待回落承接。'}]
[13:02:21] [AI] 信号: 索辰科技(sh688507) 动作=BUY 评分=82.0
[13:02:21] [风控] 拒绝 sh688507: [A级]单只超限：72% > 普通上限15%
[13:02:21] [风控] sh688507 索辰科技 被拦截：[A级]单只超限：72% > 普通上限15%
[13:02:21] [AI] 信号: 天山电子(sz301379) 动作=BUY 评分=78.0
[13:02:21] [风控] 拒绝 sz301379: [A级]单只超限：18% > 普通上限15%
[13:02:21] [风控] sz301379 天山电子 被拦截：[A级]单只超限：18% > 普通上限15%
[13:03:52] [AI] 持仓分析: 3 项
[13:03:52] [AI] sh688327: 动作=HOLD, 逻辑=VALID
[13:03:52] [AI] sh601398: 动作=HOLD, 逻辑=BROKEN
[13:03:52] [AI] sz300263: 动作=HOLD, 逻辑=VALID
[13:03:52] [AI] 原始候选信号: [{'symbol': 'sh688507', 'name': '索辰科技', 'score': 82, 'action': 'BUY', 'thesis': '科创板强度居前，个股涨幅高但未涨停，具备主线核心跟随与情绪延续机会。'}, {'symbol': 'sz301379', 'name': '天山电子', 'score': 78, 'action': 'BUY', 'thesis': '创业板高弹性标的，涨幅强但未封涨停，适合在情绪升温阶段关注分歧低吸。'}]
[13:03:52] [AI] 信号: 索辰科技(sh688507) 动作=BUY 评分=82.0
[13:03:52] [风控] 拒绝 sh688507: [A级]单只超限：72% > 普通上限15%
[13:03:52] [风控] sh688507 索辰科技 被拦截：[A级]单只超限：72% > 普通上限15%
[13:03:52] [AI] 信号: 天山电子(sz301379) 动作=BUY 评分=78.0
[13:03:52] [风控] 拒绝 sz301379: [A级]单只超限：18% > 普通上限15%
[13:03:52] [风控] sz301379 天山电子 被拦截：[A级]单只超限：18% > 普通上限15%
[13:05:21] [AI] 持仓分析: 3 项
[13:05:21] [AI] sh688327: 动作=HOLD, 逻辑=VALID
[13:05:21] [AI] sh601398: 动作=HOLD, 逻辑=BROKEN
[13:05:21] [AI] sz300263: 动作=HOLD, 逻辑=VALID
[13:05:21] [AI] 原始候选信号: [{'symbol': 'sh688507', 'name': '索辰科技', 'score': 82, 'action': 'BUY', 'thesis': '科创板强势主线内的高辨识度标的，未涨停，可作为龙头补涨方向关注。'}, {'symbol': 'sz301379', 'name': '天山电子', 'score': 78, 'action': 'BUY', 'thesis': '盘面升温且个股涨幅靠前，未涨停，若分时承接稳定可短线参与。'}]
[13:05:21] [AI] 信号: 索辰科技(sh688507) 动作=BUY 评分=82.0
[13:05:21] [风控] 拒绝 sh688507: [A级]单只超限：72% > 普通上限15%
[13:05:21] [风控] sh688507 索辰科技 被拦截：[A级]单只超限：72% > 普通上限15%
[13:05:21] [AI] 信号: 天山电子(sz301379) 动作=BUY 评分=78.0
[13:05:21] [风控] 拒绝 sz301379: [A级]单只超限：18% > 普通上限15%
[13:05:21] [风控] sz301379 天山电子 被拦截：[A级]单只超限：18% > 普通上限15%
[13:06:48] [AI] 持仓分析: 3 项
[13:06:48] [AI] sh688327: 动作=HOLD, 逻辑=VALID
[13:06:48] [AI] sh601398: 动作=HOLD, 逻辑=VALID
[13:06:48] [AI] sz300263: 动作=HOLD, 逻辑=VALID
[13:06:48] [AI] 原始候选信号: [{'symbol': 'sh688507', 'name': '索辰科技', 'score': 84, 'action': 'BUY', 'thesis': '科创板强度76，个股涨幅12.2%未涨停，具备龙头跟随和趋势加速预期。'}, {'symbol': 'sz301379', 'name': '天山电子', 'score': 81, 'action': 'BUY', 'thesis': '个股涨幅17.1%但未触及20%涨停，短线辨识度高，适合情绪升温期博弈强者恒强。'}]
[13:06:48] [AI] 信号: 索辰科技(sh688507) 动作=BUY 评分=84.0
[13:06:48] [风控] 拒绝 sh688507: [A级]单只超限：72% > 普通上限15%
[13:06:48] [风控] sh688507 索辰科技 被拦截：[A级]单只超限：72% > 普通上限15%
[13:06:48] [AI] 信号: 天山电子(sz301379) 动作=BUY 评分=81.0
[13:06:48] [风控] 拒绝 sz301379: [A级]单只超限：18% > 普通上限15%
[13:06:48] [风控] sz301379 天山电子 被拦截：[A级]单只超限：18% > 普通上限15%
[13:08:16] [AI] 持仓分析: 3 项
[13:08:16] [AI] sh688327: 动作=HOLD, 逻辑=VALID
[13:08:16] [AI] sh601398: 动作=HOLD, 逻辑=VALID
[13:08:16] [AI] sz300263: 动作=HOLD, 逻辑=VALID
[13:08:16] [AI] 原始候选信号: [{'symbol': 'sh688507', 'name': '索辰科技', 'score': 82, 'action': 'BUY', 'thesis': '科创板强度高，个股作为板块核心之一涨幅强但未涨停，可关注分歧低吸机会。'}, {'symbol': 'sz301379', 'name': '天山电子', 'score': 79, 'action': 'BUY', 'thesis': '市场升温期高弹性方向活跃，个股强势但未涨停，适合只在回落承接良好时参与。'}]
[13:08:16] [AI] 信号: 索辰科技(sh688507) 动作=BUY 评分=82.0
[13:08:16] [风控] 拒绝 sh688507: [A级]单只超限：72% > 普通上限15%
[13:08:16] [风控] sh688507 索辰科技 被拦截：[A级]单只超限：72% > 普通上限15%
[13:08:16] [AI] 信号: 天山电子(sz301379) 动作=BUY 评分=79.0
[13:08:16] [风控] 拒绝 sz301379: [A级]单只超限：18% > 普通上限15%
[13:08:16] [风控] sz301379 天山电子 被拦截：[A级]单只超限：18% > 普通上限15%
[13:09:46] [AI] 持仓分析: 3 项
[13:09:46] [AI] sh688327: 动作=HOLD, 逻辑=VALID
[13:09:46] [AI] sh601398: 动作=HOLD, 逻辑=VALID
[13:09:46] [AI] sz300263: 动作=HOLD, 逻辑=VALID
[13:09:46] [AI] 原始候选信号: [{'symbol': 'sh688507', 'name': '索辰科技', 'score': 82, 'action': 'BUY', 'thesis': '科创板强势，个股涨幅未达涨停，具备龙头分歧低吸博弈价值。'}, {'symbol': 'sz301379', 'name': '天山电子', 'score': 78, 'action': 'BUY', 'thesis': '创业板弹性较强，当前未涨停，可作为强势股换手延续观察标的。'}]
[13:09:46] [AI] 信号: 索辰科技(sh688507) 动作=BUY 评分=82.0
[13:09:46] [风控] 拒绝 sh688507: [A级]单只超限：73% > 普通上限15%
[13:09:46] [风控] sh688507 索辰科技 被拦截：[A级]单只超限：73% > 普通上限15%
[13:09:46] [AI] 信号: 天山电子(sz301379) 动作=BUY 评分=78.0
[13:09:46] [风控] 拒绝 sz301379: [A级]单只超限：18% > 普通上限15%
[13:09:46] [风控] sz301379 天山电子 被拦截：[A级]单只超限：18% > 普通上限15%
[13:11:17] [AI] 持仓分析: 3 项
[13:11:17] [AI] sh688327: 动作=HOLD, 逻辑=VALID
[13:11:17] [AI] sh601398: 动作=HOLD, 逻辑=VALID
[13:11:17] [AI] sz300263: 动作=HOLD, 逻辑=VALID
[13:11:17] [AI] 原始候选信号: [{'symbol': 'sh688507', 'name': '索辰科技', 'score': 82, 'action': 'BUY', 'thesis': '科创板方向强势，个股涨幅高但未涨停，若分时承接稳定可关注龙头补涨机会。'}, {'symbol': 'sz301379', 'name': '天山电子', 'score': 78, 'action': 'BUY', 'thesis': '创业板弹性品种，市场升温阶段资金偏好高辨识度强势股，未涨停可低吸参与。'}]
[13:11:17] [AI] 信号: 索辰科技(sh688507) 动作=BUY 评分=82.0
[13:11:17] [风控] 拒绝 sh688507: [A级]单只超限：72% > 普通上限15%
[13:11:17] [风控] sh688507 索辰科技 被拦截：[A级]单只超限：72% > 普通上限15%
[13:11:17] [AI] 信号: 天山电子(sz301379) 动作=BUY 评分=78.0
[13:11:17] [风控] 拒绝 sz301379: [A级]单只超限：18% > 普通上限15%
[13:11:17] [风控] sz301379 天山电子 被拦截：[A级]单只超限：18% > 普通上限15%
[13:12:47] [AI] 持仓分析: 3 项
[13:12:47] [AI] sh688327: 动作=HOLD, 逻辑=VALID
[13:12:47] [AI] sh601398: 动作=HOLD, 逻辑=VALID
[13:12:47] [AI] sz300263: 动作=HOLD, 逻辑=VALID
[13:12:47] [AI] 原始候选信号: [{'symbol': 'sh688507', 'name': '索辰科技', 'score': 86, 'action': 'BUY', 'thesis': '科创板强势方向核心标的，涨幅未达涨停，适合情绪升温期关注龙头延续。'}, {'symbol': 'sz301379', 'name': '天山电子', 'score': 82, 'action': 'BUY', 'thesis': '创业板方向高辨识度强势股，未封涨停，若分时承接良好可跟随。'}, {'symbol': 'sz301162', 'name': '国能日新', 'score': 78, 'action': 'BUY', 'thesis': '电力板块强度居前，叠加创业板弹性，适合围绕主线做短线强势低吸。'}]
[13:12:47] [AI] 信号: 索辰科技(sh688507) 动作=BUY 评分=86.0
[13:12:47] [风控] 拒绝 sh688507: [A级]单只超限：73% > 普通上限15%
[13:12:47] [风控] sh688507 索辰科技 被拦截：[A级]单只超限：73% > 普通上限15%
[13:12:47] [AI] 信号: 天山电子(sz301379) 动作=BUY 评分=82.0
[13:12:47] [风控] 拒绝 sz301379: [A级]单只超限：18% > 普通上限15%
[13:12:47] [风控] sz301379 天山电子 被拦截：[A级]单只超限：18% > 普通上限15%
[13:12:47] [AI] 信号: 国能日新(sz301162) 动作=BUY 评分=78.0
[13:12:48] [交易] 获取到池外股票 sz301162 价格: 51.47
[13:12:48] [风控] 拒绝 sz301162: [A级]单只超限：26% > 普通上限15%
[13:12:48] [风控] sz301162 国能日新 被拦截：[A级]单只超限：26% > 普通上限15%
[13:12:48] [关注] 自动加入 国能日新(sz301162) 到观察池
[13:14:16] [AI] 持仓分析: 3 项
[13:14:16] [AI] sh688327: 动作=HOLD, 逻辑=VALID
[13:14:16] [AI] sh601398: 动作=HOLD, 逻辑=VALID
[13:14:16] [AI] sz300263: 动作=HOLD, 逻辑=VALID
[13:14:16] [AI] 原始候选信号: [{'symbol': 'sh688507', 'name': '索辰科技', 'score': 82, 'action': 'BUY', 'thesis': '科创板强度高，个股涨幅强但未涨停，符合升温阶段追随核心强势股逻辑。'}, {'symbol': 'sz301379', 'name': '天山电子', 'score': 78, 'action': 'BUY', 'thesis': '强势股表现突出，若盘中未封涨停且承接良好，可作为高弹性短线候选。'}]
[13:14:16] [AI] 信号: 索辰科技(sh688507) 动作=BUY 评分=82.0
[13:14:16] [风控] 拒绝 sh688507: [A级]单只超限：73% > 普通上限15%
[13:14:16] [风控] sh688507 索辰科技 被拦截：[A级]单只超限：73% > 普通上限15%
[13:14:16] [AI] 信号: 天山电子(sz301379) 动作=BUY 评分=78.0
[13:14:16] [风控] 拒绝 sz301379: [A级]单只超限：19% > 普通上限15%
[13:14:16] [风控] sz301379 天山电子 被拦截：[A级]单只超限：19% > 普通上限15%
[13:15:48] [AI] 持仓分析: 3 项
[13:15:48] [AI] sh688327: 动作=HOLD, 逻辑=VALID
[13:15:48] [AI] sh601398: 动作=HOLD, 逻辑=VALID
[13:15:48] [AI] sz300263: 动作=HOLD, 逻辑=VALID
[13:15:48] [AI] 原始候选信号: [{'symbol': 'sh688507', 'name': '索辰科技', 'score': 82, 'action': 'BUY', 'thesis': '科创板强势核心之一，涨幅未达涨停，适合在高潮期围绕龙头做跟随。'}, {'symbol': 'sz301379', 'name': '天山电子', 'score': 78, 'action': 'BUY', 'thesis': '创业板高辨识度强势股，板块强度高，若未封涨停可作为短线强者博弈标的。'}, {'symbol': 'sh600021', 'name': '上海电力', 'score': 75, 'action': 'BUY', 'thesis': '电力板块强度居前，适合选择板块内趋势承接较好的标的低吸或分时转强介入。'}]
[13:15:48] [AI] 信号: 索辰科技(sh688507) 动作=BUY 评分=82.0
[13:15:48] [风控] 拒绝 sh688507: [A级]单只超限：73% > 普通上限15%
[13:15:48] [风控] sh688507 索辰科技 被拦截：[A级]单只超限：73% > 普通上限15%
[13:15:48] [AI] 信号: 天山电子(sz301379) 动作=BUY 评分=78.0
[13:15:48] [风控] 拒绝 sz301379: [A级]单只超限：19% > 普通上限15%
[13:15:48] [风控] sz301379 天山电子 被拦截：[A级]单只超限：19% > 普通上限15%
[13:15:48] [AI] 信号: 上海电力(sh600021) 动作=BUY 评分=75.0
[13:15:48] [交易] sh600021 资金不足
[13:15:48] [风控] sh600021 上海电力 被拦截：资金不足
[13:15:48] [关注] 自动加入 上海电力(sh600021) 到观察池
[13:17:16] [AI] 持仓分析: 3 项
[13:17:16] [AI] sh688327: 动作=HOLD, 逻辑=VALID
[13:17:16] [AI] sh601398: 动作=HOLD, 逻辑=BROKEN
[13:17:16] [AI] sz300263: 动作=HOLD, 逻辑=VALID
[13:17:16] [AI] 原始候选信号: [{'symbol': 'sh688507', 'name': '索辰科技', 'score': 86, 'action': 'BUY', 'thesis': '科创板强势主线内的辨识度品种，涨幅未达涨停，适合情绪升温阶段跟随龙头分歧介入。'}, {'symbol': 'sz301379', 'name': '天山电子', 'score': 80, 'action': 'BUY', 'thesis': '创业板方向强势，个股接近龙头表现但未封涨停，若盘中分歧承接强可参与短线。'}]
[13:17:16] [AI] 信号: 索辰科技(sh688507) 动作=BUY 评分=86.0
[13:17:16] [风控] 拒绝 sh688507: [A级]单只超限：73% > 普通上限15%
[13:17:16] [风控] sh688507 索辰科技 被拦截：[A级]单只超限：73% > 普通上限15%
[13:17:16] [AI] 信号: 天山电子(sz301379) 动作=BUY 评分=80.0
[13:17:16] [风控] 拒绝 sz301379: [A级]单只超限：19% > 普通上限15%
[13:17:16] [风控] sz301379 天山电子 被拦截：[A级]单只超限：19% > 普通上限15%
[13:18:45] [AI] 持仓分析: 3 项
[13:18:45] [AI] sh688327: 动作=HOLD, 逻辑=VALID
[13:18:45] [AI] sh601398: 动作=HOLD, 逻辑=VALID
[13:18:45] [AI] sz300263: 动作=HOLD, 逻辑=VALID
[13:18:45] [AI] 原始候选信号: [{'symbol': 'sh688507', 'name': '索辰科技', 'score': 82, 'action': 'BUY', 'thesis': '科创板强度靠前，个股涨幅未达涨停，具备龙头分歧转一致的短线博弈价值。'}, {'symbol': 'sz301379', 'name': '天山电子', 'score': 78, 'action': 'BUY', 'thesis': '高弹性创业板个股涨幅接近前排但未涨停，若回踩承接强可低吸参与。'}]
[13:18:45] [AI] 信号: 索辰科技(sh688507) 动作=BUY 评分=82.0
[13:18:45] [风控] 拒绝 sh688507: [A级]单只超限：73% > 普通上限15%
[13:18:45] [风控] sh688507 索辰科技 被拦截：[A级]单只超限：73% > 普通上限15%
[13:18:45] [AI] 信号: 天山电子(sz301379) 动作=BUY 评分=78.0
[13:18:45] [风控] 拒绝 sz301379: [A级]单只超限：19% > 普通上限15%
[13:18:45] [风控] sz301379 天山电子 被拦截：[A级]单只超限：19% > 普通上限15%
[13:20:20] [AI] 持仓分析: 3 项
[13:20:20] [AI] sh688327: 动作=HOLD, 逻辑=VALID
[13:20:20] [AI] sh601398: 动作=HOLD, 逻辑=BROKEN
[13:20:20] [AI] sz300263: 动作=HOLD, 逻辑=VALID
[13:20:20] [AI] 原始候选信号: [{'symbol': 'sh688507', 'name': '索辰科技', 'score': 86, 'action': 'BUY', 'thesis': '科创板强势方向核心弹性标的，涨幅未达涨停，适合在分时回踩承接时关注。'}, {'symbol': 'sh600021', 'name': '上海电力', 'score': 78, 'action': 'BUY', 'thesis': '电力板块强度居前，适合作为主线内低吸备选，优先等待放量突破或回踩确认。'}, {'symbol': 'sz000875', 'name': '吉电股份', 'score': 75, 'action': 'BUY', 'thesis': '电力主线扩散阶段具备补涨预期，若盘中承接强且未涨停可轻仓试错。'}]
[13:20:20] [AI] 信号: 索辰科技(sh688507) 动作=BUY 评分=86.0
[13:20:20] [风控] 拒绝 sh688507: [A级]单只超限：72% > 普通上限15%
[13:20:20] [风控] sh688507 索辰科技 被拦截：[A级]单只超限：72% > 普通上限15%
[13:20:20] [AI] 信号: 上海电力(sh600021) 动作=BUY 评分=78.0
[13:20:20] [交易] sh600021 资金不足
[13:20:20] [风控] sh600021 上海电力 被拦截：资金不足
[13:20:20] [AI] 信号: 吉电股份(sz000875) 动作=BUY 评分=75.0
[13:20:20] [交易] 获取到池外股票 sz000875 价格: 6.89
[13:20:20] [交易] 买入 电投绿能: 200股 @ 6.89
[13:21:48] [AI] 持仓分析: 4 项
[13:21:48] [AI] sh688327: 动作=HOLD, 逻辑=VALID
[13:21:48] [AI] sh601398: 动作=HOLD, 逻辑=BROKEN
[13:21:48] [AI] sz300263: 动作=HOLD, 逻辑=VALID
[13:21:48] [AI] sz000958: 动作=HOLD, 逻辑=VALID
[13:21:48] [AI] 原始候选信号: [{'symbol': 'sh688507', 'name': '索辰科技', 'score': 83, 'action': 'BUY', 'thesis': '科创板强势分支核心个股，未涨停且承接较强，适合短线跟随主线。'}]
[13:21:48] [AI] 信号: 索辰科技(sh688507) 动作=BUY 评分=83.0
[13:21:48] [风控] 拒绝 sh688507: [A级]单只超限：73% > 普通上限15%
[13:21:48] [风控] sh688507 索辰科技 被拦截：[A级]单只超限：73% > 普通上限15%
[13:23:17] [AI] 持仓分析: 4 项
[13:23:17] [AI] sh688327: 动作=HOLD, 逻辑=VALID
[13:23:17] [AI] sh601398: 动作=HOLD, 逻辑=VALID
[13:23:17] [AI] sz300263: 动作=HOLD, 逻辑=VALID
[13:23:17] [AI] sz000958: 动作=HOLD, 逻辑=VALID
[13:23:17] [AI] 原始候选信号: [{'symbol': 'sh688507', 'name': '索辰科技', 'score': 86, 'action': 'BUY', 'thesis': '科创板强势方向核心标的，未涨停，适合高潮期围绕龙头做跟随。'}]
[13:23:17] [AI] 信号: 索辰科技(sh688507) 动作=BUY 评分=86.0
[13:23:17] [风控] 拒绝 sh688507: [A级]单只超限：72% > 普通上限15%
[13:23:17] [风控] sh688507 索辰科技 被拦截：[A级]单只超限：72% > 普通上限15%
[13:24:47] [AI] 持仓分析: 4 项
[13:24:47] [AI] sh688327: 动作=HOLD, 逻辑=VALID
[13:24:47] [AI] sh601398: 动作=HOLD, 逻辑=VALID
[13:24:47] [AI] sz300263: 动作=HOLD, 逻辑=VALID
[13:24:47] [AI] sz002128: 动作=HOLD, 逻辑=VALID
[13:24:47] [AI] 原始候选信号: [{'symbol': 'sh688507', 'name': '索辰科技', 'score': 82, 'action': 'BUY', 'thesis': '科创板强度高，个股作为当前核心高辨识度标的之一且未涨停，适合高潮期围绕龙头参与。'}]
[13:24:47] [AI] 信号: 索辰科技(sh688507) 动作=BUY 评分=82.0
[13:24:47] [风控] 拒绝 sh688507: [A级]单只超限：72% > 普通上限15%
[13:24:47] [风控] sh688507 索辰科技 被拦截：[A级]单只超限：72% > 普通上限15%
[13:26:23] [AI] 持仓分析: 4 项
[13:26:23] [AI] sh688327: 动作=HOLD, 逻辑=VALID
[13:26:23] [AI] sh601398: 动作=HOLD, 逻辑=BROKEN
[13:26:23] [AI] sz300263: 动作=HOLD, 逻辑=VALID
[13:26:23] [AI] sz000537: 动作=HOLD, 逻辑=VALID
[13:26:23] [AI] 原始候选信号: [{'symbol': 'sh688507', 'name': '索辰科技', 'score': 88, 'action': 'BUY', 'thesis': '科创板强势方向核心股，涨幅未封涨停，具备继续跟随资金做强的条件。'}, {'symbol': 'sz301379', 'name': '天山电子', 'score': 82, 'action': 'BUY', 'thesis': '当前市场高弹性龙头之一，情绪升温期可关注分歧低吸机会，但不追涨停。'}]
[13:26:23] [AI] 信号: 索辰科技(sh688507) 动作=BUY 评分=88.0
[13:26:23] [风控] 拒绝 sh688507: [A级]单只超限：72% > 普通上限15%
[13:26:23] [风控] sh688507 索辰科技 被拦截：[A级]单只超限：72% > 普通上限15%
[13:26:23] [AI] 信号: 天山电子(sz301379) 动作=BUY 评分=82.0
[13:26:23] [风控] 拒绝 sz301379: [A级]单只超限：19% > 普通上限15%
[13:26:23] [风控] sz301379 天山电子 被拦截：[A级]单只超限：19% > 普通上限15%
[13:27:45] [AI] 持仓分析: 4 项
[13:27:45] [AI] sh688327: 动作=HOLD, 逻辑=VALID
[13:27:45] [AI] sh601398: 动作=HOLD, 逻辑=BROKEN
[13:27:45] [AI] sz300263: 动作=HOLD, 逻辑=VALID
[13:27:45] [AI] sz002128: 动作=HOLD, 逻辑=VALID
[13:27:45] [AI] 原始候选信号: [{'symbol': 'sh688507', 'name': '索辰科技', 'score': 82, 'action': 'BUY', 'thesis': '科创板强势方向前排，涨幅未达20cm涨停，具备继续领涨的短线博弈价值。'}, {'symbol': 'sz301379', 'name': '天山电子', 'score': 80, 'action': 'BUY', 'thesis': '电子方向强势前排，接近龙头梯队但未涨停，适合分歧低吸而非追高。'}]
[13:27:45] [AI] 信号: 索辰科技(sh688507) 动作=BUY 评分=82.0
[13:27:45] [风控] 拒绝 sh688507: [A级]单只超限：72% > 普通上限15%
[13:27:45] [风控] sh688507 索辰科技 被拦截：[A级]单只超限：72% > 普通上限15%
[13:27:45] [AI] 信号: 天山电子(sz301379) 动作=BUY 评分=80.0
[13:27:45] [风控] 拒绝 sz301379: [A级]单只超限：19% > 普通上限15%
[13:27:45] [风控] sz301379 天山电子 被拦截：[A级]单只超限：19% > 普通上限15%
[13:29:15] [AI] 持仓分析: 4 项
[13:29:15] [AI] sh688327: 动作=HOLD, 逻辑=VALID
[13:29:15] [AI] sh601398: 动作=HOLD, 逻辑=BROKEN
[13:29:15] [AI] sz300263: 动作=HOLD, 逻辑=VALID
[13:29:15] [AI] sz000537: 动作=HOLD, 逻辑=VALID
[13:29:15] [AI] 原始候选信号: [{'symbol': 'sh688507', 'name': '索辰科技', 'score': 82, 'action': 'BUY', 'thesis': '科创板强势且个股为当前龙头梯队，未涨停，适合高潮期围绕核心做跟随。'}]
[13:29:15] [AI] 信号: 索辰科技(sh688507) 动作=BUY 评分=82.0
[13:29:15] [风控] 拒绝 sh688507: [A级]单只超限：72% > 普通上限15%
[13:29:15] [风控] sh688507 索辰科技 被拦截：[A级]单只超限：72% > 普通上限15%
[13:30:47] [AI] 持仓分析: 4 项
[13:30:47] [AI] sh688327: 动作=HOLD, 逻辑=VALID
[13:30:47] [AI] sh601398: 动作=HOLD, 逻辑=BROKEN
[13:30:47] [AI] sz300263: 动作=HOLD, 逻辑=VALID
[13:30:47] [AI] sz002128: 动作=HOLD, 逻辑=VALID
[13:30:47] [AI] 原始候选信号: [{'symbol': 'sh688507', 'name': '索辰科技', 'score': 86, 'action': 'BUY', 'thesis': '科创板强度高且个股大涨但未涨停，具备主线核心辨识度，适合分歧低吸而非追高。'}, {'symbol': 'sh600795', 'name': '国电电力', 'score': 78, 'action': 'BUY', 'thesis': '电力板块强度第一，低位大容量标的有补涨与承接优势，适合主线延续时跟随。'}, {'symbol': 'sh600025', 'name': '华能水电', 'score': 75, 'action': 'BUY', 'thesis': '电力主线升温，水电方向具备防守与趋势属性，适合作为不追涨停的稳健低吸选择。'}]
[13:30:47] [AI] 信号: 索辰科技(sh688507) 动作=BUY 评分=86.0
[13:30:47] [风控] 拒绝 sh688507: [A级]单只超限：72% > 普通上限15%
[13:30:47] [风控] sh688507 索辰科技 被拦截：[A级]单只超限：72% > 普通上限15%
[13:30:47] [AI] 信号: 国电电力(sh600795) 动作=BUY 评分=78.0
[13:30:47] [交易] 获取到池外股票 sh600795 价格: 5.1
[13:30:47] [交易] 买入 国电电力: 200股 @ 5.1
[13:30:47] [AI] 信号: 华能水电(sh600025) 动作=BUY 评分=75.0
[13:30:48] [交易] 获取到池外股票 sh600025 价格: 9.84
[13:30:48] [交易] 买入 华能水电: 100股 @ 9.84
[13:32:19] [AI] 持仓分析: 6 项
[13:32:19] [AI] sh688327: 动作=HOLD, 逻辑=VALID
[13:32:19] [AI] sh601398: 动作=HOLD, 逻辑=VALID
[13:32:19] [AI] sz300263: 动作=HOLD, 逻辑=VALID
[13:32:19] [AI] sz002128: 动作=HOLD, 逻辑=VALID
[13:32:19] [AI] sh600795: 动作=HOLD, 逻辑=VALID
[13:32:19] [AI] sh600025: 动作=HOLD, 逻辑=VALID
[13:32:19] [AI] 原始候选信号: [{'symbol': 'sz300283', 'name': '温州宏丰', 'score': 82, 'action': 'BUY', 'thesis': '电力相关方向强势，个股涨幅高但未涨停，若分时承接强可作为龙头弹性标的参与。'}, {'symbol': 'sh688507', 'name': '索辰科技', 'score': 80, 'action': 'BUY', 'thesis': '科创板强度高，个股为板块前排且未涨停，适合短线顺势低吸或回踩确认后参与。'}]
[13:32:19] [AI] 信号: 温州宏丰(sz300283) 动作=BUY 评分=82.0
[13:32:19] [交易] sz300283 资金不足
[13:32:19] [风控] sz300283 温州宏丰 被拦截：资金不足
[13:32:19] [关注] 自动加入 温州宏丰(sz300283) 到观察池
[13:32:19] [AI] 信号: 索辰科技(sh688507) 动作=BUY 评分=80.0
[13:32:19] [风控] 拒绝 sh688507: [A级]单只超限：72% > 普通上限15%
[13:32:19] [风控] sh688507 索辰科技 被拦截：[A级]单只超限：72% > 普通上限15%
[13:33:45] [AI] 持仓分析: 6 项
[13:33:45] [AI] sh688327: 动作=HOLD, 逻辑=VALID
[13:33:45] [AI] sh601398: 动作=HOLD, 逻辑=VALID
[13:33:45] [AI] sz300263: 动作=HOLD, 逻辑=VALID
[13:33:45] [AI] sz002128: 动作=HOLD, 逻辑=VALID
[13:33:45] [AI] sh600795: 动作=HOLD, 逻辑=VALID
[13:33:45] [AI] sh600025: 动作=HOLD, 逻辑=VALID
[13:33:45] [AI] 原始候选信号: [{'symbol': 'sz300283', 'name': '温州宏丰', 'score': 82, 'action': 'BUY', 'thesis': '强势龙头之一且未涨停，若分时回踩承接强，可作为短线龙头低吸标的。'}, {'symbol': 'sh688507', 'name': '索辰科技', 'score': 80, 'action': 'BUY', 'thesis': '科创板强度高且个股领涨未封涨停，符合升温期做核心弹性标的。'}]
[13:33:45] [AI] 信号: 温州宏丰(sz300283) 动作=BUY 评分=82.0
[13:33:45] [交易] sz300283 资金不足
[13:33:45] [风控] sz300283 温州宏丰 被拦截：资金不足
[13:33:45] [AI] 信号: 索辰科技(sh688507) 动作=BUY 评分=80.0
[13:33:45] [风控] 拒绝 sh688507: [A级]单只超限：72% > 普通上限15%
[13:33:45] [风控] sh688507 索辰科技 被拦截：[A级]单只超限：72% > 普通上限15%
[13:35:13] [AI] 持仓分析: 6 项
[13:35:13] [AI] sh688327: 动作=HOLD, 逻辑=VALID
[13:35:13] [AI] sh601398: 动作=HOLD, 逻辑=BROKEN
[13:35:13] [AI] sz300263: 动作=HOLD, 逻辑=VALID
[13:35:13] [AI] sz002128: 动作=HOLD, 逻辑=VALID
[13:35:13] [AI] sh600795: 动作=HOLD, 逻辑=VALID
[13:35:13] [AI] sh600025: 动作=HOLD, 逻辑=VALID
[13:35:13] [AI] 原始候选信号: [{'symbol': 'sh688507', 'name': '索辰科技', 'score': 82, 'action': 'BUY', 'thesis': '科创板强度高，个股为板块核心强势股之一，未涨停仍有换手参与空间。'}]
[13:35:13] [AI] 信号: 索辰科技(sh688507) 动作=BUY 评分=82.0
[13:35:13] [风控] 拒绝 sh688507: [A级]单只超限：73% > 普通上限15%
[13:35:13] [风控] sh688507 索辰科技 被拦截：[A级]单只超限：73% > 普通上限15%
[13:36:42] [AI] 持仓分析: 6 项
[13:36:42] [AI] sh688327: 动作=HOLD, 逻辑=VALID
[13:36:42] [AI] sh601398: 动作=HOLD, 逻辑=VALID
[13:36:42] [AI] sz300263: 动作=HOLD, 逻辑=VALID
[13:36:42] [AI] sz002128: 动作=HOLD, 逻辑=VALID
[13:36:42] [AI] sh600795: 动作=HOLD, 逻辑=VALID
[13:36:42] [AI] sh600025: 动作=HOLD, 逻辑=VALID
[13:36:42] [AI] 原始候选信号: [{'symbol': 'sh688507', 'name': '索辰科技', 'score': 82, 'action': 'BUY', 'thesis': '科创板强度居前，个股涨幅高但未涨停，具备龙头跟随与情绪延续博弈价值。'}]
[13:36:42] [AI] 信号: 索辰科技(sh688507) 动作=BUY 评分=82.0
[13:36:42] [风控] 拒绝 sh688507: [A级]单只超限：73% > 普通上限15%
[13:36:42] [风控] sh688507 索辰科技 被拦截：[A级]单只超限：73% > 普通上限15%
[13:38:24] [AI] 持仓分析: 6 项
[13:38:24] [AI] sh688327: 动作=HOLD, 逻辑=VALID
[13:38:24] [AI] sh601398: 动作=HOLD, 逻辑=BROKEN
[13:38:24] [AI] sz300263: 动作=HOLD, 逻辑=VALID
[13:38:24] [AI] sz000537: 动作=HOLD, 逻辑=VALID
[13:38:24] [AI] sh600795: 动作=HOLD, 逻辑=VALID
[13:38:24] [AI] sh600025: 动作=HOLD, 逻辑=VALID
[13:38:24] [AI] 原始候选信号: [{'symbol': 'sh688507', 'name': '索辰科技', 'score': 82, 'action': 'BUY', 'thesis': '科创板强度最高且个股为当前辨识度龙头之一，未涨停，可作为高潮期核心龙头的低吸/回踩参与标的。'}]
[13:38:24] [AI] 信号: 索辰科技(sh688507) 动作=BUY 评分=82.0
[13:38:24] [风控] 拒绝 sh688507: [A级]单只超限：73% > 普通上限15%
[13:38:24] [风控] sh688507 索辰科技 被拦截：[A级]单只超限：73% > 普通上限15%
[13:39:43] [AI] 持仓分析: 6 项
[13:39:43] [AI] sh688327: 动作=SELL, 逻辑=BROKEN
[13:39:43] [AI] 逻辑破坏 sh688327，触发卖出
[13:39:43] [交易] 卖出 云从科技-UW: 100股 @ 14.56, 盈亏=+37.00
[13:39:43] [AI] sh601398: 动作=HOLD, 逻辑=VALID
[13:39:43] [AI] sz300263: 动作=HOLD, 逻辑=VALID
[13:39:43] [AI] sz002128: 动作=HOLD, 逻辑=VALID
[13:39:43] [AI] sh600795: 动作=HOLD, 逻辑=VALID
[13:39:43] [AI] sh600025: 动作=HOLD, 逻辑=VALID
[13:39:43] [AI] 原始候选信号: [{'symbol': 'sh688507', 'name': '索辰科技', 'score': 82, 'action': 'BUY', 'thesis': '科创板强度最高之一，个股大涨但未涨停，相比20cm涨停龙头仍具备换手参与空间。'}]
[13:39:43] [AI] 信号: 索辰科技(sh688507) 动作=BUY 评分=82.0
[13:39:43] [风控] 拒绝 sh688507: [A级]单只超限：73% > 普通上限15%
[13:39:43] [风控] sh688507 索辰科技 被拦截：[A级]单只超限：73% > 普通上限15%
[13:41:12] [AI] 持仓分析: 5 项
[13:41:12] [AI] sh601398: 动作=HOLD, 逻辑=VALID
[13:41:12] [AI] sz300263: 动作=HOLD, 逻辑=VALID
[13:41:12] [AI] sz002128: 动作=HOLD, 逻辑=VALID
[13:41:12] [AI] sh600795: 动作=HOLD, 逻辑=VALID
[13:41:12] [AI] sh600025: 动作=HOLD, 逻辑=VALID
[13:41:12] [AI] 原始候选信号: [{'symbol': 'sh688507', 'name': '索辰科技', 'score': 82, 'action': 'BUY', 'thesis': '科创板强度居前且个股大涨但未涨停，符合高潮期只做龙头且避免涨停买入的要求。'}]
[13:41:12] [AI] 信号: 索辰科技(sh688507) 动作=BUY 评分=82.0
[13:41:12] [风控] 拒绝 sh688507: [A级]单只超限：73% > 普通上限15%
[13:41:12] [风控] sh688507 索辰科技 被拦截：[A级]单只超限：73% > 普通上限15%
[13:42:42] [AI] 持仓分析: 5 项
[13:42:42] [AI] sh601398: 动作=HOLD, 逻辑=BROKEN
[13:42:42] [AI] sz300263: 动作=HOLD, 逻辑=VALID
[13:42:42] [AI] sz002128: 动作=HOLD, 逻辑=VALID
[13:42:42] [AI] sh600795: 动作=HOLD, 逻辑=VALID
[13:42:42] [AI] sh600025: 动作=HOLD, 逻辑=VALID
[13:42:42] [AI] 原始候选信号: [{'symbol': 'sh688507', 'name': '索辰科技', 'score': 82, 'action': 'BUY', 'thesis': '科创板强度高，个股为当前核心领涨之一且未涨停，符合高潮期聚焦龙头的短线策略。'}]
[13:42:42] [AI] 信号: 索辰科技(sh688507) 动作=BUY 评分=82.0
[13:42:42] [风控] 拒绝 sh688507: [A级]单只超限：73% > 普通上限15%
[13:42:42] [风控] sh688507 索辰科技 被拦截：[A级]单只超限：73% > 普通上限15%
[13:44:13] [AI] 持仓分析: 5 项
[13:44:13] [AI] sh601398: 动作=HOLD, 逻辑=BROKEN
[13:44:13] [AI] sz300263: 动作=HOLD, 逻辑=VALID
[13:44:13] [AI] sz002128: 动作=HOLD, 逻辑=VALID
[13:44:13] [AI] sh600795: 动作=HOLD, 逻辑=VALID
[13:44:13] [AI] sh600025: 动作=HOLD, 逻辑=VALID
[13:44:13] [AI] 原始候选信号: [{'symbol': 'sh688507', 'name': '索辰科技', 'score': 82, 'action': 'BUY', 'thesis': '科创板强度高且个股为核心龙头之一，未涨停仍有博弈空间，但只适合分时承接低吸。'}]
[13:44:13] [AI] 信号: 索辰科技(sh688507) 动作=BUY 评分=82.0
[13:44:13] [风控] 拒绝 sh688507: [A级]单只超限：74% > 普通上限15%
[13:44:13] [风控] sh688507 索辰科技 被拦截：[A级]单只超限：74% > 普通上限15%
[13:45:41] [AI] 持仓分析: 5 项
[13:45:41] [AI] sh601398: 动作=HOLD, 逻辑=VALID
[13:45:41] [AI] sz300263: 动作=HOLD, 逻辑=VALID
[13:45:41] [AI] sz000958: 动作=HOLD, 逻辑=VALID
[13:45:41] [AI] sh600795: 动作=HOLD, 逻辑=VALID
[13:45:41] [AI] sh600025: 动作=HOLD, 逻辑=VALID
[13:45:41] [AI] 原始候选信号: [{'symbol': 'sh688507', 'name': '索辰科技', 'score': 82, 'action': 'BUY', 'thesis': '科创板强度高且个股为核心高标之一，未涨停，符合高潮期只做龙头且不买涨停的条件。'}]
[13:45:41] [AI] 信号: 索辰科技(sh688507) 动作=BUY 评分=82.0
[13:45:41] [风控] 拒绝 sh688507: [A级]单只超限：74% > 普通上限15%
[13:45:41] [风控] sh688507 索辰科技 被拦截：[A级]单只超限：74% > 普通上限15%
[13:47:13] [AI] 持仓分析: 5 项
[13:47:13] [AI] sh601398: 动作=HOLD, 逻辑=BROKEN
[13:47:13] [AI] sz300263: 动作=HOLD, 逻辑=VALID
[13:47:13] [AI] sz000875: 动作=HOLD, 逻辑=VALID
[13:47:13] [AI] sh600795: 动作=HOLD, 逻辑=VALID
[13:47:13] [AI] sh600025: 动作=HOLD, 逻辑=VALID
[13:47:13] [AI] 原始候选信号: [{'symbol': 'sh688507', 'name': '索辰科技', 'score': 86, 'action': 'BUY', 'thesis': '科创板强势核心之一，涨幅未达涨停，若分时回落承接良好可低吸跟随。'}, {'symbol': 'sh600027', 'name': '华电国际', 'score': 78, 'action': 'BUY', 'thesis': '电力板块强度居前，适合作为主线内趋势补涨标的，等待放量突破或回踩确认。'}, {'symbol': 'sh600886', 'name': '国投电力', 'score': 76, 'action': 'BUY', 'thesis': '电力主线延续性较强，个股偏趋势稳健，适合情绪升温期低吸跟随。'}]
[13:47:13] [AI] 信号: 索辰科技(sh688507) 动作=BUY 评分=86.0
[13:47:13] [风控] 拒绝 sh688507: [A级]单只超限：74% > 普通上限15%
[13:47:13] [风控] sh688507 索辰科技 被拦截：[A级]单只超限：74% > 普通上限15%
[13:47:13] [AI] 信号: 华电国际(sh600027) 动作=BUY 评分=78.0
[13:47:13] [交易] 获取到池外股票 sh600027 价格: 5.49
[13:47:13] [交易] 买入 华电国际: 200股 @ 5.49
[13:47:13] [AI] 信号: 国投电力(sh600886) 动作=BUY 评分=76.0
[13:47:13] [交易] 获取到池外股票 sh600886 价格: 13.64
[13:47:13] [交易] sh600886 资金不足
[13:47:13] [风控] sh600886 国投电力 被拦截：资金不足
[13:47:13] [关注] 自动加入 国投电力(sh600886) 到观察池
[13:48:37] [AI] 持仓分析: 6 项
[13:48:37] [AI] sh601398: 动作=HOLD, 逻辑=VALID
[13:48:37] [AI] sz300263: 动作=HOLD, 逻辑=VALID
[13:48:37] [AI] sz002128: 动作=HOLD, 逻辑=VALID
[13:48:37] [AI] sh600795: 动作=HOLD, 逻辑=VALID
[13:48:37] [AI] sh600025: 动作=HOLD, 逻辑=VALID
[13:48:37] [AI] sh600027: 动作=HOLD, 逻辑=VALID
[13:48:37] [AI] 原始候选信号: [{'symbol': 'sh688507', 'name': '索辰科技', 'score': 82, 'action': 'BUY', 'thesis': '科创板强度领先，个股涨幅15.7%未涨停，具备高潮期龙头套利机会，但需控制仓位避免追高回落。'}]
[13:48:37] [AI] 信号: 索辰科技(sh688507) 动作=BUY 评分=82.0
[13:48:37] [风控] 拒绝 sh688507: [A级]单只超限：74% > 普通上限15%
[13:48:37] [风控] sh688507 索辰科技 被拦截：[A级]单只超限：74% > 普通上限15%
[13:50:08] [AI] 持仓分析: 6 项
[13:50:08] [AI] sh601398: 动作=HOLD, 逻辑=BROKEN
[13:50:08] [AI] sz300263: 动作=HOLD, 逻辑=VALID
[13:50:08] [AI] sz002128: 动作=HOLD, 逻辑=VALID
[13:50:08] [AI] sh600795: 动作=HOLD, 逻辑=VALID
[13:50:08] [AI] sh600025: 动作=HOLD, 逻辑=VALID
[13:50:08] [AI] sh600027: 动作=HOLD, 逻辑=VALID
[13:50:08] [AI] 原始候选信号: [{'symbol': 'sh688507', 'name': '索辰科技', 'score': 82, 'action': 'BUY', 'thesis': '科创板强度居前且个股为核心高辨识度龙头之一，未涨停，适合高潮期围绕龙头参与。'}]
[13:50:08] [AI] 信号: 索辰科技(sh688507) 动作=BUY 评分=82.0
[13:50:08] [风控] 拒绝 sh688507: [A级]单只超限：74% > 普通上限15%
[13:50:08] [风控] sh688507 索辰科技 被拦截：[A级]单只超限：74% > 普通上限15%
[13:51:40] [AI] 持仓分析: 6 项
[13:51:40] [AI] sh601398: 动作=HOLD, 逻辑=VALID
[13:51:40] [AI] sz300263: 动作=HOLD, 逻辑=VALID
[13:51:40] [AI] sz002128: 动作=HOLD, 逻辑=VALID
[13:51:40] [AI] sh600795: 动作=HOLD, 逻辑=VALID
[13:51:40] [AI] sh600025: 动作=HOLD, 逻辑=VALID
[13:51:40] [AI] sh600027: 动作=HOLD, 逻辑=VALID
[13:51:40] [AI] 原始候选信号: [{'symbol': 'sh688507', 'name': '索辰科技', 'score': 82, 'action': 'BUY', 'thesis': '科创板强度最高且个股接近龙头梯队，未涨停，适合高潮期围绕核心做短线跟随。'}]
[13:51:40] [AI] 信号: 索辰科技(sh688507) 动作=BUY 评分=82.0
[13:51:40] [风控] 拒绝 sh688507: [A级]单只超限：74% > 普通上限15%
[13:51:40] [风控] sh688507 索辰科技 被拦截：[A级]单只超限：74% > 普通上限15%
[13:53:11] [AI] 持仓分析: 6 项
[13:53:11] [AI] sh601398: 动作=HOLD, 逻辑=VALID
[13:53:11] [AI] sz300263: 动作=HOLD, 逻辑=VALID
[13:53:11] [AI] sz002128: 动作=HOLD, 逻辑=VALID
[13:53:11] [AI] sh600795: 动作=HOLD, 逻辑=VALID
[13:53:11] [AI] sh600025: 动作=HOLD, 逻辑=VALID
[13:53:11] [AI] sh600027: 动作=HOLD, 逻辑=VALID
[13:53:11] [AI] 原始候选信号: [{'symbol': 'sh688507', 'name': '索辰科技', 'score': 82, 'action': 'BUY', 'thesis': '科创板强度最高且个股为核心龙头之一，未涨停仍具备资金继续抱团的短线博弈价值。'}]
[13:53:11] [AI] 信号: 索辰科技(sh688507) 动作=BUY 评分=82.0
[13:53:11] [风控] 拒绝 sh688507: [A级]单只超限：74% > 普通上限15%
[13:53:11] [风控] sh688507 索辰科技 被拦截：[A级]单只超限：74% > 普通上限15%
[13:54:38] [AI] 持仓分析: 6 项
[13:54:38] [AI] sh601398: 动作=HOLD, 逻辑=BROKEN
[13:54:38] [AI] sz300263: 动作=HOLD, 逻辑=VALID
[13:54:38] [AI] sz002128: 动作=HOLD, 逻辑=VALID
[13:54:38] [AI] sh600795: 动作=HOLD, 逻辑=VALID
[13:54:38] [AI] sh600025: 动作=HOLD, 逻辑=VALID
[13:54:38] [AI] sh600027: 动作=HOLD, 逻辑=VALID
[13:54:38] [AI] 原始候选信号: [{'symbol': 'sh688507', 'name': '索辰科技', 'score': 82, 'action': 'BUY', 'thesis': '科创板强度最高且个股为核心高辨识度标的，未涨停，适合作为高潮期龙头方向的博弈选择。'}]
[13:54:38] [AI] 信号: 索辰科技(sh688507) 动作=BUY 评分=82.0
[13:54:38] [风控] 拒绝 sh688507: [A级]单只超限：74% > 普通上限15%
[13:54:38] [风控] sh688507 索辰科技 被拦截：[A级]单只超限：74% > 普通上限15%
[13:56:06] [AI] 持仓分析: 6 项
[13:56:06] [AI] sh601398: 动作=HOLD, 逻辑=VALID
[13:56:06] [AI] sz300263: 动作=HOLD, 逻辑=VALID
[13:56:06] [AI] sz002128: 动作=HOLD, 逻辑=VALID
[13:56:06] [AI] sh600795: 动作=HOLD, 逻辑=VALID
[13:56:06] [AI] sh600025: 动作=HOLD, 逻辑=VALID
[13:56:06] [AI] sh600027: 动作=HOLD, 逻辑=VALID
[13:56:06] [AI] 原始候选信号: [{'symbol': 'sh688507', 'name': '索辰科技', 'score': 82, 'action': 'BUY', 'thesis': '科创板强度最高且个股为核心龙头之一，未涨停仍具备高潮期资金抱团弹性。'}]
[13:56:06] [AI] 信号: 索辰科技(sh688507) 动作=BUY 评分=82.0
[13:56:06] [风控] 拒绝 sh688507: [A级]单只超限：74% > 普通上限15%
[13:56:06] [风控] sh688507 索辰科技 被拦截：[A级]单只超限：74% > 普通上限15%
[13:57:42] [AI] 持仓分析: 6 项
[13:57:42] [AI] sh601398: 动作=HOLD, 逻辑=VALID
[13:57:42] [AI] sz300263: 动作=HOLD, 逻辑=VALID
[13:57:42] [AI] sz000958: 动作=HOLD, 逻辑=VALID
[13:57:42] [AI] sh600795: 动作=HOLD, 逻辑=VALID
[13:57:42] [AI] sh600025: 动作=HOLD, 逻辑=VALID
[13:57:42] [AI] sh600027: 动作=HOLD, 逻辑=VALID
[13:57:42] [AI] 原始候选信号: [{'symbol': 'sh688507', 'name': '索辰科技', 'score': 82, 'action': 'BUY', 'thesis': '科创板强度最高之一，个股大涨但未涨停，符合高潮期只做核心且不追涨停的条件。'}]
[13:57:42] [AI] 信号: 索辰科技(sh688507) 动作=BUY 评分=82.0
[13:57:42] [风控] 拒绝 sh688507: [A级]单只超限：73% > 普通上限15%
[13:57:42] [风控] sh688507 索辰科技 被拦截：[A级]单只超限：73% > 普通上限15%
[13:59:08] [AI] 持仓分析: 6 项
[13:59:08] [AI] sh601398: 动作=HOLD, 逻辑=VALID
[13:59:08] [AI] sz300263: 动作=HOLD, 逻辑=VALID
[13:59:08] [AI] sz002128: 动作=HOLD, 逻辑=VALID
[13:59:08] [AI] sh600795: 动作=HOLD, 逻辑=VALID
[13:59:08] [AI] sh600025: 动作=HOLD, 逻辑=VALID
[13:59:08] [AI] sh600027: 动作=HOLD, 逻辑=VALID
[13:59:08] [AI] 原始候选信号: [{'symbol': 'sh688507', 'name': '索辰科技', 'score': 86, 'action': 'BUY', 'thesis': '科创板强度最高方向之一，个股大涨但未涨停，符合高潮期只做核心龙头的思路。'}, {'symbol': 'sh600795', 'name': '国电电力', 'score': 78, 'action': 'BUY', 'thesis': '电力板块强度高，个股容量大、趋势稳定，适合作为板块强势延续的低风险跟随标的。'}, {'symbol': 'sh600025', 'name': '华能水电', 'score': 75, 'action': 'BUY', 'thesis': '电力主线扩散下水电具备防守与趋势属性，适合高潮期分歧时承接观察。'}]
[13:59:08] [AI] 信号: 索辰科技(sh688507) 动作=BUY 评分=86.0
[13:59:08] [风控] 拒绝 sh688507: [A级]单只超限：73% > 普通上限15%
[13:59:08] [风控] sh688507 索辰科技 被拦截：[A级]单只超限：73% > 普通上限15%
[13:59:08] [AI] 信号: 国电电力(sh600795) 动作=BUY 评分=78.0
[13:59:08] [交易] 买入 国电电力: 200股 @ 5.12
[13:59:08] [AI] 信号: 华能水电(sh600025) 动作=BUY 评分=75.0
[13:59:08] [交易] 买入 华能水电: 100股 @ 9.85
[14:00:34] [AI] 持仓分析: 6 项
[14:00:34] [AI] sh601398: 动作=HOLD, 逻辑=VALID
[14:00:34] [AI] sz300263: 动作=HOLD, 逻辑=VALID
[14:00:34] [AI] sz002128: 动作=HOLD, 逻辑=VALID
[14:00:34] [AI] sh600795: 动作=HOLD, 逻辑=VALID
[14:00:34] [AI] sh600025: 动作=HOLD, 逻辑=VALID
[14:00:34] [AI] sh600027: 动作=HOLD, 逻辑=VALID
[14:00:34] [AI] 原始候选信号: [{'symbol': 'sh688507', 'name': '索辰科技', 'score': 82, 'action': 'BUY', 'thesis': '科创板强度最高，个股大涨但未涨停，符合高潮期聚焦核心且不买涨停的条件。'}]
[14:00:34] [AI] 信号: 索辰科技(sh688507) 动作=BUY 评分=82.0
[14:00:34] [风控] 拒绝 sh688507: [A级]单只超限：81% > 普通上限15%
[14:00:34] [风控] sh688507 索辰科技 被拦截：[A级]单只超限：81% > 普通上限15%
[14:00:41] [系统] 分析循环已停止。
[14:18:22] [系统] 正在启动双线程分析架构...
[14:18:22] [交易 AI] 线程已启动，间隔 90 秒 (优先级：高)。
[14:18:22] [研究 AI] 独立后台已启动，正在后台运行中... (等待触发节点)
[14:18:22] [系统] 双线程分析循环已启动 (交易 + 研究)。
[14:18:42] [AI] 持仓分析: 6 项
[14:18:42] [AI] sh601398: 动作=HOLD, 逻辑=BROKEN
[14:18:42] [AI] sz300263: 动作=HOLD, 逻辑=VALID
[14:18:42] [AI] sz002128: 动作=HOLD, 逻辑=VALID
[14:18:42] [AI] sh600795: 动作=HOLD, 逻辑=VALID
[14:18:42] [AI] sh600025: 动作=HOLD, 逻辑=VALID
[14:18:42] [AI] sh600027: 动作=HOLD, 逻辑=VALID
[14:18:42] [AI] 原始候选信号: [{'symbol': 'sh688507', 'name': '索辰科技', 'score': 82, 'action': 'BUY', 'thesis': '科创板强度最高且个股为核心龙头之一，当前未涨停，符合高潮期只做龙头原则。'}]
[14:18:42] [AI] 信号: 索辰科技(sh688507) 动作=BUY 评分=82.0
[14:18:42] [风控] 拒绝 sh688507: [A级]单只超限：74% > 普通上限15%
[14:18:42] [风控] sh688507 索辰科技 被拦截：[A级]单只超限：74% > 普通上限15%
[14:20:21] [AI] 持仓分析: 6 项
[14:20:21] [AI] sh601398: 动作=HOLD, 逻辑=VALID
[14:20:21] [AI] sz300263: 动作=HOLD, 逻辑=VALID
[14:20:21] [AI] sz000958: 动作=HOLD, 逻辑=VALID
[14:20:21] [AI] sh600795: 动作=HOLD, 逻辑=VALID
[14:20:21] [AI] sh600025: 动作=HOLD, 逻辑=VALID
[14:20:21] [AI] sh600027: 动作=HOLD, 逻辑=VALID
[14:20:21] [AI] 原始候选信号: [{'symbol': 'sh688507', 'name': '索辰科技', 'score': 86, 'action': 'BUY', 'thesis': '科创板强度最高，个股为核心龙头且未涨停，符合高潮期只做龙头原则。'}]
[14:20:21] [AI] 信号: 索辰科技(sh688507) 动作=BUY 评分=86.0
[14:20:21] [风控] 拒绝 sh688507: [A级]单只超限：74% > 普通上限15%
[14:20:21] [风控] sh688507 索辰科技 被拦截：[A级]单只超限：74% > 普通上限15%
[14:21:53] [AI] 持仓分析: 6 项
[14:21:53] [AI] sh601398: 动作=HOLD, 逻辑=BROKEN
[14:21:53] [AI] sz300263: 动作=HOLD, 逻辑=VALID
[14:21:53] [AI] sz000958: 动作=HOLD, 逻辑=VALID
[14:21:53] [AI] sh600795: 动作=HOLD, 逻辑=VALID
[14:21:53] [AI] sh600025: 动作=HOLD, 逻辑=VALID
[14:21:53] [AI] sh600027: 动作=HOLD, 逻辑=VALID
[14:21:53] [AI] 原始候选信号: [{'symbol': 'sh688507', 'name': '索辰科技', 'score': 82, 'action': 'BUY', 'thesis': '科创板强度最高且个股为未涨停核心龙头，符合高潮期只做龙头原则。'}]
[14:21:53] [AI] 信号: 索辰科技(sh688507) 动作=BUY 评分=82.0
[14:21:53] [风控] 拒绝 sh688507: [A级]单只超限：74% > 普通上限15%
[14:21:53] [风控] sh688507 索辰科技 被拦截：[A级]单只超限：74% > 普通上限15%
[14:23:21] [AI] 持仓分析: 6 项
[14:23:21] [AI] sh601398: 动作=HOLD, 逻辑=VALID
[14:23:21] [AI] sz300263: 动作=HOLD, 逻辑=VALID
[14:23:21] [AI] sz000958: 动作=HOLD, 逻辑=VALID
[14:23:21] [AI] sh600795: 动作=HOLD, 逻辑=VALID
[14:23:21] [AI] sh600025: 动作=HOLD, 逻辑=VALID
[14:23:21] [AI] sh600027: 动作=HOLD, 逻辑=VALID
[14:23:21] [AI] 原始候选信号: [{'symbol': 'sh688507', 'name': '索辰科技', 'score': 82, 'action': 'BUY', 'thesis': '科创板强度最高且个股为当前龙头之一，未涨停仍具备核心辨识度，但高潮期需控制仓位并避免追在分时尖峰。'}]
[14:23:21] [AI] 信号: 索辰科技(sh688507) 动作=BUY 评分=82.0
[14:23:21] [风控] 拒绝 sh688507: [A级]单只超限：75% > 普通上限15%
[14:23:21] [风控] sh688507 索辰科技 被拦截：[A级]单只超限：75% > 普通上限15%
[14:24:44] [AI] 持仓分析: 6 项
[14:24:44] [AI] sh601398: 动作=HOLD, 逻辑=VALID
[14:24:44] [AI] sz300263: 动作=HOLD, 逻辑=VALID
[14:24:44] [AI] sz000958: 动作=HOLD, 逻辑=VALID
[14:24:44] [AI] sh600795: 动作=HOLD, 逻辑=VALID
[14:24:44] [AI] sh600025: 动作=HOLD, 逻辑=VALID
[14:24:44] [AI] sh600027: 动作=HOLD, 逻辑=VALID
[14:24:44] [AI] 原始候选信号: [{'symbol': 'sh688507', 'name': '索辰科技', 'score': 86, 'action': 'BUY', 'thesis': '科创板强度第一梯队，个股涨幅15.6%未涨停，具备高潮期核心辨识度，但需控制仓位避免追高。'}]
[14:24:44] [AI] 信号: 索辰科技(sh688507) 动作=BUY 评分=86.0
[14:24:44] [风控] 拒绝 sh688507: [A级]单只超限：74% > 普通上限15%
[14:24:44] [风控] sh688507 索辰科技 被拦截：[A级]单只超限：74% > 普通上限15%
[14:26:07] [AI] 持仓分析: 6 项
[14:26:07] [AI] sh601398: 动作=HOLD, 逻辑=VALID
[14:26:07] [AI] sz300263: 动作=HOLD, 逻辑=VALID
[14:26:07] [AI] sz002128: 动作=HOLD, 逻辑=VALID
[14:26:07] [AI] sh600795: 动作=HOLD, 逻辑=VALID
[14:26:07] [AI] sh600025: 动作=HOLD, 逻辑=VALID
[14:26:07] [AI] sh600027: 动作=HOLD, 逻辑=VALID
[14:26:07] [AI] 原始候选信号: [{'symbol': 'sh688507', 'name': '索辰科技', 'score': 82, 'action': 'BUY', 'thesis': '科创板强度居前，个股大涨但未涨停，具备核心辨识度，适合高潮期只做龙头的策略。'}]
[14:26:07] [AI] 信号: 索辰科技(sh688507) 动作=BUY 评分=82.0
[14:26:07] [风控] 拒绝 sh688507: [A级]单只超限：74% > 普通上限15%
[14:26:07] [风控] sh688507 索辰科技 被拦截：[A级]单只超限：74% > 普通上限15%
[14:27:46] [AI] 持仓分析: 6 项
[14:27:46] [AI] sh601398: 动作=HOLD, 逻辑=VALID
[14:27:46] [AI] sz300263: 动作=HOLD, 逻辑=VALID
[14:27:46] [AI] sz002128: 动作=HOLD, 逻辑=VALID
[14:27:46] [AI] sh600795: 动作=HOLD, 逻辑=VALID
[14:27:46] [AI] sh600025: 动作=HOLD, 逻辑=VALID
[14:27:46] [AI] sh600027: 动作=HOLD, 逻辑=VALID
[14:27:46] [AI] 原始候选信号: [{'symbol': 'sh688507', 'name': '索辰科技', 'score': 86, 'action': 'BUY', 'thesis': '科创板强度最高，个股为当前核心领涨之一且未涨停，符合高潮期只做龙头的策略。'}]
[14:27:46] [AI] 信号: 索辰科技(sh688507) 动作=BUY 评分=86.0
[14:27:46] [风控] 拒绝 sh688507: [A级]单只超限：74% > 普通上限15%
[14:27:46] [风控] sh688507 索辰科技 被拦截：[A级]单只超限：74% > 普通上限15%
[14:29:11] [AI] 持仓分析: 6 项
[14:29:11] [AI] sh601398: 动作=HOLD, 逻辑=VALID
[14:29:11] [AI] sz300263: 动作=HOLD, 逻辑=VALID
[14:29:11] [AI] sz000958: 动作=HOLD, 逻辑=VALID
[14:29:11] [AI] sh600795: 动作=HOLD, 逻辑=VALID
[14:29:11] [AI] sh600025: 动作=HOLD, 逻辑=VALID
[14:29:11] [AI] sh600027: 动作=HOLD, 逻辑=VALID
[14:29:11] [AI] 原始候选信号: [{'symbol': 'sh688507', 'name': '索辰科技', 'score': 82, 'action': 'BUY', 'thesis': '科创板强度最高，个股大涨但未涨停，具备龙头辨识度，适合高潮期只做核心的策略。'}]
[14:29:11] [AI] 信号: 索辰科技(sh688507) 动作=BUY 评分=82.0
[14:29:11] [风控] 拒绝 sh688507: [A级]单只超限：74% > 普通上限15%
[14:29:11] [风控] sh688507 索辰科技 被拦截：[A级]单只超限：74% > 普通上限15%
[14:30:40] [AI] 持仓分析: 6 项
[14:30:40] [AI] sh601398: 动作=HOLD, 逻辑=BROKEN
[14:30:40] [AI] sz300263: 动作=HOLD, 逻辑=VALID
[14:30:40] [AI] sz002128: 动作=HOLD, 逻辑=VALID
[14:30:40] [AI] sh600795: 动作=HOLD, 逻辑=VALID
[14:30:40] [AI] sh600025: 动作=HOLD, 逻辑=VALID
[14:30:40] [AI] sh600027: 动作=HOLD, 逻辑=VALID
[14:30:40] [AI] 原始候选信号: [{'symbol': 'sh688507', 'name': '索辰科技', 'score': 86, 'action': 'BUY', 'thesis': '科创板强度最高，索辰科技为当前龙头且未涨停，符合高潮期只做核心龙头的策略。'}]
[14:30:40] [AI] 信号: 索辰科技(sh688507) 动作=BUY 评分=86.0
[14:30:40] [风控] 拒绝 sh688507: [A级]单只超限：75% > 普通上限15%
[14:30:40] [风控] sh688507 索辰科技 被拦截：[A级]单只超限：75% > 普通上限15%
[14:32:08] [AI] 持仓分析: 6 项
[14:32:08] [AI] sh601398: 动作=HOLD, 逻辑=BROKEN
[14:32:08] [AI] sz300263: 动作=HOLD, 逻辑=VALID
[14:32:08] [AI] sz002128: 动作=HOLD, 逻辑=VALID
[14:32:08] [AI] sh600795: 动作=HOLD, 逻辑=VALID
[14:32:08] [AI] sh600025: 动作=HOLD, 逻辑=VALID
[14:32:08] [AI] sh600027: 动作=HOLD, 逻辑=VALID
[14:32:08] [AI] 原始候选信号: [{'symbol': 'sh688507', 'name': '索辰科技', 'score': 82, 'action': 'BUY', 'thesis': '科创板强度最高，索辰科技为当前核心龙头且未涨停，符合高潮期只做龙头原则。'}]
[14:32:08] [AI] 信号: 索辰科技(sh688507) 动作=BUY 评分=82.0
[14:32:08] [风控] 拒绝 sh688507: [A级]单只超限：76% > 普通上限15%
[14:32:08] [风控] sh688507 索辰科技 被拦截：[A级]单只超限：76% > 普通上限15%
[14:33:57] [AI] 持仓分析: 6 项
[14:33:57] [AI] sh601398: 动作=HOLD, 逻辑=BROKEN
[14:33:57] [AI] sz300263: 动作=HOLD, 逻辑=VALID
[14:33:57] [AI] sz000537: 动作=HOLD, 逻辑=VALID
[14:33:57] [AI] sh600795: 动作=HOLD, 逻辑=VALID
[14:33:57] [AI] sh600025: 动作=HOLD, 逻辑=VALID
[14:33:57] [AI] sh600027: 动作=HOLD, 逻辑=VALID
[14:33:57] [AI] 原始候选信号: [{'symbol': 'sh688507', 'name': '索辰科技', 'score': 82, 'action': 'BUY', 'thesis': '科创板核心龙头，接近20cm涨停但尚未封死，符合高潮期只做龙头思路，需控制仓位。'}]
[14:33:57] [AI] 信号: 索辰科技(sh688507) 动作=BUY 评分=82.0
[14:33:57] [风控] 拒绝 sh688507: [A级]单只超限：77% > 普通上限15%
[14:33:57] [风控] sh688507 索辰科技 被拦截：[A级]单只超限：77% > 普通上限15%
[14:35:10] [AI] 持仓分析: 6 项
[14:35:10] [AI] sh601398: 动作=HOLD, 逻辑=VALID
[14:35:10] [AI] sz300263: 动作=HOLD, 逻辑=VALID
[14:35:10] [AI] sz002128: 动作=HOLD, 逻辑=VALID
[14:35:10] [AI] sh600795: 动作=HOLD, 逻辑=VALID
[14:35:10] [AI] sh600025: 动作=HOLD, 逻辑=VALID
[14:35:10] [AI] sh600027: 动作=HOLD, 逻辑=VALID
[14:35:10] [AI] 原始候选信号: [{'symbol': 'sh688507', 'name': '索辰科技', 'score': 86, 'action': 'BUY', 'thesis': '科创板强度最高且个股接近20cm核心龙头，若未涨停且回踩承接强，可小仓参与龙头博弈。'}]
[14:35:10] [AI] 信号: 索辰科技(sh688507) 动作=BUY 评分=86.0
[14:35:10] [风控] 拒绝 sh688507: [A级]单只超限：77% > 普通上限15%
[14:35:10] [风控] sh688507 索辰科技 被拦截：[A级]单只超限：77% > 普通上限15%
[14:36:40] [AI] 持仓分析: 6 项
[14:36:40] [AI] sh601398: 动作=HOLD, 逻辑=VALID
[14:36:40] [AI] sz300263: 动作=HOLD, 逻辑=VALID
[14:36:40] [AI] sz002128: 动作=HOLD, 逻辑=VALID
[14:36:40] [AI] sh600795: 动作=HOLD, 逻辑=VALID
[14:36:40] [AI] sh600025: 动作=HOLD, 逻辑=VALID
[14:36:40] [AI] sh600027: 动作=HOLD, 逻辑=VALID
[14:36:40] [AI] 原始候选信号: [{'symbol': 'sh688507', 'name': '索辰科技', 'score': 82, 'action': 'BUY', 'thesis': '科创板强度最高且个股接近涨停但未封板，属于高潮期可关注的核心龙头方向。'}]
[14:36:40] [AI] 信号: 索辰科技(sh688507) 动作=BUY 评分=82.0
[14:36:40] [风控] 拒绝 sh688507: [A级]单只超限：77% > 普通上限15%
[14:36:40] [风控] sh688507 索辰科技 被拦截：[A级]单只超限：77% > 普通上限15%
[14:38:12] [AI] 持仓分析: 6 项
[14:38:12] [AI] sh601398: 动作=HOLD, 逻辑=BROKEN
[14:38:12] [AI] sz300263: 动作=HOLD, 逻辑=VALID
[14:38:12] [AI] sz002128: 动作=HOLD, 逻辑=VALID
[14:38:12] [AI] sh600795: 动作=HOLD, 逻辑=VALID
[14:38:12] [AI] sh600025: 动作=HOLD, 逻辑=VALID
[14:38:12] [AI] sh600027: 动作=HOLD, 逻辑=VALID
[14:38:12] [AI] 原始候选信号: [{'symbol': 'sh688507', 'name': '索辰科技', 'score': 82, 'action': 'BUY', 'thesis': '科创板高潮期核心辨识度标的，接近涨停但未封板时仅适合小仓跟随龙头强势。'}, {'symbol': 'sh600795', 'name': '国电电力', 'score': 78, 'action': 'BUY', 'thesis': '电力板块强度高，个股具备容量和趋势延续性，适合高潮期主线内低吸。'}, {'symbol': 'sh600027', 'name': '华电国际', 'score': 75, 'action': 'BUY', 'thesis': '电力方向资金持续性较好，股价未涨停时可作为主线补涨容量标的参与。'}]
[14:38:12] [AI] 信号: 索辰科技(sh688507) 动作=BUY 评分=82.0
[14:38:12] [风控] 拒绝 sh688507: [A级]单只超限：77% > 普通上限15%
[14:38:12] [风控] sh688507 索辰科技 被拦截：[A级]单只超限：77% > 普通上限15%
[14:38:12] [AI] 信号: 国电电力(sh600795) 动作=BUY 评分=78.0
[14:38:12] [交易] 买入 国电电力: 100股 @ 5.14
[14:38:12] [AI] 信号: 华电国际(sh600027) 动作=BUY 评分=75.0
[14:38:12] [交易] 买入 华电国际: 100股 @ 5.5
[14:39:52] [AI] 持仓分析: 6 项
[14:39:52] [AI] sh601398: 动作=HOLD, 逻辑=BROKEN
[14:39:52] [AI] sz300263: 动作=HOLD, 逻辑=VALID
[14:39:52] [AI] sz002128: 动作=HOLD, 逻辑=VALID
[14:39:52] [AI] sh600795: 动作=HOLD, 逻辑=VALID
[14:39:52] [AI] sh600025: 动作=HOLD, 逻辑=VALID
[14:39:52] [AI] sh600027: 动作=HOLD, 逻辑=VALID
[14:39:52] [AI] 原始候选信号: [{'symbol': 'sh688507', 'name': '索辰科技', 'score': 82, 'action': 'BUY', 'thesis': '科创板强度87且个股为当前龙头之一，未涨停但接近涨停，适合只在分时回落承接强时轻仓参与，若封死涨停则不买。'}]
[14:39:52] [AI] 信号: 索辰科技(sh688507) 动作=BUY 评分=82.0
[14:39:52] [风控] 拒绝 sh688507: [A级]单只超限：76% > 普通上限15%
[14:39:52] [风控] sh688507 索辰科技 被拦截：[A级]单只超限：76% > 普通上限15%
[14:41:08] [AI] 持仓分析: 6 项
[14:41:08] [AI] sh601398: 动作=HOLD, 逻辑=BROKEN
[14:41:08] [AI] sz300263: 动作=HOLD, 逻辑=VALID
[14:41:08] [AI] sz002128: 动作=HOLD, 逻辑=VALID
[14:41:08] [AI] sh600795: 动作=HOLD, 逻辑=VALID
[14:41:08] [AI] sh600025: 动作=HOLD, 逻辑=VALID
[14:41:08] [AI] sh600027: 动作=HOLD, 逻辑=VALID
[14:41:08] [AI] 原始候选信号: [{'symbol': 'sh688507', 'name': '索辰科技', 'score': 78, 'action': 'BUY', 'thesis': '科创板强度最高且个股接近龙头表现，未涨停可作为高潮期龙头博弈标的。'}]
[14:41:08] [AI] 信号: 索辰科技(sh688507) 动作=BUY 评分=78.0
[14:41:08] [风控] 拒绝 sh688507: [A级]单只超限：76% > 普通上限15%
[14:41:08] [风控] sh688507 索辰科技 被拦截：[A级]单只超限：76% > 普通上限15%
[14:42:40] [AI] 持仓分析: 6 项
[14:42:40] [AI] sh601398: 动作=HOLD, 逻辑=BROKEN
[14:42:40] [AI] sz300263: 动作=HOLD, 逻辑=VALID
[14:42:40] [AI] sz000958: 动作=HOLD, 逻辑=VALID
[14:42:40] [AI] sh600795: 动作=HOLD, 逻辑=VALID
[14:42:40] [AI] sh600025: 动作=HOLD, 逻辑=VALID
[14:42:40] [AI] sh600027: 动作=HOLD, 逻辑=VALID
[14:42:40] [AI] 原始候选信号: [{'symbol': 'sh688507', 'name': '索辰科技', 'score': 82, 'action': 'BUY', 'thesis': '科创板强度第一且个股接近龙头表现，未涨停前可作为高潮期核心博弈标的，但需控制仓位。'}]
[14:42:40] [AI] 信号: 索辰科技(sh688507) 动作=BUY 评分=82.0
[14:42:40] [风控] 拒绝 sh688507: [A级]单只超限：76% > 普通上限15%
[14:42:40] [风控] sh688507 索辰科技 被拦截：[A级]单只超限：76% > 普通上限15%
[14:44:05] [AI] 持仓分析: 6 项
[14:44:05] [AI] sh601398: 动作=HOLD, 逻辑=VALID
[14:44:05] [AI] sz300263: 动作=HOLD, 逻辑=VALID
[14:44:05] [AI] sz002128: 动作=HOLD, 逻辑=VALID
[14:44:05] [AI] sh600795: 动作=HOLD, 逻辑=VALID
[14:44:05] [AI] sh600025: 动作=HOLD, 逻辑=VALID
[14:44:05] [AI] sh600027: 动作=HOLD, 逻辑=VALID
[14:44:05] [AI] 原始候选信号: [{'symbol': 'sh688507', 'name': '索辰科技', 'score': 86, 'action': 'BUY', 'thesis': '科创板强度最高，个股接近龙头地位且未涨停，符合高潮期只做核心的策略。'}]
[14:44:05] [AI] 信号: 索辰科技(sh688507) 动作=BUY 评分=86.0
[14:44:05] [风控] 拒绝 sh688507: [A级]单只超限：76% > 普通上限15%
[14:44:05] [风控] sh688507 索辰科技 被拦截：[A级]单只超限：76% > 普通上限15%
[14:45:33] [系统] 正在启动双线程分析架构...
[14:45:33] [交易 AI] 线程已启动，间隔 90 秒 (优先级：高)。
[14:45:33] [研究 AI] 独立后台已启动，正在后台运行中... (等待触发节点)
[14:45:33] [系统] 双线程分析循环已启动 (交易 + 研究)。
[14:45:52] [AI] 持仓分析: 6 项
[14:45:52] [AI] sh601398: 动作=HOLD, 逻辑=VALID
[14:45:52] [AI] sz300263: 动作=HOLD, 逻辑=VALID
[14:45:52] [AI] sz002128: 动作=HOLD, 逻辑=VALID
[14:45:52] [AI] sh600795: 动作=HOLD, 逻辑=VALID
[14:45:52] [AI] sh600025: 动作=HOLD, 逻辑=VALID
[14:45:52] [AI] sh600027: 动作=HOLD, 逻辑=VALID
[14:45:52] [AI] 原始候选信号: [{'symbol': 'sh688507', 'name': '索辰科技', 'score': 82, 'action': 'BUY', 'thesis': '科创板强度最高且个股为当前龙头之一，涨幅18.1%未涨停，符合高潮期只做核心龙头且不买涨停的规则。'}]
[14:45:52] [AI] 信号: 索辰科技(sh688507) 动作=BUY 评分=82.0
[14:45:52] [风控] 拒绝 sh688507: [A级]单只超限：76% > 普通上限15%
[14:45:52] [风控] sh688507 索辰科技 被拦截：[A级]单只超限：76% > 普通上限15%
[14:47:22] [AI] 持仓分析: 6 项
[14:47:22] [AI] sh601398: 动作=HOLD, 逻辑=VALID
[14:47:22] [AI] sz300263: 动作=HOLD, 逻辑=VALID
[14:47:22] [AI] sz000875: 动作=HOLD, 逻辑=VALID
[14:47:22] [AI] sh600795: 动作=HOLD, 逻辑=VALID
[14:47:22] [AI] sh600025: 动作=HOLD, 逻辑=VALID
[14:47:22] [AI] sh600027: 动作=HOLD, 逻辑=VALID
[14:47:22] [AI] 原始候选信号: []
[14:49:01] [AI] 持仓分析: 6 项
[14:49:01] [AI] sh601398: 动作=HOLD, 逻辑=VALID
[14:49:01] [AI] sz300263: 动作=HOLD, 逻辑=VALID
[14:49:01] [AI] sz002128: 动作=HOLD, 逻辑=VALID
[14:49:01] [AI] sh600795: 动作=HOLD, 逻辑=VALID
[14:49:01] [AI] sh600025: 动作=HOLD, 逻辑=VALID
[14:49:01] [AI] sh600027: 动作=HOLD, 逻辑=VALID
[14:49:01] [AI] 原始候选信号: []
[14:50:21] [AI] 持仓分析: 6 项
[14:50:21] [AI] sh601398: 动作=HOLD, 逻辑=VALID
[14:50:21] [AI] sz300263: 动作=HOLD, 逻辑=VALID
[14:50:21] [AI] sz000958: 动作=HOLD, 逻辑=VALID
[14:50:21] [AI] sh600795: 动作=HOLD, 逻辑=VALID
[14:50:21] [AI] sh600025: 动作=HOLD, 逻辑=VALID
[14:50:21] [AI] sh600027: 动作=HOLD, 逻辑=VALID
[14:50:21] [AI] 原始候选信号: []
[14:50:33] [系统] 分析循环已停止。
[15:01:00] [系统] 正在启动双线程分析架构...
[15:01:00] [交易 AI] 线程已启动，间隔 90 秒 (优先级：高)。
[15:01:00] [研究 AI] 独立后台已启动，正在后台运行中... (等待触发节点)
[15:01:00] [系统] 双线程分析循环已启动 (交易 + 研究)。
[15:01:22] [AI] 持仓分析: 6 项
[15:01:22] [AI] sh601398: 动作=HOLD, 逻辑=VALID
[15:01:22] [AI] sz300263: 动作=HOLD, 逻辑=VALID
[15:01:22] [AI] sz002128: 动作=HOLD, 逻辑=VALID
[15:01:22] [AI] sh600795: 动作=HOLD, 逻辑=VALID
[15:01:22] [AI] sh600025: 动作=HOLD, 逻辑=VALID
[15:01:22] [AI] sh600027: 动作=HOLD, 逻辑=VALID
[15:01:22] [AI] 原始候选信号: [{'symbol': 'sh688507', 'name': '索辰科技', 'score': 82, 'action': 'BUY', 'thesis': '科创板强度最高且个股接近龙头表现，当前未涨停，符合高潮期只做核心龙头的短线思路。'}]
[15:01:22] [AI] 信号: 索辰科技(sh688507) 动作=BUY 评分=82.0
[15:01:22] [风控] 拒绝 sh688507: [A级]单只超限：76% > 普通上限15%
[15:01:22] [风控] sh688507 索辰科技 被拦截：[A级]单只超限：76% > 普通上限15%
[15:02:47] [AI] 持仓分析: 6 项
[15:02:47] [AI] sh601398: 动作=HOLD, 逻辑=VALID
[15:02:47] [AI] sz300263: 动作=HOLD, 逻辑=VALID
[15:02:47] [AI] sz002128: 动作=HOLD, 逻辑=VALID
[15:02:47] [AI] sh600795: 动作=HOLD, 逻辑=VALID
[15:02:47] [AI] sh600025: 动作=HOLD, 逻辑=VALID
[15:02:47] [AI] sh600027: 动作=HOLD, 逻辑=VALID
[15:02:47] [AI] 原始候选信号: []
[15:04:16] [AI] 持仓分析: 6 项
[15:04:16] [AI] sh601398: 动作=HOLD, 逻辑=VALID
[15:04:16] [AI] sz300263: 动作=HOLD, 逻辑=VALID
[15:04:16] [AI] sz000537: 动作=HOLD, 逻辑=VALID
[15:04:16] [AI] sh600795: 动作=HOLD, 逻辑=VALID
[15:04:16] [AI] sh600025: 动作=HOLD, 逻辑=VALID
[15:04:16] [AI] sh600027: 动作=HOLD, 逻辑=VALID
[15:04:16] [AI] 原始候选信号: []
[15:05:48] [AI] 持仓分析: 6 项
[15:05:48] [AI] sh601398: 动作=HOLD, 逻辑=VALID
[15:05:48] [AI] sz300263: 动作=HOLD, 逻辑=VALID
[15:05:48] [AI] sz002128: 动作=HOLD, 逻辑=VALID
[15:05:48] [AI] sh600795: 动作=HOLD, 逻辑=VALID
[15:05:48] [AI] sh600025: 动作=HOLD, 逻辑=VALID
[15:05:48] [AI] sh600027: 动作=HOLD, 逻辑=VALID
[15:05:48] [AI] 原始候选信号: []
[15:07:16] [AI] 持仓分析: 6 项
[15:07:16] [AI] sh601398: 动作=HOLD, 逻辑=VALID
[15:07:16] [AI] sz300263: 动作=HOLD, 逻辑=VALID
[15:07:16] [AI] sz002128: 动作=HOLD, 逻辑=VALID
[15:07:16] [AI] sh600795: 动作=HOLD, 逻辑=VALID
[15:07:16] [AI] sh600025: 动作=HOLD, 逻辑=VALID
[15:07:16] [AI] sh600027: 动作=HOLD, 逻辑=VALID
[15:07:16] [AI] 原始候选信号: []
[15:08:55] [AI] 持仓分析: 6 项
[15:08:55] [AI] sh601398: 动作=HOLD, 逻辑=VALID
[15:08:55] [AI] sz300263: 动作=HOLD, 逻辑=VALID
[15:08:55] [AI] sz000958: 动作=HOLD, 逻辑=VALID
[15:08:55] [AI] sh600795: 动作=HOLD, 逻辑=VALID
[15:08:55] [AI] sh600025: 动作=HOLD, 逻辑=VALID
[15:08:55] [AI] sh600027: 动作=HOLD, 逻辑=VALID
[15:08:55] [AI] 原始候选信号: []
[15:10:18] [AI] 持仓分析: 6 项
[15:10:18] [AI] sh601398: 动作=HOLD, 逻辑=VALID
[15:10:18] [AI] sz300263: 动作=HOLD, 逻辑=VALID
[15:10:18] [AI] sz000958: 动作=HOLD, 逻辑=VALID
[15:10:18] [AI] sh600795: 动作=HOLD, 逻辑=VALID
[15:10:18] [AI] sh600025: 动作=HOLD, 逻辑=VALID
[15:10:18] [AI] sh600027: 动作=HOLD, 逻辑=VALID
[15:10:18] [AI] 原始候选信号: []
[15:11:48] [AI] 持仓分析: 6 项
[15:11:48] [AI] sh601398: 动作=HOLD, 逻辑=VALID
[15:11:48] [AI] sz300263: 动作=HOLD, 逻辑=VALID
[15:11:48] [AI] sz002128: 动作=HOLD, 逻辑=VALID
[15:11:48] [AI] sh600795: 动作=HOLD, 逻辑=VALID
[15:11:48] [AI] sh600025: 动作=HOLD, 逻辑=VALID
[15:11:48] [AI] sh600027: 动作=HOLD, 逻辑=VALID
[15:11:48] [AI] 原始候选信号: []
[15:13:17] [AI] 持仓分析: 6 项
[15:13:17] [AI] sh601398: 动作=HOLD, 逻辑=VALID
[15:13:17] [AI] sz300263: 动作=HOLD, 逻辑=VALID
[15:13:17] [AI] sz002128: 动作=HOLD, 逻辑=VALID
[15:13:17] [AI] sh600795: 动作=HOLD, 逻辑=VALID
[15:13:17] [AI] sh600025: 动作=HOLD, 逻辑=VALID
[15:13:17] [AI] sh600027: 动作=HOLD, 逻辑=VALID
[15:13:17] [AI] 原始候选信号: []
[15:14:46] [AI] 持仓分析: 6 项
[15:14:46] [AI] sh601398: 动作=HOLD, 逻辑=VALID
[15:14:46] [AI] sz300263: 动作=HOLD, 逻辑=VALID
[15:14:46] [AI] sz002128: 动作=HOLD, 逻辑=VALID
[15:14:46] [AI] sh600795: 动作=HOLD, 逻辑=VALID
[15:14:46] [AI] sh600025: 动作=HOLD, 逻辑=VALID
[15:14:46] [AI] sh600027: 动作=HOLD, 逻辑=VALID
[15:14:46] [AI] 原始候选信号: []
[15:16:18] [AI] 持仓分析: 6 项
[15:16:18] [AI] sh601398: 动作=HOLD, 逻辑=VALID
[15:16:18] [AI] sz300263: 动作=HOLD, 逻辑=VALID
[15:16:18] [AI] sz000958: 动作=HOLD, 逻辑=VALID
[15:16:18] [AI] sh600795: 动作=HOLD, 逻辑=VALID
[15:16:18] [AI] sh600025: 动作=HOLD, 逻辑=VALID
[15:16:18] [AI] sh600027: 动作=HOLD, 逻辑=VALID
[15:16:18] [AI] 原始候选信号: []
[15:17:48] [AI] 持仓分析: 6 项
[15:17:48] [AI] sh601398: 动作=HOLD, 逻辑=VALID
[15:17:48] [AI] sz300263: 动作=HOLD, 逻辑=VALID
[15:17:48] [AI] sz000958: 动作=HOLD, 逻辑=VALID
[15:17:48] [AI] sh600795: 动作=HOLD, 逻辑=VALID
[15:17:48] [AI] sh600025: 动作=HOLD, 逻辑=VALID
[15:17:48] [AI] sh600027: 动作=HOLD, 逻辑=VALID
[15:17:48] [AI] 原始候选信号: [{'symbol': 'sh688507', 'name': '索辰科技', 'score': 86, 'action': 'BUY', 'thesis': '科创板为当前最强方向，索辰科技涨幅18%但未涨停，具备高潮期龙头博弈价值。'}]
[15:17:48] [AI] 信号: 索辰科技(sh688507) 动作=BUY 评分=86.0
[15:17:48] [风控] 拒绝 sh688507: [A级]单只超限：76% > 普通上限15%
[15:17:48] [风控] sh688507 索辰科技 被拦截：[A级]单只超限：76% > 普通上限15%
[15:19:15] [AI] 持仓分析: 6 项
[15:19:15] [AI] sh601398: 动作=HOLD, 逻辑=VALID
[15:19:15] [AI] sz300263: 动作=HOLD, 逻辑=VALID
[15:19:15] [AI] sz002128: 动作=HOLD, 逻辑=VALID
[15:19:15] [AI] sh600795: 动作=HOLD, 逻辑=VALID
[15:19:15] [AI] sh600025: 动作=HOLD, 逻辑=VALID
[15:19:15] [AI] sh600027: 动作=HOLD, 逻辑=VALID
[15:19:15] [AI] 原始候选信号: []
[15:20:45] [AI] 持仓分析: 6 项
[15:20:45] [AI] sh601398: 动作=HOLD, 逻辑=VALID
[15:20:45] [AI] sz300263: 动作=HOLD, 逻辑=VALID
[15:20:45] [AI] sz002128: 动作=HOLD, 逻辑=VALID
[15:20:45] [AI] sh600795: 动作=HOLD, 逻辑=VALID
[15:20:45] [AI] sh600025: 动作=HOLD, 逻辑=VALID
[15:20:45] [AI] sh600027: 动作=HOLD, 逻辑=VALID
[15:20:45] [AI] 原始候选信号: []
[15:22:13] [AI] 持仓分析: 6 项
[15:22:13] [AI] sh601398: 动作=HOLD, 逻辑=VALID
[15:22:13] [AI] sz300263: 动作=HOLD, 逻辑=VALID
[15:22:13] [AI] sz002128: 动作=HOLD, 逻辑=VALID
[15:22:13] [AI] sh600795: 动作=HOLD, 逻辑=VALID
[15:22:13] [AI] sh600025: 动作=HOLD, 逻辑=VALID
[15:22:13] [AI] sh600027: 动作=HOLD, 逻辑=VALID
[15:22:13] [AI] 原始候选信号: []
[15:23:44] [AI] 持仓分析: 6 项
[15:23:44] [AI] sh601398: 动作=HOLD, 逻辑=VALID
[15:23:44] [AI] sz300263: 动作=HOLD, 逻辑=VALID
[15:23:44] [AI] sz000537: 动作=HOLD, 逻辑=VALID
[15:23:44] [AI] sh600795: 动作=HOLD, 逻辑=VALID
[15:23:44] [AI] sh600025: 动作=HOLD, 逻辑=VALID
[15:23:44] [AI] sh600027: 动作=HOLD, 逻辑=VALID
[15:23:44] [AI] 原始候选信号: []
[15:25:12] [AI] 持仓分析: 6 项
[15:25:12] [AI] sh601398: 动作=HOLD, 逻辑=VALID
[15:25:12] [AI] sz300263: 动作=HOLD, 逻辑=VALID
[15:25:12] [AI] sz000958: 动作=HOLD, 逻辑=VALID
[15:25:12] [AI] sh600795: 动作=HOLD, 逻辑=VALID
[15:25:12] [AI] sh600025: 动作=HOLD, 逻辑=VALID
[15:25:12] [AI] sh600027: 动作=HOLD, 逻辑=VALID
[15:25:12] [AI] 原始候选信号: []
[15:26:37] [AI] 持仓分析: 6 项
[15:26:37] [AI] sh601398: 动作=HOLD, 逻辑=VALID
[15:26:37] [AI] sz300263: 动作=HOLD, 逻辑=VALID
[15:26:37] [AI] sz002128: 动作=HOLD, 逻辑=VALID
[15:26:37] [AI] sh600795: 动作=HOLD, 逻辑=VALID
[15:26:37] [AI] sh600025: 动作=HOLD, 逻辑=VALID
[15:26:37] [AI] sh600027: 动作=HOLD, 逻辑=VALID
[15:26:37] [AI] 原始候选信号: []
[15:28:11] [AI] 持仓分析: 6 项
[15:28:11] [AI] sh601398: 动作=HOLD, 逻辑=VALID
[15:28:11] [AI] sz300263: 动作=HOLD, 逻辑=VALID
[15:28:11] [AI] sz002128: 动作=HOLD, 逻辑=VALID
[15:28:11] [AI] sh600795: 动作=HOLD, 逻辑=VALID
[15:28:11] [AI] sh600025: 动作=HOLD, 逻辑=VALID
[15:28:11] [AI] sh600027: 动作=HOLD, 逻辑=VALID
[15:28:11] [AI] 原始候选信号: []
[15:30:02] [系统] 正在启动双线程分析架构...
[15:30:02] [交易 AI] 线程已启动，间隔 90 秒 (优先级：高)。
[15:30:02] [系统] 双线程分析循环已启动 (交易 + 研究)。
[15:30:02] [研究 AI] 独立后台已启动，正在后台运行中... (等待触发节点)
[15:30:24] [AI] 持仓分析: 6 项
[15:30:24] [AI] sh601398: 动作=HOLD, 逻辑=VALID
[15:30:24] [AI] sz300263: 动作=HOLD, 逻辑=VALID
[15:30:24] [AI] sz000958: 动作=HOLD, 逻辑=VALID
[15:30:24] [AI] sh600795: 动作=HOLD, 逻辑=VALID
[15:30:24] [AI] sh600025: 动作=HOLD, 逻辑=VALID
[15:30:24] [AI] sh600027: 动作=HOLD, 逻辑=VALID
[15:30:24] [AI] 原始候选信号: []
[15:31:32] [交易 AI] 正在休市，等待开盘自动运行...
[15:35:02] [研究 AI] 触发节点 [收盘后深度复盘]，开始调用进行工作...
[15:35:22] [研究 AI] [收盘后深度复盘] 工作完成。提示: 空仓状态本身不存在持仓逻辑破坏风险，当前重点应从“急于交易”
[15:35:22] [研究 AI] 今日复盘日记已成功写入数据库。
[15:42:32] [系统] 分析循环已停止。
[16:22:55] [系统] 正在启动双线程分析架构...
[16:22:55] [交易 AI] 线程已启动，间隔 90 秒 (优先级：高)。
[16:22:55] [研究 AI] 独立后台已启动，正在后台运行中... (等待触发节点)
[16:22:55] [交易 AI] 正在休市，等待开盘自动运行...
[16:22:55] [系统] 双线程分析循环已启动 (交易 + 研究)。
[16:25:21] [系统] 分析循环已停止。
[17:26:02] [系统] 正在启动双线程分析架构...
[17:26:02] [交易 AI] 线程已启动，间隔 90 秒 (优先级：高)。
[17:26:02] [研究 AI] 独立后台已启动，正在后台运行中... (等待触发节点)
[17:26:02] [系统] 双线程分析循环已启动 (交易 + 研究)。
[17:26:02] [交易 AI] 正在休市，等待开盘自动运行...
[19:40:31] [系统] 正在启动双线程分析架构...
[19:40:31] [交易 AI] 线程已启动，间隔 90 秒 (优先级：高)。
[19:40:31] [研究 AI] 独立后台已启动，正在后台运行中... (等待触发节点)
[19:40:31] [系统] 双线程分析循环已启动 (交易 + 研究)。
[19:40:31] [交易 AI] 正在休市，等待开盘自动运行...
[09:12:39] [系统] 正在启动双线程分析架构...
[09:12:39] [交易 AI] 线程已启动，间隔 90 秒 (优先级：高)。
[09:12:39] [研究 AI] 独立后台已启动，正在后台运行中... (等待触发节点)
[09:12:39] [系统] 双线程分析循环已启动 (交易 + 研究)。
[09:12:39] [交易 AI] 正在休市，等待开盘自动运行...
[09:16:27] [AI] 持仓分析: 6 项
[09:16:27] [AI] sh601398: 动作=HOLD, 逻辑=VALID
[09:16:27] [AI] sz300263: 动作=HOLD, 逻辑=BROKEN
[09:16:27] [AI] sz000958: 动作=HOLD, 逻辑=VALID
[09:16:27] [AI] sh600795: 动作=HOLD, 逻辑=VALID
[09:16:27] [AI] sh600025: 动作=HOLD, 逻辑=VALID
[09:16:27] [AI] sh600027: 动作=HOLD, 逻辑=VALID
[09:16:27] [AI] 原始候选信号: [{'symbol': 'sh600025', 'name': '华能水电', 'score': 78, 'action': 'BUY', 'thesis': '主线核心龙头天山电子与上海电力均已涨停不追，华能水电作为电力容量中军，价格满足单票预算且适合震荡市低吸。'}, {'symbol': 'sh600795', 'name': '国电电力', 'score': 76, 'action': 'BUY', 'thesis': '电力板块仍是当前较强方向，国电电力量价相对平稳、辨识度较高，适合作为趋势中军低吸备选。'}, {'symbol': 'sh600027', 'name': '华电国际', 'score': 75, 'action': 'BUY', 'thesis': '华电国际处于电力主线内，未涨停且价格满足资金约束，可作为核心涨停无法参与后的中军低吸选择。'}]
[09:16:27] [AI] 信号: 华能水电(sh600025) 动作=BUY 评分=78.0
[09:16:27] [交易] sh600025 资金不足
[09:16:27] [风控] sh600025 华能水电 被拦截：资金不足
[09:16:27] [关注] 自动加入 华能水电(sh600025) 到观察池
[09:16:27] [AI] 信号: 国电电力(sh600795) 动作=BUY 评分=76.0
[09:16:27] [交易] 买入 国电电力: 100股 @ 5.17
[09:16:27] [AI] 信号: 华电国际(sh600027) 动作=BUY 评分=75.0
[09:16:27] [交易] 买入 华电国际: 100股 @ 5.46
[09:17:48] [AI] 持仓分析: 6 项
[09:17:48] [AI] sh601398: 动作=HOLD, 逻辑=BROKEN
[09:17:48] [AI] sz300263: 动作=HOLD, 逻辑=VALID
[09:17:48] [AI] sz002128: 动作=HOLD, 逻辑=VALID
[09:17:48] [AI] sh600795: 动作=HOLD, 逻辑=VALID
[09:17:48] [AI] sh600025: 动作=HOLD, 逻辑=VALID
[09:17:48] [AI] sh600027: 动作=HOLD, 逻辑=VALID
[09:17:48] [AI] 原始候选信号: [{'symbol': 'sh600795', 'name': '国电电力', 'score': 78, 'action': 'BUY', 'thesis': '上海电力涨停带动电力主线，但龙头已涨停不可追，国电电力作为容量中军价格符合资金约束，适合震荡期低吸。'}, {'symbol': 'sh600025', 'name': '华能水电', 'score': 75, 'action': 'BUY', 'thesis': '同属电力方向的趋势中军，股价未涨停且100股资金可覆盖，具备防御和低吸属性。'}]
[09:17:48] [AI] 信号: 国电电力(sh600795) 动作=BUY 评分=78.0
[09:17:48] [风控] 拒绝 sh600795: [A级]仓位已满：当前60% >= 市场neutral最大60%
[09:17:48] [风控] sh600795 国电电力 被拦截：[A级]仓位已满：当前60% >= 市场neutral最大60%
[09:17:48] [关注] 自动加入 国电电力(sh600795) 到观察池
[09:17:48] [AI] 信号: 华能水电(sh600025) 动作=BUY 评分=75.0
[09:17:48] [风控] 拒绝 sh600025: [A级]仓位已满：当前60% >= 市场neutral最大60%
[09:17:48] [风控] sh600025 华能水电 被拦截：[A级]仓位已满：当前60% >= 市场neutral最大60%
[09:18:03] [系统] 分析循环已停止。
[10:11:10] [系统] 正在启动双线程分析架构...
[10:11:10] [交易 AI] 线程已启动，间隔 90 秒 (优先级：高)。
[10:11:10] [系统] 双线程分析循环已启动 (交易 + 研究)。
[10:11:10] [研究 AI] 独立后台已启动，正在后台运行中... (等待触发节点)
[10:12:37] [AI] 持仓分析: 5 项
[10:12:37] [AI] sh601398: 动作=SELL, 逻辑=BROKEN
[10:12:37] [AI] 逻辑破坏 sh601398，触发卖出
[10:12:37] [交易] 错误: cannot access local variable 'qty' where it is not associated with a value
[10:12:37] [AI] sz300263: 动作=HOLD, 逻辑=VALID
[10:12:37] [AI] sh600795: 动作=SELL, 逻辑=BROKEN
[10:12:37] [AI] 逻辑破坏 sh600795，触发卖出
[10:12:37] [交易] 错误: cannot access local variable 'qty' where it is not associated with a value
[10:12:37] [AI] sh600025: 动作=SELL, 逻辑=BROKEN
[10:12:37] [AI] 逻辑破坏 sh600025，触发卖出
[10:12:37] [交易] 错误: cannot access local variable 'qty' where it is not associated with a value
[10:12:37] [AI] sh600027: 动作=SELL, 逻辑=BROKEN
[10:12:37] [AI] 逻辑破坏 sh600027，触发卖出
[10:12:37] [交易] 错误: cannot access local variable 'qty' where it is not associated with a value
[10:12:37] [AI] 原始候选信号: []
[10:13:14] [系统] 分析循环已停止。
[10:13:49] [AI] 持仓分析: 2 项
[10:13:49] [AI] 300263.SZ: 动作=HOLD, 逻辑=VALID
[10:13:49] [AI] 000958.SZ: 动作=HOLD, 逻辑=VALID
[10:13:49] [AI] 原始候选信号: [{'symbol': '300687.SZ', 'name': '赛意信息', 'score': 76, 'action': 'BUY', 'thesis': '创业板强势板块内的趋势中军，未涨停且涨幅领先，具备轮动接力预期。'}]
[10:13:49] [AI] 信号: 赛意信息(sz300687.SZ) 动作=BUY 评分=76.0
[10:13:49] [风控] sz300687.SZ 赛意信息 被拦截：无法获取价格（可能停牌或代码错误）
[10:13:49] [关注] 自动加入 赛意信息(sz300687.SZ) 到观察池
[10:25:38] [系统] 正在启动双线程分析架构...
[10:25:38] [交易 AI] 线程已启动，间隔 90 秒 (优先级：高)。
[10:25:38] [研究 AI] 独立后台已启动，正在后台运行中... (等待触发节点)
[10:25:38] [系统] 双线程分析循环已启动 (交易 + 研究)。
[10:25:57] [AI] 持仓分析: 2 项
[10:25:57] [AI] sz300263: 动作=HOLD, 逻辑=VALID
[10:25:57] [AI] sz002128: 动作=HOLD, 逻辑=VALID
[10:25:57] [AI] 原始候选信号: [{'symbol': 'sz301013', 'name': '利和兴', 'score': 82, 'action': 'BUY', 'thesis': '作为当前强势龙头之一且未达到20cm涨停，辨识度高于普通跟风，资金预算可覆盖100股，适合小仓位参与情绪升温阶段的核心弹性。'}]
[10:25:57] [AI] 信号: 利和兴(sz301013) 动作=BUY 评分=82.0
[10:25:57] [风控] 拒绝 sz301013: [A级]单只超限：18% > 普通上限15%
[10:25:57] [风控] sz301013 利和兴 被拦截：[A级]单只超限：18% > 普通上限15%
[10:25:57] [关注] 自动加入 利和兴(sz301013) 到观察池
[10:27:33] [AI] 持仓分析: 2 项
[10:27:33] [AI] sz300263: 动作=HOLD, 逻辑=VALID
[10:27:33] [AI] sz002128: 动作=HOLD, 逻辑=VALID
[10:27:33] [AI] 原始候选信号: []
[10:29:01] [AI] 持仓分析: 2 项
[10:29:01] [AI] sz300263: 动作=HOLD, 逻辑=VALID
[10:29:01] [AI] sz002128: 动作=HOLD, 逻辑=VALID
[10:29:01] [AI] 原始候选信号: []
[10:30:40] [AI] 持仓分析: 2 项
[10:30:40] [AI] sz300263: 动作=HOLD, 逻辑=VALID
[10:30:40] [AI] sz000958: 动作=HOLD, 逻辑=VALID
[10:30:40] [AI] 原始候选信号: []
[10:33:10] [AI] 持仓分析: 2 项
[10:33:10] [AI] sz300263: 动作=HOLD, 逻辑=VALID
[10:33:10] [AI] sz002128: 动作=HOLD, 逻辑=VALID
[10:33:10] [AI] 原始候选信号: [{'symbol': 'sh688361', 'name': '中科飞测', 'score': 82, 'action': 'BUY', 'thesis': '科创板主线延续，龙头已涨停不可追，中科飞测作为未涨停的高辨识度中军，具备承接情绪与继续轮动的机会。'}]
[10:33:10] [AI] 信号: 中科飞测(sh688361) 动作=BUY 评分=82.0
[10:33:10] [风控] 拒绝 sh688361: [A级]单只超限：125% > 普通上限15%
[10:33:10] [风控] sh688361 中科飞测 被拦截：[A级]单只超限：125% > 普通上限15%
[10:33:10] [关注] 自动加入 中科飞测(sh688361) 到观察池
[10:35:07] [AI] 持仓分析: 2 项
[10:35:07] [AI] sz300263: 动作=SELL, 逻辑=BROKEN
[10:35:07] [AI] 逻辑破坏 sz300263，触发卖出
[10:35:07] [交易] 卖出 隆华科技: 100股 @ 13.7, 盈亏=+51.00
[10:35:30] [系统] 分析循环已停止。
[10:35:35] [AI] 持仓分析: 2 项
[10:35:35] [AI] sz300263: 动作=HOLD, 逻辑=VALID
[10:35:35] [AI] sz000875: 动作=HOLD, 逻辑=VALID
[10:35:35] [AI] 原始候选信号: []
[10:44:55] [系统] 正在启动双线程分析架构...
[10:44:55] [交易 AI] 线程已启动，间隔 90 秒 (优先级：高)。
[10:44:55] [系统] 双线程分析循环已启动 (交易 + 研究)。
[10:44:55] [研究 AI] 独立后台已启动，正在后台运行中... (等待触发节点)
[10:45:08] [AI] 持仓分析: 2 项
[10:45:08] [AI] sz300263: 动作=HOLD, 逻辑=VALID
[10:45:08] [AI] sz000875: 动作=SELL, 逻辑=BROKEN
[10:45:08] [AI] 逻辑破坏 sz000875，触发卖出
[10:45:08] [风控] 拒绝 sz000875: [S级]硬止损：浮亏-5.1% <= -5.0%（其他）
[10:45:08] [AI] 原始候选信号: []
[10:47:33] [AI] 持仓分析: 2 项
[10:47:33] [AI] sz300263: 动作=HOLD, 逻辑=VALID
[10:47:33] [AI] sz000875: 动作=SELL, 逻辑=BROKEN
[10:47:33] [AI] 逻辑破坏 sz000875，触发卖出
[10:47:33] [风控] 拒绝 sz000875: [S级]硬止损：浮亏-5.2% <= -5.0%（其他）
[10:47:33] [AI] 原始候选信号: []
[10:48:16] [AI] 持仓分析: 2 项
[10:48:16] [AI] sz300263: 动作=HOLD, 逻辑=VALID
[10:48:16] [AI] sz000875: 动作=SELL, 逻辑=BROKEN
[10:48:16] [AI] 逻辑破坏 sz000875，触发卖出
[10:48:16] [风控] 拒绝 sz000875: [S级]硬止损：浮亏-5.2% <= -5.0%（其他）
[10:48:16] [AI] 原始候选信号: []
[10:49:29] [系统] 分析循环已停止。
[10:49:40] [AI] 持仓分析: 2 项
[10:49:40] [AI] sz300263: 动作=HOLD, 逻辑=VALID
[10:49:40] [AI] sz000875: 动作=SELL, 逻辑=BROKEN
[10:49:40] [AI] 逻辑破坏 sz000875，触发卖出
[10:49:40] [风控] 拒绝 sz000875: [S级]硬止损：浮亏-5.2% <= -5.0%（其他）
[10:49:40] [AI] 原始候选信号: []
[10:58:59] [系统] 正在启动双线程分析架构...
[10:58:59] [交易 AI] 线程已启动，间隔 90 秒 (优先级：高)。
[10:58:59] [研究 AI] 独立后台已启动，正在后台运行中... (等待触发节点)
[10:58:59] [系统] 双线程分析循环已启动 (交易 + 研究)。
[10:59:32] [AI] 持仓分析: 2 项
[10:59:32] [AI] sz300263(隆华科技): 动作=HOLD, 逻辑=VALID
[10:59:32] [AI] sz000875(电投绿能): 动作=SELL, 逻辑=BROKEN
[10:59:32] [AI] 逻辑破坏 sz000875，触发卖出
[10:59:32] [交易] 卖出 电投绿能: 200股 @ 6.53, 盈亏=-72.00
[10:59:32] [AI] 原始候选信号: [{'symbol': 'sz000875', 'name': '电投绿能', 'action': 'SELL', 'reason': '不在当前最强科创板主线内，走势偏弱，继续持有的机会成本较高。', 'risk_result': '已卖出'}, {'symbol': 'sh688361', 'name': '中科飞测', 'score': 91, 'action': 'BUY', 'thesis': '科创板主线核心之一，处于强势板块内部的高辨识度龙头，未涨停且具备资金继续聚焦的条件。'}, {'symbol': 'sh688347', 'name': '华虹公司', 'score': 86, 'action': 'BUY', 'thesis': '同属科创板强主线的趋势中军，容量较大、量价更健康，适合作为龙头之外的承接标的。'}]
[10:59:32] [AI] 信号: 电投绿能(sz000875) 动作=SELL 评分=0.0
[10:59:32] [AI] 信号: 电投绿能 动作=SELL 评分=0.0
[10:59:32] [AI] 信号: 中科飞测(sh688361) 动作=BUY 评分=91.0
[10:59:32] [风控] 拒绝 sh688361: [A级]单只超限：127% > 普通上限15%
[10:59:32] [风控] sh688361 中科飞测 被拦截：[A级]单只超限：127% > 普通上限15%
[10:59:32] [AI] 信号: 华虹公司(sh688347) 动作=BUY 评分=86.0
[10:59:32] [风控] 拒绝 sh688347: [A级]单只超限：84% > 普通上限15%
[10:59:32] [风控] sh688347 华虹公司 被拦截：[A级]单只超限：84% > 普通上限15%
[10:59:32] [关注] 自动加入 华虹公司(sh688347) 到观察池
[11:00:48] [AI] 持仓分析: 1 项
[11:00:48] [AI] sz300263(隆华科技): 动作=HOLD, 逻辑=VALID
[11:00:48] [AI] 原始候选信号: []
[11:02:21] [AI] 持仓分析: 1 项
[11:02:21] [AI] sz300263(隆华科技): 动作=HOLD, 逻辑=VALID
[11:02:21] [AI] 原始候选信号: []
[11:03:11] [系统] 分析循环已停止。
[11:03:13] [系统] 正在启动双线程分析架构...
[11:03:13] [交易 AI] 线程已启动，间隔 90 秒 (优先级：高)。
[11:03:13] [研究 AI] 独立后台已启动，正在后台运行中... (等待触发节点)
[11:03:13] [系统] 双线程分析循环已启动 (交易 + 研究)。
[11:04:04] [AI] 持仓分析: 1 项
[11:04:04] [AI] sz300263(隆华科技): 动作=HOLD, 逻辑=VALID
[11:04:04] [AI] 原始候选信号: [{'symbol': 'sh688449', 'name': '联芸科技', 'score': 82, 'action': 'BUY', 'thesis': '科创板主线内的趋势标的，受板块升温和龙头带动共振，当前未涨停，适合做短线接力。'}]
[11:04:04] [AI] 信号: 联芸科技(sh688449) 动作=BUY 评分=82.0
[11:04:04] [风控] 拒绝 sh688449: [A级]单只超限：41% > 普通上限15%
[11:04:04] [风控] sh688449 联芸科技 被拦截：[A级]单只超限：41% > 普通上限15%
[11:04:04] [关注] 自动加入 联芸科技(sh688449) 到观察池
[11:05:06] [AI] 持仓分析: 1 项
[11:05:06] [AI] sz300263(隆华科技): 动作=HOLD, 逻辑=VALID
[11:05:06] [AI] 原始候选信号: []
[11:06:49] [AI] 持仓分析: 1 项
[11:06:49] [AI] sz300263(隆华科技): 动作=HOLD, 逻辑=VALID
[11:06:49] [AI] 原始候选信号: []
[11:07:54] [AI] 持仓分析: 1 项
[11:07:54] [AI] sz300263(隆华科技): 动作=HOLD, 逻辑=VALID
[11:07:54] [AI] 原始候选信号: []
[11:09:27] [AI] 持仓分析: 1 项
[11:09:27] [AI] sz300263(隆华科技): 动作=HOLD, 逻辑=VALID
[11:09:27] [AI] 原始候选信号: []
[11:11:16] [AI] 持仓分析: 1 项
[11:11:16] [AI] sz300263(隆华科技): 动作=HOLD, 逻辑=VALID
[11:11:16] [AI] 原始候选信号: [{'symbol': 'sh688371', 'name': '菲沃泰', 'score': 78, 'action': 'BUY', 'thesis': '科创板主线强势延续，上海合晶已涨停且前排受限时，菲沃泰作为同板块有辨识度的趋势中军更符合接力逻辑，且未在冷却名单、非涨停，满足短线参与条件。'}]
[11:11:16] [AI] 信号: 菲沃泰(sh688371) 动作=BUY 评分=78.0
[11:11:16] [风控] 拒绝 sh688371: [A级]单只超限：21% > 普通上限15%
[11:11:16] [风控] sh688371 菲沃泰 被拦截：[A级]单只超限：21% > 普通上限15%
[11:11:16] [关注] 自动加入 菲沃泰(sh688371) 到观察池
[11:12:22] [AI] 持仓分析: 1 项
[11:12:22] [AI] sz300263(隆华科技): 动作=HOLD, 逻辑=VALID
[11:12:22] [AI] 原始候选信号: []
[11:13:51] [AI] 持仓分析: 1 项
[11:13:51] [AI] sz300263(隆华科技): 动作=HOLD, 逻辑=VALID
[11:13:51] [AI] 原始候选信号: []
[11:15:24] [AI] 持仓分析: 1 项
[11:15:24] [AI] sz300263(隆华科技): 动作=HOLD, 逻辑=VALID
[11:15:24] [AI] 原始候选信号: [{'symbol': 'sh688317', 'name': '之江生物', 'score': 75, 'action': 'BUY', 'thesis': '科创板叠加医药方向，未涨停且相对前排仍有交易空间，可作为主线内的趋势中军低吸观察。'}]
[11:15:24] [AI] 信号: 之江生物(sh688317) 动作=BUY 评分=75.0
[11:15:24] [交易] sh688317 资金不足
[11:15:24] [风控] sh688317 之江生物 被拦截：资金不足
[11:15:24] [关注] 自动加入 之江生物(sh688317) 到观察池
[11:16:53] [AI] 持仓分析: 1 项
[11:16:53] [AI] sz300263(隆华科技): 动作=HOLD, 逻辑=VALID
[11:16:53] [AI] 原始候选信号: []
[11:19:10] [AI] 持仓分析: 1 项
[11:19:10] [AI] sz300263(隆华科技): 动作=HOLD, 逻辑=VALID
[11:19:10] [AI] 原始候选信号: []
[11:19:50] [AI] 持仓分析: 1 项
[11:19:50] [AI] sz300263(隆华科技): 动作=HOLD, 逻辑=VALID
[11:19:50] [AI] 原始候选信号: []
[11:22:15] [系统] 分析循环已停止。
[11:22:35] [系统] 正在启动双线程分析架构...
[11:22:35] [交易 AI] 线程已启动，间隔 90 秒 (优先级：高)。
[11:22:35] [研究 AI] 独立后台已启动，正在后台运行中... (等待触发节点)
[11:22:35] [系统] 双线程分析循环已启动 (交易 + 研究)。
[11:23:05] [AI] 持仓分析: 1 项
[11:23:05] [AI] sz300263(隆华科技): 动作=HOLD, 逻辑=VALID
[11:23:05] [AI] 原始候选信号: [{'symbol': 'sh688371', 'name': '菲沃泰', 'score': 78, 'action': 'BUY', 'thesis': '科创板为最强主线，上海合晶已20cm涨停不追，菲沃泰属于同板块前排未涨停标的，具备龙头买不到后的强势承接博弈价值。'}]
[11:23:05] [AI] 信号: 菲沃泰(sh688371) 动作=BUY 评分=78.0
[11:23:05] [交易] 错误: cannot access local variable 'cash' where it is not associated with a value
[11:23:05] [风控] sh688371 菲沃泰 被拦截：异常：cannot access local variable 'cash' where it is no
[11:23:19] [系统] 分析循环已停止。
[11:26:55] [系统] 正在启动双线程分析架构...
[11:26:55] [交易 AI] 线程已启动，间隔 90 秒 (优先级：高)。
[11:26:55] [研究 AI] 独立后台已启动，正在后台运行中... (等待触发节点)
[11:26:55] [系统] 双线程分析循环已启动 (交易 + 研究)。
[11:27:14] [AI] 持仓分析: 1 项
[11:27:14] [AI] sz300263(隆华科技): 动作=HOLD, 逻辑=VALID
[11:27:14] [AI] 原始候选信号: [{'symbol': 'sh688146', 'name': '中船特气', 'score': 86, 'action': 'BUY', 'thesis': '科创板最强主线内的高辨识度核心强势股，涨幅未达20cm涨停，符合升温期优先做核心龙头的策略。'}, {'symbol': 'sh688361', 'name': '中科飞测', 'score': 81, 'action': 'BUY', 'thesis': '科创板主线内趋势辨识度较高，涨幅强但未涨停，可作为龙头无法成交时的趋势中军备选。'}, {'symbol': 'sh688371', 'name': '菲沃泰', 'score': 78, 'action': 'BUY', 'thesis': '同属科创板强势梯队，资金承接较强且未封涨停，适合作为主线内弹性备选。'}]
[11:27:14] [AI] 信号: 中船特气(sh688146) 动作=BUY 评分=86.0
[11:27:14] [交易] sh688146 资金不足 (现价148.72, 预算1848.4)
[11:27:14] [风控] sh688146 中船特气 被拦截：资金不足，买不起 100 股
[11:27:14] [关注] 自动加入 中船特气(sh688146) 到观察池
[11:27:14] [AI] 信号: 中科飞测(sh688361) 动作=BUY 评分=81.0
[11:27:14] [交易] sh688361 资金不足 (现价256.74, 预算1848.4)
[11:27:14] [风控] sh688361 中科飞测 被拦截：资金不足，买不起 100 股
[11:27:14] [AI] 信号: 菲沃泰(sh688371) 动作=BUY 评分=78.0
[11:27:14] [交易] sh688371 资金不足 (现价43.49, 预算1848.4)
[11:27:14] [风控] sh688371 菲沃泰 被拦截：资金不足，买不起 100 股
[11:27:36] [系统] 分析循环已停止。
[12:05:46] [系统] 模式已切换至 AUTO
[12:06:02] [AI] 持仓分析: 1 项
[12:06:02] [AI] sz300263(隆华科技): 动作=HOLD, 逻辑=VALID
[12:06:02] [AI] 原始候选信号: [{'symbol': 'sz300174', 'name': '元力股份', 'score': 86, 'action': 'BUY', 'thesis': '自身已进入全市场龙头锚点且在可交易池内，涨幅未达涨停，符合高潮期只做主线核心强势股的要求。'}]
[12:06:02] [AI] 信号: 元力股份(sz300174) 动作=BUY 评分=86.0
[12:06:02] [交易] sz300174 资金不足 (现价19.99, 预算1848.4)
[12:06:02] [风控] sz300174 元力股份 被拦截：资金不足，买不起 100 股
[12:06:02] [关注] 自动加入 元力股份(sz300174) 到观察池
[12:07:20] [系统] 正在启动双线程分析架构...
[12:07:20] [交易 AI] 线程已启动，间隔 90 秒 (优先级：高)。
[12:07:20] [交易 AI] 正在休市，等待开盘自动运行...
[12:07:20] [研究 AI] 独立后台已启动，正在后台运行中... (等待触发节点)
[12:07:20] [系统] 双线程分析循环已启动 (交易 + 研究)。
[12:30:20] [研究 AI] 触发节点 [下午盘前策略]，开始调用进行工作...
[12:30:42] [研究 AI] [下午盘前策略] 工作完成。提示: 当前以空仓等待主线确认更优，先观察强势板块是否完成分歧转一致
[12:30:42] [研究 AI] 今日复盘日记已成功写入数据库。
[13:00:52] [AI] 持仓分析: 1 项
[13:00:52] [AI] sz300263(隆华科技): 动作=HOLD, 逻辑=VALID
[13:00:52] [AI] 原始候选信号: [{'symbol': 'sz300174', 'name': '元力股份', 'score': 84, 'action': 'BUY', 'thesis': '处于第一层主线锚点，属于当前资金偏好的科技/硬科技延伸方向，价格低于预算且具备辨识度，适合作为同主线核心弹性标的。'}]
[13:00:52] [AI] 信号: 元力股份(sz300174) 动作=BUY 评分=84.0
[13:00:52] [交易] sz300174 资金不足 (现价20.07, 预算1848.4)
[13:00:52] [风控] sz300174 元力股份 被拦截：资金不足，买不起 100 股
[13:02:06] [AI] 持仓分析: 1 项
[13:02:06] [AI] sz300263(隆华科技): 动作=HOLD, 逻辑=VALID
[13:02:06] [AI] 原始候选信号: [{'symbol': 'sz300174', 'name': '元力股份', 'score': 86, 'action': 'BUY', 'thesis': '属于第一层观测锚点且在可交易池内，20cm方向强势但未涨停，符合高潮期只做核心龙头的原则。'}]
[13:02:06] [AI] 信号: 元力股份(sz300174) 动作=BUY 评分=86.0
[13:02:06] [交易] sz300174 资金不足 (现价20.26, 预算1848.4)
[13:02:06] [风控] sz300174 元力股份 被拦截：资金不足，买不起 100 股
[13:03:38] [AI] 持仓分析: 1 项
[13:03:38] [AI] sz300263(隆华科技): 动作=HOLD, 逻辑=VALID
[13:03:38] [AI] 原始候选信号: [{'symbol': 'sz300174', 'name': '元力股份', 'score': 88, 'action': 'BUY', 'thesis': '属于第一层观测锚点且在可交易池内，创业板弹性强、未涨停，符合高潮期只做核心辨识度标的的原则。'}]
[13:03:38] [AI] 信号: 元力股份(sz300174) 动作=BUY 评分=88.0
[13:03:38] [交易] sz300174 资金不足 (现价20.29, 预算1848.4)
[13:03:38] [风控] sz300174 元力股份 被拦截：资金不足，买不起 100 股
[13:05:04] [AI] 持仓分析: 1 项
[13:05:04] [AI] sz300263(隆华科技): 动作=HOLD, 逻辑=VALID
[13:05:04] [AI] 原始候选信号: [{'symbol': 'sz300174', 'name': '元力股份', 'score': 86, 'action': 'BUY', 'thesis': '属于第一层观测锚点中的强势核心且在可交易池内，股价未涨停、预算可覆盖，符合高潮期只做龙头的要求。'}]
[13:05:04] [AI] 信号: 元力股份(sz300174) 动作=BUY 评分=86.0
[13:05:04] [交易] sz300174 资金不足 (现价20.4, 预算1848.4)
[13:05:04] [风控] sz300174 元力股份 被拦截：资金不足，买不起 100 股
[13:06:37] [AI] 持仓分析: 1 项
[13:06:37] [AI] sz300263(隆华科技): 动作=HOLD, 逻辑=VALID
[13:06:37] [AI] 原始候选信号: [{'symbol': 'sz300174', 'name': '元力股份', 'score': 86, 'action': 'BUY', 'thesis': '属于当前可交易池中最贴近核心强势锚点的20cm弹性标的，涨幅强但未涨停，符合高潮期只做主线龙头的策略。'}]
[13:06:37] [AI] 信号: 元力股份(sz300174) 动作=BUY 评分=86.0
[13:06:37] [交易] sz300174 资金不足 (现价20.84, 预算1848.4)
[13:06:37] [风控] sz300174 元力股份 被拦截：资金不足，买不起 100 股
[13:08:05] [AI] 持仓分析: 1 项
[13:08:05] [AI] sz300263(隆华科技): 动作=HOLD, 逻辑=VALID
[13:08:05] [AI] 原始候选信号: [{'symbol': 'sz300174', 'name': '元力股份', 'score': 82, 'action': 'BUY', 'thesis': '属于当前全市场强势锚点之一，涨幅高但未涨停，兼具辨识度和可交易性，符合高潮期只做核心龙头的原则。'}]
[13:08:05] [AI] 信号: 元力股份(sz300174) 动作=BUY 评分=82.0
[13:08:05] [交易] sz300174 资金不足 (现价20.87, 预算1848.4)
[13:08:05] [风控] sz300174 元力股份 被拦截：资金不足，买不起 100 股
[13:09:34] [AI] 持仓分析: 1 项
[13:09:34] [AI] sz300263(隆华科技): 动作=HOLD, 逻辑=VALID
[13:09:34] [AI] 原始候选信号: [{'symbol': 'sz300174', 'name': '元力股份', 'score': 82, 'action': 'BUY', 'thesis': '同时出现在全市场强势锚点和可交易池中，涨幅强但未涨停，属于当前可参与范围内辨识度最高的核心强势股。'}]
[13:09:34] [AI] 信号: 元力股份(sz300174) 动作=BUY 评分=82.0
[13:09:35] [交易] sz300174 资金不足 (现价20.88, 预算1848.4)
[13:09:35] [风控] sz300174 元力股份 被拦截：资金不足，买不起 100 股
[13:11:15] [AI] 持仓分析: 1 项
[13:11:15] [AI] sz300263(隆华科技): 动作=SELL, 逻辑=BROKEN
[13:11:15] [AI] 逻辑破坏 sz300263，触发卖出
[13:11:15] [交易] 卖出 隆华科技: 100股 @ 13.79, 盈亏=+60.00
[13:11:15] [AI] 原始候选信号: [{'symbol': 'sz300263', 'name': '隆华科技', 'action': 'SELL', 'reason': '当前持仓不在最强主线核心锚点内，高潮期应向市场龙头集中，弱相关持仓性价比下降。', 'risk_result': '已卖出'}]
[13:11:15] [AI] 信号: 隆华科技(sz300263) 动作=SELL 评分=0.0
[13:11:15] [AI] 信号: 隆华科技 动作=SELL 评分=0.0
[13:12:30] [AI] 持仓分析: 0 项
[13:12:30] [AI] 原始候选信号: [{'symbol': 'sz300174', 'name': '元力股份', 'score': 82, 'action': 'BUY', 'thesis': '作为第一层观测锚点且在可交易候选池内，日内强度靠前但未涨停，符合高潮期只做同主线核心强势股的要求。'}]
[13:12:30] [AI] 信号: 元力股份(sz300174) 动作=BUY 评分=82.0
[13:12:30] [交易] sz300174 资金不足 (现价20.73, 预算1986.3000000000002)
[13:12:30] [风控] sz300174 元力股份 被拦截：资金不足，买不起 100 股
[13:14:10] [AI] 持仓分析: 0 项
[13:14:10] [AI] 原始候选信号: [{'symbol': 'sz300174', 'name': '元力股份', 'score': 84, 'action': 'BUY', 'thesis': '位于第一层全市场龙头锚点，属于当前高潮期最强资金方向的核心标的之一，且未涨停，具备继续走强的接力价值。'}]
[13:14:10] [AI] 信号: 元力股份(sz300174) 动作=BUY 评分=84.0
[13:14:10] [交易] sz300174 资金不足 (现价20.79, 预算1986.3000000000002)
[13:14:10] [风控] sz300174 元力股份 被拦截：资金不足，买不起 100 股
[13:15:42] [AI] 持仓分析: 0 项
[13:15:42] [AI] 原始候选信号: [{'symbol': 'sz300174', 'name': '元力股份', 'score': 82, 'action': 'BUY', 'thesis': '位于可交易池且进入全市场第一层强势锚点，涨幅领先、属于当前热度中的核心强势票，符合高潮期只做龙头的思路。'}]
[13:15:42] [AI] 信号: 元力股份(sz300174) 动作=BUY 评分=82.0
[13:15:42] [交易] sz300174 资金不足 (现价20.67, 预算1986.3000000000002)
[13:15:42] [风控] sz300174 元力股份 被拦截：资金不足，买不起 100 股
[13:17:01] [AI] 持仓分析: 0 项
[13:17:01] [AI] 原始候选信号: [{'symbol': 'sz300174', 'name': '元力股份', 'score': 86, 'action': 'BUY', 'thesis': '属于当前全市场强势锚点之一，且在可交易候选池内，涨幅未达涨停，具备主线核心辨识度和继续博弈资金承接的条件。'}]
[13:17:01] [AI] 信号: 元力股份(sz300174) 动作=BUY 评分=86.0
[13:17:01] [交易] sz300174 资金不足 (现价20.6, 预算1986.3000000000002)
[13:17:01] [风控] sz300174 元力股份 被拦截：资金不足，买不起 100 股
[13:18:32] [AI] 持仓分析: 0 项
[13:18:32] [AI] 原始候选信号: [{'symbol': 'sz300174', 'name': '元力股份', 'score': 82, 'action': 'BUY', 'thesis': '属于全市场强势锚点且在可交易池内，创业板大涨但未涨停，符合高潮期只做核心龙头的策略。'}]
[13:18:32] [AI] 信号: 元力股份(sz300174) 动作=BUY 评分=82.0
[13:18:32] [交易] sz300174 资金不足 (现价20.6, 预算1986.3000000000002)
[13:18:32] [风控] sz300174 元力股份 被拦截：资金不足，买不起 100 股
[13:20:00] [AI] 持仓分析: 0 项
[13:20:00] [AI] 原始候选信号: [{'symbol': 'sz300174', 'name': '元力股份', 'score': 82, 'action': 'BUY', 'thesis': '属于全市场强势锚点且在可交易池内，涨幅未达涨停，具备主线核心辨识度，符合高潮期只做龙头的要求。'}]
[13:20:00] [AI] 信号: 元力股份(sz300174) 动作=BUY 评分=82.0
[13:20:00] [交易] sz300174 资金不足 (现价20.58, 预算1986.3000000000002)
[13:20:00] [风控] sz300174 元力股份 被拦截：资金不足，买不起 100 股
[13:21:26] [AI] 持仓分析: 0 项
[13:21:26] [AI] 原始候选信号: [{'symbol': 'sz300174', 'name': '元力股份', 'score': 86, 'action': 'BUY', 'thesis': '可交易池内唯一同时具备主线辨识度与强势表现的核心标的，未涨停且符合高潮期只做龙头的要求。'}]
[13:21:26] [AI] 信号: 元力股份(sz300174) 动作=BUY 评分=86.0
[13:21:26] [交易] sz300174 资金不足 (现价20.61, 预算1986.3000000000002)
[13:21:26] [风控] sz300174 元力股份 被拦截：资金不足，买不起 100 股
[13:22:57] [AI] 持仓分析: 0 项
[13:22:57] [AI] 原始候选信号: [{'symbol': 'sz300174', 'name': '元力股份', 'score': 88, 'action': 'BUY', 'thesis': '同时出现在龙头锚点与可交易池中，涨幅强但未涨停，具备主线辨识度和创业板弹性，是当前池内唯一符合高潮期只做核心的标的。'}]
[13:22:57] [AI] 信号: 元力股份(sz300174) 动作=BUY 评分=88.0
[13:22:57] [交易] sz300174 资金不足 (现价20.52, 预算1986.3000000000002)
[13:22:57] [风控] sz300174 元力股份 被拦截：资金不足，买不起 100 股
[13:24:26] [AI] 持仓分析: 0 项
[13:24:26] [AI] 原始候选信号: [{'symbol': 'sz300174', 'name': '元力股份', 'score': 86, 'action': 'BUY', 'thesis': '同时出现在全市场龙头锚点与可交易池，创业板弹性强且未涨停，符合升温期优先做核心辨识度标的。'}]
[13:24:26] [AI] 信号: 元力股份(sz300174) 动作=BUY 评分=86.0
[13:24:26] [交易] sz300174 资金不足 (现价20.47, 预算1986.3000000000002)
[13:24:26] [风控] sz300174 元力股份 被拦截：资金不足，买不起 100 股
[13:25:58] [AI] 持仓分析: 0 项
[13:25:58] [AI] 原始候选信号: [{'symbol': 'sz300174', 'name': '元力股份', 'score': 82, 'action': 'BUY', 'thesis': '属于当前全市场强势锚点之一，涨幅高但未涨停，且在可交易候选池内，符合升温阶段优先参与核心强势股的策略。'}]
[13:25:58] [AI] 信号: 元力股份(sz300174) 动作=BUY 评分=82.0
[13:25:58] [交易] sz300174 资金不足 (现价20.44, 预算1986.3000000000002)
[13:25:58] [风控] sz300174 元力股份 被拦截：资金不足，买不起 100 股
[13:27:23] [AI] 持仓分析: 0 项
[13:27:23] [AI] 原始候选信号: [{'symbol': 'sz300174', 'name': '元力股份', 'score': 82, 'action': 'BUY', 'thesis': '处于可交易池且本身为全市场强势锚点之一，20cm方向弹性突出，未涨停，符合升温期优先做核心辨识度标的。'}]
[13:27:23] [AI] 信号: 元力股份(sz300174) 动作=BUY 评分=82.0
[13:27:23] [交易] sz300174 资金不足 (现价20.5, 预算1986.3000000000002)
[13:27:23] [风控] sz300174 元力股份 被拦截：资金不足，买不起 100 股
[13:28:55] [AI] 持仓分析: 0 项
[13:28:55] [AI] 原始候选信号: [{'symbol': 'sz300174', 'name': '元力股份', 'score': 82, 'action': 'BUY', 'thesis': '元力股份同时出现在全市场龙头锚点与可交易候选池中，涨幅强但未涨停，具备主线辨识度和短线资金承接，符合只做核心强势股逻辑。'}]
[13:28:55] [AI] 信号: 元力股份(sz300174) 动作=BUY 评分=82.0
[13:28:55] [交易] sz300174 资金不足 (现价20.49, 预算1986.3000000000002)
[13:28:55] [风控] sz300174 元力股份 被拦截：资金不足，买不起 100 股
[13:30:27] [AI] 持仓分析: 0 项
[13:30:27] [AI] 原始候选信号: [{'symbol': 'sz300174', 'name': '元力股份', 'score': 86, 'action': 'BUY', 'thesis': '元力股份同时出现在全市场龙头锚点与可交易候选池中，涨幅强但未涨停，具备当前升温阶段优先参与核心强势股的条件。'}]
[13:30:27] [AI] 信号: 元力股份(sz300174) 动作=BUY 评分=86.0
[13:30:27] [交易] sz300174 资金不足 (现价20.46, 预算1986.3000000000002)
[13:30:27] [风控] sz300174 元力股份 被拦截：资金不足，买不起 100 股
[13:31:53] [AI] 持仓分析: 0 项
[13:31:53] [AI] 原始候选信号: [{'symbol': 'sz300174', 'name': '元力股份', 'score': 88, 'action': 'BUY', 'thesis': '可交易池中唯一同时出现在全市场龙头锚点里的强势股，涨幅未达涨停，符合高潮期只做核心龙头的策略。'}]
[13:31:53] [AI] 信号: 元力股份(sz300174) 动作=BUY 评分=88.0
[13:31:53] [交易] sz300174 资金不足 (现价20.49, 预算1986.3000000000002)
[13:31:53] [风控] sz300174 元力股份 被拦截：资金不足，买不起 100 股
[13:33:21] [AI] 持仓分析: 0 项
[13:33:21] [AI] 原始候选信号: []
[13:34:53] [AI] 持仓分析: 0 项
[13:34:53] [AI] 原始候选信号: [{'symbol': 'sz300174', 'name': '元力股份', 'score': 82, 'action': 'BUY', 'thesis': '位于可交易池且本身是全市场观测龙头之一，涨幅未达20cm涨停，符合高潮期优先参与主线核心高辨识度标的的策略。'}]
[13:34:53] [AI] 信号: 元力股份(sz300174) 动作=BUY 评分=82.0
[13:34:53] [交易] sz300174 资金不足 (现价20.49, 预算1986.3000000000002)
[13:34:53] [风控] sz300174 元力股份 被拦截：资金不足，买不起 100 股
[13:36:24] [AI] 持仓分析: 0 项
[13:36:24] [AI] 原始候选信号: [{'symbol': 'sz300174', 'name': '元力股份', 'score': 82, 'action': 'BUY', 'thesis': '属于当前强势主线中的可交易标的，且已出现在第一层龙头锚点中，具备主线核心辨识度，适合在高潮阶段只做这种有资金确认的核心票。'}]
[13:36:24] [AI] 信号: 元力股份(sz300174) 动作=BUY 评分=82.0
[13:36:24] [交易] sz300174 资金不足 (现价20.44, 预算1986.3000000000002)
[13:36:24] [风控] sz300174 元力股份 被拦截：资金不足，买不起 100 股
[13:37:57] [AI] 持仓分析: 0 项
[13:37:57] [AI] 原始候选信号: []
[13:39:20] [AI] 持仓分析: 0 项
[13:39:20] [AI] 原始候选信号: [{'symbol': 'sz300174', 'name': '元力股份', 'score': 88, 'action': 'BUY', 'thesis': '可交易池中唯一同时出现在全市场强势锚点里的标的，涨幅强但未涨停，符合高潮期只做主线核心龙头的策略。'}]
[13:39:20] [AI] 信号: 元力股份(sz300174) 动作=BUY 评分=88.0
[13:39:20] [交易] sz300174 资金不足 (现价20.36, 预算1986.3000000000002)
[13:39:20] [风控] sz300174 元力股份 被拦截：资金不足，买不起 100 股
[13:40:51] [AI] 持仓分析: 0 项
[13:40:51] [AI] 原始候选信号: [{'symbol': 'sz300174', 'name': '元力股份', 'score': 82, 'action': 'BUY', 'thesis': '第二层可交易池中唯一同时具备全市场龙头辨识度且未涨停的标的，符合高潮期只做核心龙头的策略。'}]
[13:40:51] [AI] 信号: 元力股份(sz300174) 动作=BUY 评分=82.0
[13:40:51] [交易] sz300174 资金不足 (现价20.35, 预算1986.3000000000002)
[13:40:51] [风控] sz300174 元力股份 被拦截：资金不足，买不起 100 股
[13:42:19] [AI] 持仓分析: 0 项
[13:42:19] [AI] 原始候选信号: [{'symbol': 'sz300174', 'name': '元力股份', 'score': 86, 'action': 'BUY', 'thesis': '个股同时出现在全市场龙头锚点与可交易池中，涨幅强但未涨停，具备主线核心辨识度，符合高潮期只做龙头的策略。'}]
[13:42:19] [AI] 信号: 元力股份(sz300174) 动作=BUY 评分=86.0
[13:42:19] [交易] sz300174 资金不足 (现价20.31, 预算1986.3000000000002)
[13:42:19] [风控] sz300174 元力股份 被拦截：资金不足，买不起 100 股
[13:43:50] [AI] 持仓分析: 0 项
[13:43:50] [AI] 原始候选信号: [{'symbol': 'sz300174', 'name': '元力股份', 'score': 82, 'action': 'BUY', 'thesis': '自身进入全市场强势锚点且未涨停，价格符合预算，是候选池中唯一具备核心辨识度的主线强势股。'}]
[13:43:50] [AI] 信号: 元力股份(sz300174) 动作=BUY 评分=82.0
[13:43:50] [交易] sz300174 资金不足 (现价20.32, 预算1986.3000000000002)
[13:43:50] [风控] sz300174 元力股份 被拦截：资金不足，买不起 100 股
[13:45:20] [AI] 持仓分析: 0 项
[13:45:20] [AI] 原始候选信号: []
[13:46:48] [AI] 持仓分析: 0 项
[13:46:48] [AI] 原始候选信号: [{'symbol': 'sz300174', 'name': '元力股份', 'score': 82, 'action': 'BUY', 'thesis': '元力股份同时出现在全市场龙头锚点与可交易候选池中，涨幅强但未涨停，符合高潮期只做核心辨识度标的的要求。'}]
[13:46:48] [AI] 信号: 元力股份(sz300174) 动作=BUY 评分=82.0
[13:46:48] [交易] sz300174 资金不足 (现价20.37, 预算1986.3000000000002)
[13:46:48] [风控] sz300174 元力股份 被拦截：资金不足，买不起 100 股
[13:48:19] [AI] 持仓分析: 0 项
[13:48:19] [AI] 原始候选信号: [{'symbol': 'sz300174', 'name': '元力股份', 'score': 82, 'action': 'BUY', 'thesis': '属于全市场强势锚点且在可交易池内，创业板弹性突出，未涨停，符合高潮期只做辨识度核心的策略。'}]
[13:48:19] [AI] 信号: 元力股份(sz300174) 动作=BUY 评分=82.0
[13:48:19] [交易] sz300174 资金不足 (现价20.37, 预算1986.3000000000002)
[13:48:19] [风控] sz300174 元力股份 被拦截：资金不足，买不起 100 股
[13:49:49] [AI] 持仓分析: 0 项
[13:49:49] [AI] 原始候选信号: [{'symbol': 'sz300174', 'name': '元力股份', 'score': 82, 'action': 'BUY', 'thesis': '属于可交易池内少数同时出现在全市场龙头锚点中的强势股，未涨停且价格符合预算，高潮期只考虑核心辨识度标的。'}]
[13:49:49] [AI] 信号: 元力股份(sz300174) 动作=BUY 评分=82.0
[13:49:49] [交易] sz300174 资金不足 (现价20.34, 预算1986.3000000000002)
[13:49:49] [风控] sz300174 元力股份 被拦截：资金不足，买不起 100 股
[13:51:16] [AI] 持仓分析: 0 项
[13:51:16] [AI] 原始候选信号: [{'symbol': 'sz300174', 'name': '元力股份', 'score': 82, 'action': 'BUY', 'thesis': '属于可交易池中唯一同时出现在全市场强势锚点里的标的，创业板弹性突出且未涨停，符合高潮期只做辨识度核心的要求。'}]
[13:51:16] [AI] 信号: 元力股份(sz300174) 动作=BUY 评分=82.0
[13:51:16] [交易] sz300174 资金不足 (现价20.37, 预算1986.3000000000002)
[13:51:16] [风控] sz300174 元力股份 被拦截：资金不足，买不起 100 股
[13:52:46] [AI] 持仓分析: 0 项
[13:52:46] [AI] 原始候选信号: [{'symbol': 'sz300174', 'name': '元力股份', 'score': 82, 'action': 'BUY', 'thesis': '可交易池中唯一同时出现在全市场龙头锚点里的强势标的，涨幅未达创业板涨停，符合高潮期只做核心龙头的策略。'}]
[13:52:46] [AI] 信号: 元力股份(sz300174) 动作=BUY 评分=82.0
[13:52:46] [交易] sz300174 资金不足 (现价20.39, 预算1986.3000000000002)
[13:52:46] [风控] sz300174 元力股份 被拦截：资金不足，买不起 100 股
[13:53:01] [系统] 分析循环已停止。
[14:13:30] [系统] 正在启动双线程分析架构...
[14:13:30] [交易 AI] 线程已启动，间隔 90 秒 (优先级：高)。
[14:13:30] [研究 AI] 独立后台已启动，正在后台运行中... (等待触发节点)
[14:13:30] [系统] 双线程分析循环已启动 (交易 + 研究)。
[14:13:46] [AI] 持仓分析: 0 项
[14:13:46] [AI] 原始候选信号: []
[14:15:13] [AI] 持仓分析: 0 项
[14:15:13] [AI] 原始候选信号: [{'symbol': 'sz300174', 'name': '元力股份', 'score': 82, 'action': 'BUY', 'thesis': '元力股份同时出现在龙头锚点与可交易候选池中，日内强度高但未涨停，符合高潮期只做核心强势股的原则。'}]
[14:15:13] [AI] 信号: 元力股份(sz300174) 动作=BUY 评分=82.0
[14:15:13] [交易] sz300174 资金不足
[14:15:13] [风控] sz300174 元力股份 被拦截：资金不足
[14:16:45] [AI] 持仓分析: 0 项
[14:16:45] [AI] 原始候选信号: [{'symbol': 'sz300174', 'name': '元力股份', 'score': 86, 'action': 'BUY', 'thesis': '可交易池内同时具备龙头锚点辨识度且未涨停，符合高潮期只做核心强势股的原则。'}]
[14:16:45] [AI] 信号: 元力股份(sz300174) 动作=BUY 评分=86.0
[14:16:45] [交易] sz300174 资金不足
[14:16:45] [风控] sz300174 元力股份 被拦截：资金不足
[14:18:13] [AI] 持仓分析: 0 项
[14:18:13] [AI] 原始候选信号: [{'symbol': 'sz300174', 'name': '元力股份', 'score': 88, 'action': 'BUY', 'thesis': '属于第一层观测锚点中的可交易核心强势股，价格符合预算且未涨停，高潮期优先只做有辨识度的主线龙头。'}]
[14:18:13] [AI] 信号: 元力股份(sz300174) 动作=BUY 评分=88.0
[14:18:13] [交易] sz300174 资金不足
[14:18:13] [风控] sz300174 元力股份 被拦截：资金不足
[14:19:40] [AI] 持仓分析: 0 项
[14:19:40] [AI] 原始候选信号: [{'symbol': 'sz300174', 'name': '元力股份', 'score': 86, 'action': 'BUY', 'thesis': '位列全市场龙头锚点且在可交易池内，涨幅未达创业板涨停，符合高潮期只做核心辨识度标的的策略。'}]
[14:19:40] [AI] 信号: 元力股份(sz300174) 动作=BUY 评分=86.0
[14:19:40] [交易] sz300174 资金不足
[14:19:40] [风控] sz300174 元力股份 被拦截：资金不足
[14:21:11] [AI] 持仓分析: 0 项
[14:21:11] [AI] 原始候选信号: [{'symbol': 'sz300174', 'name': '元力股份', 'score': 82, 'action': 'BUY', 'thesis': '元力股份同时出现在全市场龙头锚点和可交易候选池中，具备主线辨识度且未涨停，符合高潮期只做核心龙头的策略。'}]
[14:21:11] [AI] 信号: 元力股份(sz300174) 动作=BUY 评分=82.0
[14:21:11] [交易] sz300174 资金不足
[14:21:11] [风控] sz300174 元力股份 被拦截：资金不足
[14:22:39] [AI] 持仓分析: 0 项
[14:22:39] [AI] 原始候选信号: [{'symbol': 'sz300174', 'name': '元力股份', 'score': 82, 'action': 'BUY', 'thesis': '属于观测锚点中的高强度核心且在可交易池内，股价符合预算，未涨停，高潮期优先参与具备辨识度的主线强势股。'}]
[14:22:39] [AI] 信号: 元力股份(sz300174) 动作=BUY 评分=82.0
[14:22:39] [交易] sz300174 资金不足
[14:22:39] [风控] sz300174 元力股份 被拦截：资金不足
[14:23:13] [系统] 分析循环已停止。
[14:23:33] [系统] 正在启动双线程分析架构...
[14:23:33] [交易 AI] 线程已启动，间隔 90 秒 (优先级：高)。
[14:23:33] [研究 AI] 独立后台已启动，正在后台运行中... (等待触发节点)
[14:23:33] [系统] 双线程分析循环已启动 (交易 + 研究)。
[14:23:47] [AI] 持仓分析: 0 项
[14:23:47] [AI] 原始候选信号: [{'symbol': 'sz300174', 'name': '元力股份', 'score': 88, 'action': 'BUY', 'thesis': '第一层龙头锚点且在可交易池内，涨幅14.2%未涨停，具备当前高潮期主线核心辨识度，符合只做龙头原则。'}]
[14:23:47] [AI] 信号: 元力股份(sz300174) 动作=BUY 评分=88.0
[14:23:47] [交易] sz300174 资金不足
[14:23:47] [风控] sz300174 元力股份 被拦截：资金不足
[14:25:15] [AI] 持仓分析: 0 项
[14:25:15] [AI] 原始候选信号: [{'symbol': 'sz300174', 'name': '元力股份', 'score': 88, 'action': 'BUY', 'thesis': '个股同时出现在全市场龙头锚点与可交易候选池中，属于当前主线内辨识度较高的核心强势股，且未涨停、价格符合单票预算。'}]
[14:25:15] [AI] 信号: 元力股份(sz300174) 动作=BUY 评分=88.0
[14:25:15] [交易] sz300174 资金不足
[14:25:15] [风控] sz300174 元力股份 被拦截：资金不足
[14:26:42] [AI] 持仓分析: 0 项
[14:26:42] [AI] 原始候选信号: [{'symbol': 'sz300174', 'name': '元力股份', 'score': 86, 'action': 'BUY', 'thesis': '属于第一层观测锚点中可交易且未涨停的强势标的，具备主线核心辨识度，符合高潮期只做龙头的策略。'}]
[14:26:42] [AI] 信号: 元力股份(sz300174) 动作=BUY 评分=86.0
[14:26:42] [交易] sz300174 资金不足
[14:26:42] [风控] sz300174 元力股份 被拦截：资金不足
[14:28:17] [AI] 持仓分析: 0 项
[14:28:17] [AI] 原始候选信号: [{'symbol': 'sz300174', 'name': '元力股份', 'score': 86, 'action': 'BUY', 'thesis': '属于当前全市场强势锚点且仍在可交易池内，涨幅未达创业板涨停，具备主线核心辨识度。'}]
[14:28:17] [AI] 信号: 元力股份(sz300174) 动作=BUY 评分=86.0
[14:28:17] [交易] sz300174 资金不足
[14:28:17] [风控] sz300174 元力股份 被拦截：资金不足
[14:29:44] [AI] 持仓分析: 0 项
[14:29:44] [AI] 原始候选信号: [{'symbol': 'sz300174', 'name': '元力股份', 'score': 88, 'action': 'BUY', 'thesis': '位列全市场龙头锚点且在可交易池内，涨幅未达涨停，具备主线核心辨识度，符合高潮期只做龙头的策略。'}]
[14:29:44] [AI] 信号: 元力股份(sz300174) 动作=BUY 评分=88.0
[14:29:44] [交易] sz300174 资金不足
[14:29:44] [风控] sz300174 元力股份 被拦截：资金不足
[14:30:55] [系统] 正在启动双线程分析架构...
[14:30:55] [交易 AI] 线程已启动,间隔 90 秒 (优先级:高)。
[14:30:55] [研究 AI] 独立后台已启动,正在后台运行中... (等待触发节点)
[14:30:55] [系统] 双线程分析循环已启动 (交易 + 研究)。
[14:32:13] [系统] 正在启动双线程分析架构...
[14:32:13] [交易 AI] 线程已启动,间隔 90 秒 (优先级:高)。
[14:32:13] [研究 AI] 独立后台已启动,正在后台运行中... (等待触发节点)
[14:32:13] [系统] 双线程分析循环已启动 (交易 + 研究)。
[14:32:31] [AI] 持仓分析: 0 项
[14:32:31] [AI] 原始候选信号: [{'symbol': 'sz300174', 'name': '元力股份', 'score': 86, 'action': 'BUY', 'thesis': '作为第一层观测锚点中唯一同时在可交易池内且未涨停的高辨识度强势股，符合高潮期只做核心龙头的策略。'}, {'symbol': 'sz300715', 'name': '凯伦股份', 'score': 76, 'action': 'BUY', 'thesis': '可交易池中标注为半导体方向，贴近当前上海合晶、中船特气等科技材料主线，但辨识度弱于元力股份，仅作为次选。'}]
[14:32:31] [AI] 信号: 元力股份(sz300174) 动作=BUY 评分=86.0
[14:32:31] [交易] sz300174 资金不足
[14:32:31] [风控] sz300174 元力股份 被拦截:资金不足
[14:32:31] [AI] 信号: 凯伦股份(sz300715) 动作=BUY 评分=76.0
[14:32:31] [交易] 买入 凯伦股份: 100股 @ 19.3
[14:34:00] [AI] 持仓分析: 1 项
[14:34:00] [AI] sz300715(凯伦股份): 动作=HOLD, 逻辑=VALID
[14:34:00] [AI] 原始候选信号: [{'symbol': 'sz300174', 'name': '元力股份', 'score': 86, 'action': 'BUY', 'thesis': '处于第一层强势锚点且未涨停，兼具创业板高弹性与主线强度，符合高潮期只做核心的原则。'}]
[14:34:00] [AI] 信号: 元力股份(sz300174) 动作=BUY 评分=86.0
[14:34:00] [交易] sz300715 资金不足
[14:34:00] [风控] sz300174 元力股份 被拦截:资金不足
[14:35:27] [AI] 持仓分析: 1 项
[14:35:27] [AI] sz300715(凯伦股份): 动作=HOLD, 逻辑=VALID
[14:35:27] [AI] 原始候选信号: [{'symbol': 'sz300174', 'name': '元力股份', 'score': 86, 'action': 'BUY', 'thesis': '属于第一层观测锚点中的可交易核心强势股，价格未涨停且符合预算，高潮期优先只做辨识度最高的主线龙头。'}]
[14:35:27] [AI] 信号: 元力股份(sz300174) 动作=BUY 评分=86.0
[14:35:27] [交易] sz300715 资金不足
[14:35:27] [风控] sz300174 元力股份 被拦截:资金不足
[14:37:03] [AI] 持仓分析: 1 项
[14:37:03] [AI] sz300715(凯伦股份): 动作=HOLD, 逻辑=VALID
[14:37:03] [AI] 原始候选信号: [{'symbol': 'sz300174', 'name': '元力股份', 'score': 86, 'action': 'BUY', 'thesis': '同时出现在龙头锚点和可交易池中，创业板高弹性辨识度最强，符合高潮期只做核心龙头的策略，且未涨停可交易。'}]
[14:37:03] [AI] 信号: 元力股份(sz300174) 动作=BUY 评分=86.0
[14:37:03] [交易] sz300715 资金不足
[14:37:03] [风控] sz300174 元力股份 被拦截:资金不足
[14:38:10] [系统] 正在启动双线程分析架构...
[14:38:10] [交易 AI] 线程已启动,间隔 90 秒 (优先级:高)。
[14:38:10] [研究 AI] 独立后台已启动,正在后台运行中... (等待触发节点)
[14:38:10] [系统] 双线程分析循环已启动 (交易 + 研究)。
[14:38:30] [AI] 持仓分析: 1 项
[14:38:30] [AI] sz300715(凯伦股份): 动作=HOLD, 逻辑=VALID
[14:38:30] [AI] 原始候选信号: [{'symbol': 'sz300174', 'name': '元力股份', 'score': 82, 'action': 'BUY', 'thesis': '属于当前全市场强势锚点之一，未涨停且在预算内，高潮期优先参与有辨识度的核心强势股。'}]
[14:38:30] [AI] 信号: 元力股份(sz300174) 动作=BUY 评分=82.0
[14:38:30] [交易] sz300715 资金不足
[14:38:30] [风控] sz300174 元力股份 被拦截:资金不足
[14:39:56] [AI] 持仓分析: 1 项
[14:39:56] [AI] sz300715(凯伦股份): 动作=HOLD, 逻辑=VALID
[14:39:56] [AI] 原始候选信号: [{'symbol': 'sz300174', 'name': '元力股份', 'score': 86, 'action': 'BUY', 'thesis': '作为第一层龙头锚点且同时在可交易池内，涨幅未达涨停，符合高潮期只做核心辨识度龙头的策略。'}]
[14:39:56] [AI] 信号: 元力股份(sz300174) 动作=BUY 评分=86.0
[14:39:56] [交易] sz300715 资金不足
[14:39:56] [风控] sz300174 元力股份 被拦截:资金不足
[14:41:25] [AI] 持仓分析: 1 项
[14:41:25] [AI] sz300715(凯伦股份): 动作=HOLD, 逻辑=VALID
[14:41:25] [AI] 原始候选信号: [{'symbol': 'sz300174', 'name': '元力股份', 'score': 82, 'action': 'BUY', 'thesis': '位列全市场龙头锚点且未涨停，价格符合预算，高潮期优先参与有辨识度的前排核心。'}]
[14:41:25] [AI] 信号: 元力股份(sz300174) 动作=BUY 评分=82.0
[14:41:25] [交易] sz300715 资金不足
[14:41:25] [风控] sz300174 元力股份 被拦截:资金不足
[14:42:54] [AI] 持仓分析: 1 项
[14:42:54] [AI] sz300715(凯伦股份): 动作=HOLD, 逻辑=VALID
[14:42:54] [AI] 原始候选信号: [{'symbol': 'sz300174', 'name': '元力股份', 'score': 88, 'action': 'BUY', 'thesis': '元力股份同时出现在全市场龙头锚点和可交易池中，涨幅强但未涨停，符合高潮期只做主线核心的要求。'}]
[14:42:54] [AI] 信号: 元力股份(sz300174) 动作=BUY 评分=88.0
[14:42:54] [交易] sz300715 资金不足
[14:42:54] [风控] sz300174 元力股份 被拦截:资金不足
[14:44:50] [AI] 持仓分析: 1 项
[14:44:50] [AI] sz300715(凯伦股份): 动作=HOLD, 逻辑=BROKEN
[14:44:50] [AI] 原始候选信号: []
[14:46:02] [AI] 持仓分析: 1 项
[14:46:02] [AI] sz300715(凯伦股份): 动作=HOLD, 逻辑=BROKEN
[14:46:02] [AI] 原始候选信号: []
[14:48:02] [AI] 持仓分析: 1 项
[14:48:02] [AI] sz300715(凯伦股份): 动作=HOLD, 逻辑=VALID
[14:48:02] [AI] 原始候选信号: [{'symbol': 'sz300715', 'name': '凯伦股份', 'score': 80, 'action': 'BUY', 'thesis': '处于半导体主线可交易池，高潮期资金偏好核心赛道，且价格在预算内，可小仓跟随。'}]
[14:48:02] [AI] 信号: 凯伦股份(sz300715) 动作=BUY 评分=80.0
[14:48:02] [交易] sz300715 资金不足
[14:48:02] [风控] sz300715 凯伦股份 被拦截:资金不足
[14:48:02] [关注] 自动加入 凯伦股份(sz300715) 到观察池
[14:48:53] [AI] 持仓分析: 1 项
[14:48:53] [AI] sz300715(凯伦股份): 动作=HOLD, 逻辑=BROKEN
[14:48:53] [AI] 原始候选信号: [{'symbol': 'sz300174', 'name': '元力股份', 'score': 86, 'action': 'BUY', 'thesis': '属于第一层全市场龙头锚点且在可交易池内，创业板弹性强、未涨停，符合高潮期只做核心龙头的策略。'}]
[14:48:53] [AI] 信号: 元力股份(sz300174) 动作=BUY 评分=86.0
[14:48:53] [交易] sz300715 资金不足
[14:48:53] [风控] sz300174 元力股份 被拦截:资金不足
[14:50:24] [AI] 持仓分析: 1 项
[14:50:24] [AI] sz300715(凯伦股份): 动作=HOLD, 逻辑=VALID
[14:50:24] [AI] 原始候选信号: [{'symbol': 'sz300174', 'name': '元力股份', 'score': 86, 'action': 'BUY', 'thesis': '属于当前20cm科技成长主线内的高辨识度强势股，未涨停且价格符合预算，优先级高于普通跟风标的。'}]
[14:50:24] [AI] 信号: 元力股份(sz300174) 动作=BUY 评分=86.0
[14:50:24] [交易] sz300715 资金不足
[14:50:24] [风控] sz300174 元力股份 被拦截:资金不足
[14:51:51] [AI] 持仓分析: 1 项
[14:51:51] [AI] sz300715(凯伦股份): 动作=HOLD, 逻辑=VALID
[14:51:51] [AI] 原始候选信号: [{'symbol': 'sz300174', 'name': '元力股份', 'score': 86, 'action': 'BUY', 'thesis': '处于可交易池且同时是全市场强势锚点之一，涨幅14.5%未涨停，符合高潮期只做核心龙头的策略。'}]
[14:51:51] [AI] 信号: 元力股份(sz300174) 动作=BUY 评分=86.0
[14:51:51] [交易] sz300715 资金不足
[14:51:51] [风控] sz300174 元力股份 被拦截:资金不足
[14:53:29] [AI] 持仓分析: 1 项
[14:53:29] [AI] sz300715(凯伦股份): 动作=HOLD, 逻辑=VALID
[14:53:29] [AI] 原始候选信号: [{'symbol': 'sz300174', 'name': '元力股份', 'score': 85, 'action': 'BUY', 'thesis': '属于当前可交易池中同时具备龙头锚点属性和20cm强势弹性的核心标的，未涨停且符合高潮期只做主线核心的策略。'}]
[14:53:29] [AI] 信号: 元力股份(sz300174) 动作=BUY 评分=85.0
[14:53:29] [交易] sz300715 资金不足
[14:53:29] [风控] sz300174 元力股份 被拦截:资金不足
[14:54:51] [AI] 持仓分析: 1 项
[14:54:51] [AI] sz300715(凯伦股份): 动作=HOLD, 逻辑=VALID
[14:54:51] [AI] 原始候选信号: [{'symbol': 'sz300174', 'name': '元力股份', 'score': 82, 'action': 'BUY', 'thesis': '同处当前科技成长/材料主线，涨幅强但未涨停，且在可交易池中具备较高辨识度，符合高潮期优先做核心强势股的要求。'}]
[14:54:51] [AI] 信号: 元力股份(sz300174) 动作=BUY 评分=82.0
[14:54:51] [交易] sz300715 资金不足
[14:54:51] [风控] sz300174 元力股份 被拦截:资金不足
[14:56:20] [AI] 持仓分析: 1 项
[14:56:20] [AI] sz300715(凯伦股份): 动作=HOLD, 逻辑=VALID
[14:56:20] [AI] 原始候选信号: [{'symbol': 'sz300174', 'name': '元力股份', 'score': 82, 'action': 'BUY', 'thesis': '作为可交易池中同时出现在全市场龙头锚点的20cm弹性核心，符合高潮期只做主线核心的优先级。'}]
[14:56:20] [AI] 信号: 元力股份(sz300174) 动作=BUY 评分=82.0
[14:56:20] [交易] sz300715 资金不足
[14:56:20] [风控] sz300174 元力股份 被拦截:资金不足
[14:57:49] [AI] 持仓分析: 1 项
[14:57:49] [AI] sz300715(凯伦股份): 动作=HOLD, 逻辑=VALID
[14:57:49] [AI] 原始候选信号: [{'symbol': 'sz300174', 'name': '元力股份', 'score': 88, 'action': 'BUY', 'thesis': '自身位列全市场龙头锚点且未涨停，价格符合预算，是可交易池中唯一具备主线核心辨识度的高潮期标的。'}]
[14:57:49] [AI] 信号: 元力股份(sz300174) 动作=BUY 评分=88.0
[14:57:49] [交易] sz300715 资金不足
[14:57:49] [风控] sz300174 元力股份 被拦截:资金不足
[14:59:17] [AI] 持仓分析: 1 项
[14:59:17] [AI] sz300715(凯伦股份): 动作=HOLD, 逻辑=VALID
[14:59:17] [AI] 原始候选信号: [{'symbol': 'sz300174', 'name': '元力股份', 'score': 82, 'action': 'BUY', 'thesis': '属于当前第一层观测锚点中的可交易核心强势股，未涨停且价格符合预算，高潮期优先只做辨识度最高的主线核心。'}]
[14:59:17] [AI] 信号: 元力股份(sz300174) 动作=BUY 评分=82.0
[14:59:17] [交易] sz300715 资金不足
[14:59:17] [风控] sz300174 元力股份 被拦截:资金不足
[15:00:48] [AI] 持仓分析: 1 项
[15:00:48] [AI] sz300715(凯伦股份): 动作=HOLD, 逻辑=VALID
[15:00:48] [AI] 原始候选信号: [{'symbol': 'sz300174', 'name': '元力股份', 'score': 88, 'action': 'BUY', 'thesis': '同属当前新材料/电子材料主线且已进入全市场龙头锚点，未涨停、价格符合预算，高潮期优先做辨识度最高的可交易核心。'}]
[15:00:48] [AI] 信号: 元力股份(sz300174) 动作=BUY 评分=88.0
[15:00:48] [交易] sz300715 资金不足
[15:00:48] [风控] sz300174 元力股份 被拦截:资金不足
[15:01:35] [系统] 正在启动双线程分析架构...
[15:01:35] [交易 AI] 线程已启动,间隔 90 秒 (优先级:高)。
[15:01:35] [研究 AI] 独立后台已启动,正在后台运行中... (等待触发节点)
[15:01:35] [系统] 双线程分析循环已启动 (交易 + 研究)。
[15:01:51] [AI] 持仓分析: 1 项
[15:01:51] [AI] sz300715(凯伦股份): 动作=HOLD, 逻辑=VALID
[15:01:51] [AI] 原始候选信号: [{'symbol': 'sz300174', 'name': '元力股份', 'score': 86, 'action': 'BUY', 'thesis': '位列第一层核心强势锚点且在可交易池内，创业板弹性强、未涨停，符合高潮期只做主线核心的要求。'}]
[15:01:51] [AI] 信号: 元力股份(sz300174) 动作=BUY 评分=86.0
[15:01:51] [交易] sz300715 资金不足
[15:01:51] [风控] sz300174 元力股份 被拦截:资金不足
[15:03:18] [AI] 持仓分析: 1 项
[15:03:18] [AI] sz300715(凯伦股份): 动作=HOLD, 逻辑=VALID
[15:03:18] [AI] 原始候选信号: [{'symbol': 'sz300174', 'name': '元力股份', 'score': 86, 'action': 'BUY', 'thesis': '元力股份同时出现在第一层龙头锚点和可交易候选池中，涨幅强但未涨停，属于当前高潮期可优先考虑的核心强势标的。'}]
[15:03:18] [AI] 信号: 元力股份(sz300174) 动作=BUY 评分=86.0
[15:03:18] [交易] sz300715 资金不足
[15:03:18] [风控] sz300174 元力股份 被拦截:资金不足
[15:05:18] [AI] 持仓分析: 1 项
[15:05:18] [AI] sz300715(凯伦股份): 动作=HOLD, 逻辑=VALID
[15:05:18] [AI] 原始候选信号: [{'symbol': 'sz300174', 'name': '元力股份', 'score': 82, 'action': 'BUY', 'thesis': '位于第一层高强度观测锚点且进入可交易池，符合当前高潮期只做主线核心的原则，可作为短线试仓标的。'}]
[15:05:18] [AI] 信号: 元力股份(sz300174) 动作=BUY 评分=82.0
[15:05:18] [交易] sz300715 资金不足
[15:05:18] [风控] sz300174 元力股份 被拦截:资金不足
[15:06:28] [AI] 持仓分析: 1 项
[15:06:28] [AI] sz300715(凯伦股份): 动作=HOLD, 逻辑=BROKEN
[15:06:28] [AI] 原始候选信号: []
[15:07:48] [AI] 持仓分析: 1 项
[15:07:48] [AI] sz300715(凯伦股份): 动作=HOLD, 逻辑=VALID
[15:07:48] [AI] 原始候选信号: [{'symbol': 'sz300174', 'name': '元力股份', 'score': 82, 'action': 'BUY', 'thesis': '属于第一层强势锚点且在可交易候选池内，创业板大涨但未涨停，辨识度和主线强度优于其他候选。'}]
[15:07:48] [AI] 信号: 元力股份(sz300174) 动作=BUY 评分=82.0
[15:07:48] [交易] sz300715 资金不足
[15:07:48] [风控] sz300174 元力股份 被拦截:资金不足
[15:09:20] [AI] 持仓分析: 1 项
[15:09:20] [AI] sz300715(凯伦股份): 动作=HOLD, 逻辑=VALID
[15:09:20] [AI] 原始候选信号: [{'symbol': 'sz300174', 'name': '元力股份', 'score': 82, 'action': 'BUY', 'thesis': '同属当前20cm创业板强势主线，涨幅强但未涨停，且出现在全市场锚点中，辨识度高于候选池其他标的。'}]
[15:09:20] [AI] 信号: 元力股份(sz300174) 动作=BUY 评分=82.0
[15:09:20] [交易] sz300715 资金不足
[15:09:20] [风控] sz300174 元力股份 被拦截:资金不足
[15:24:40] [系统] 正在启动双线程分析架构...
[15:24:40] [交易 AI] 线程已启动,间隔 90 秒 (优先级:高)。
[15:24:40] [研究 AI] 独立后台已启动,正在后台运行中... (等待触发节点)
[15:24:40] [系统] 双线程分析循环已启动 (交易 + 研究)。
[15:24:57] [AI] 持仓分析: 1 项
[15:24:57] [AI] sz300715(凯伦股份): 动作=HOLD, 逻辑=VALID
[15:24:57] [AI] 原始候选信号: [{'symbol': 'sz300174', 'name': '元力股份', 'score': 82, 'action': 'BUY', 'thesis': '元力股份同时出现在全市场龙头锚点与可交易池中，涨幅强但未涨停，符合高潮期只做核心强势股的要求。'}]
[15:24:57] [AI] 信号: 元力股份(sz300174) 动作=BUY 评分=82.0
[15:24:57] [交易] 买入 元力股份: 100股 @ 20.32
[15:26:27] [AI] 持仓分析: 1 项
[15:26:27] [AI] sz300715(凯伦股份): 动作=HOLD, 逻辑=BROKEN
[15:26:27] [AI] 原始候选信号: [{'symbol': 'sz300174', 'name': '元力股份', 'score': 82, 'action': 'BUY', 'thesis': '元力股份同时出现在全市场强势锚点与可交易池中，涨幅强但未涨停，符合高潮期只做核心辨识度标的的要求。'}]
[15:26:27] [AI] 信号: 元力股份(sz300174) 动作=BUY 评分=82.0
[15:26:27] [交易] 买入 元力股份: 100股 @ 20.32
[15:27:55] [AI] 持仓分析: 1 项
[15:27:55] [AI] sz300715(凯伦股份): 动作=HOLD, 逻辑=BROKEN
[15:27:55] [AI] 原始候选信号: [{'symbol': 'sz300174', 'name': '元力股份', 'score': 86, 'action': 'BUY', 'thesis': '属于第一层全市场强势锚点且在可交易池内，未涨停，符合高潮期只做核心龙头的原则。'}]
[15:27:55] [AI] 信号: 元力股份(sz300174) 动作=BUY 评分=86.0
[15:27:55] [交易] 买入 元力股份: 100股 @ 20.32
[15:28:47] [系统] 分析循环已停止。
[15:44:18] [系统] 正在启动双线程分析架构...
[15:44:18] [交易 AI] 线程已启动,间隔 90 秒 (优先级:高)。
[15:44:18] [研究 AI] 独立后台已启动,正在后台运行中... (等待触发节点)
[15:44:18] [系统] 双线程分析循环已启动 (交易 + 研究)。
[15:44:18] [研究 AI] 触发节点 [收盘后深度复盘],开始调用进行工作...
[15:44:18] [交易 AI] 正在休市,等待开盘自动运行...
[15:44:43] [研究 AI] [收盘后深度复盘] 工作完成。提示: 当前空仓总体偏防守，适合等待主线确认后再小仓位试错，暂不建议
[15:44:43] [研究 AI] 今日复盘日记已成功写入数据库。
[16:06:48] [交易] 买入 TestStock: 100股 @ 10.0
[16:11:23] [风控] sz300174(TestStock) 5 分钟内已买入过，防抖拦截
[16:12:58] [交易] 买入 TestStock: 100股 @ 10.0
[16:13:44] [交易] 买入 TestStock: 100股 @ 10.0
[16:14:34] [风控] sz300174(TestStock) 5 分钟内已买入过，防抖拦截
[16:15:53] [交易] 买入 TestStock: 100股 @ 10.0
[16:17:08] [交易] 买入 TestStock: 100股 @ 10.0
[16:18:10] [交易] 买入 TestStock: 100股 @ 10.0
[16:18:40] [交易] 买入 TestStock: 100股 @ 10.0
[16:20:11] [交易] 买入 TestStock: 100股 @ 10.0
[16:20:51] [交易] 买入 TestStock: 100股 @ 10.0
[16:22:01] [交易] 买入 TestStock: 100股 @ 10.0
[16:23:28] [交易] 买入 TestStock: 100股 @ 10.0
[16:54:25] [系统] 正在启动双线程分析架构...
[16:54:25] [交易 AI] 线程已启动,间隔 90 秒 (优先级:高)。
[16:54:25] [研究 AI] 独立后台已启动,正在后台运行中... (等待触发节点)
[16:54:25] [系统] 双线程分析循环已启动 (交易 + 研究)。
[16:54:25] [交易 AI] 正在休市,等待开盘自动运行...
[17:37:03] [研究 AI] 开始执行深度分析...
[17:43:36] [研究 AI] 开始执行深度分析...
[18:14:36] OK [记忆交接] AI 已加载昨日复盘。 >> 关注作业：sh688120, sz300100 | >> 禁忌模式：TestBadPattern
[20:19:22] [系统] 正在启动双线程分析架构...
[20:19:22] [交易 AI] 线程已启动,间隔 90 秒 (优先级:高)。
[20:19:22] [研究 AI] 独立后台已启动,正在后台运行中... (等待触发节点)
[20:19:22] [系统] 双线程分析循环已启动 (交易 + 研究)。
[20:19:22] [交易 AI] 正在休市,等待开盘自动运行...
[09:10:48] [系统] 正在启动双线程分析架构...
[09:10:48] [交易 AI] 线程已启动,间隔 90 秒 (优先级:高)。
[09:10:48] [研究 AI] 独立后台已启动,正在后台运行中... (等待触发节点)
[09:10:48] [系统] 双线程分析循环已启动 (交易 + 研究)。
[09:10:48] [交易 AI] 正在休市,等待开盘自动运行...
[09:10:48] [研究 AI] 触发节点 [早盘前预判],开始调用进行工作...
[09:11:21] [研究 AI] [早盘前预判] 工作完成。提示: 在策略胜率和盈亏比偏弱的背景下，明日应以去弱留强为主，只保留
[09:11:21] [研究 AI] 今日复盘日记已成功写入数据库。
[09:15:49] ✅ [记忆交接] AI 已加载昨日复盘。 🎯 关注作业： | 🚫 禁忌模式：半路追高, 缩量半路板, 退潮期接力
[09:16:04] [AI] 持仓分析: 2 项
[09:16:04] [AI] sz300715(凯伦股份): 动作=HOLD, 逻辑=VALID
[09:16:04] [AI] sz300174(元力股份): 动作=HOLD, 逻辑=BROKEN
[09:16:04] [AI] 原始候选信号: []
[09:17:19] ✅ [记忆交接] AI 已加载昨日复盘。 🎯 关注作业： | 🚫 禁忌模式：半路追高, 缩量半路板, 退潮期接力
[09:18:09] [AI] 持仓分析: 2 项
[09:18:09] [AI] sz300715(凯伦股份): 动作=SELL, 逻辑=BROKEN
[09:18:09] [AI] 逻辑破坏 sz300715,触发卖出
[09:18:09] [交易] sz300715 资金不足 (现价19.3, 动态预算0)
[09:18:09] [AI] sz300174(元力股份): 动作=SELL, 逻辑=BROKEN
[09:18:09] [AI] 逻辑破坏 sz300174,触发卖出
[09:18:09] [交易] sz300174 资金不足 (现价19.81, 动态预算0)
[09:18:09] [AI] 原始候选信号: [{'symbol': 'sz300484', 'name': '隆华科技', 'score': 81, 'action': 'BUY', 'thesis': '同属科技材料/半导体链条，且价格低于预算，符合震荡市低吸主线核心的交易逻辑。'}]
[09:18:09] [AI] 信号: 隆华科技(sz300484) 动作=BUY 评分=81.0
[09:18:09] [交易] 获取到池外股票 sz300484 价格: 18.41
[09:18:09] [交易] sz300484 资金不足 (现价18.41, 动态预算295)
[09:18:09] [风控] sz300484 隆华科技 被拦截:资金不足,买不起 100 股
[09:18:09] [关注] 自动加入 隆华科技(sz300484) 到观察池
[09:18:48] ✅ [记忆交接] AI 已加载昨日复盘。 🎯 关注作业： | 🚫 禁忌模式：半路追高, 缩量半路板, 退潮期接力
[09:19:41] [AI] 持仓分析: 2 项
[09:19:41] [AI] sz300715(凯伦股份): 动作=HOLD, 逻辑=VALID
[09:19:41] [AI] sz300174(元力股份): 动作=SELL, 逻辑=BROKEN
[09:19:41] [AI] 逻辑破坏 sz300174,触发卖出
[09:19:41] [交易] sz300174 资金不足 (现价19.85, 动态预算0)
[09:19:41] [AI] 原始候选信号: [{'symbol': 'sz300263', 'name': '隆华科技', 'score': 83, 'action': 'BUY', 'thesis': '同主线中相对更贴近核心锚点，震荡偏多环境下更适合低吸而非追高，具备继续轮动承接的机会。'}]
[09:19:41] [AI] 信号: 隆华科技(sz300263) 动作=BUY 评分=83.0
[09:19:41] [交易] sz300263 资金不足 (现价14.2, 动态预算295)
[09:19:41] [风控] sz300263 隆华科技 被拦截:资金不足,买不起 100 股
[09:20:17] ✅ [记忆交接] AI 已加载昨日复盘。 🎯 关注作业： | 🚫 禁忌模式：半路追高, 缩量半路板, 退潮期接力
[09:20:35] [AI] 持仓分析: 2 项
[09:20:35] [AI] sz300715(凯伦股份): 动作=HOLD, 逻辑=VALID
[09:20:35] [AI] sz300174(元力股份): 动作=SELL, 逻辑=BROKEN
[09:20:35] [AI] 逻辑破坏 sz300174,触发卖出
[09:20:35] [交易] sz300174 资金不足 (现价19.85, 动态预算0)
[09:20:35] [AI] 原始候选信号: [{'symbol': 'sz300263', 'name': '隆华科技', 'score': 82, 'action': 'BUY', 'thesis': '同属当前科技材料主线且出现在全市场龙头锚点中，价格符合预算，涨幅温和未涨停，适合震荡期低吸核心辨识度标的。'}]
[09:20:35] [AI] 信号: 隆华科技(sz300263) 动作=BUY 评分=82.0
[09:20:35] [交易] sz300263 资金不足 (现价14.2, 动态预算295)
[09:20:35] [风控] sz300263 隆华科技 被拦截:资金不足,买不起 100 股
[09:20:47] [系统] 分析循环已停止。
[09:26:50] [系统] 正在启动双线程分析架构...
[09:26:50] [交易 AI] 线程已启动,间隔 90 秒 (优先级:高)。
[09:26:50] [研究 AI] 独立后台已启动,正在后台运行中... (等待触发节点)
[09:26:50] [系统] 双线程分析循环已启动 (交易 + 研究)。
[09:26:51] ✅ [记忆交接] AI 已加载昨日复盘。 🎯 关注作业： | 🚫 禁忌模式：半路追高, 缩量半路板, 退潮期接力
[09:28:05] [AI] 持仓分析: 2 项
[09:28:05] [AI] sz300715(凯伦股份): 动作=SELL, 逻辑=BROKEN
[09:28:05] [AI] 逻辑破坏 sz300715,触发卖出
[09:28:05] [交易] 卖出 凯伦股份: 300股 @ 19.53, 盈亏=-237.00
[09:28:05] [AI] sz300174(sz300174): 动作=SELL, 逻辑=BROKEN
[09:28:05] [AI] 忽略不存在的持仓分析: sz300174
[09:28:05] [AI] 原始候选信号: [{'symbol': 'sz300715', 'name': '凯伦股份', 'action': 'SELL', 'reason': '虽小幅浮盈，但与当前面板/光电主线关联弱，短线接力性不足，建议落袋或换入主线。', 'risk_result': '已卖出'}, {'symbol': 'sh600707', 'name': '彩虹股份', 'score': 81, 'action': 'BUY', 'thesis': '同属面板链核心方向，受京东方A强势带动，属于主线中军，适合震荡市低吸。'}, {'symbol': 'sz300088', 'name': '长信科技', 'score': 77, 'action': 'BUY', 'thesis': '同属显示触控链，价格和位置更适合短线轮动承接，具备主线扩散时的弹性。'}, {'symbol': 'sz300303', 'name': '聚飞光电', 'score': 73, 'action': 'BUY', 'thesis': '属于光电/LED方向的主线延伸标的，若资金继续向同主题扩散，可作为次级补涨观察。'}]
[09:28:05] [AI] 信号: 凯伦股份(sz300715) 动作=SELL 评分=0.0
[09:28:05] [AI] 信号: 凯伦股份 动作=SELL 评分=0.0
[09:28:05] [AI] 信号: 彩虹股份(sh600707) 动作=BUY 评分=81.0
[09:28:05] [交易] 买入 彩虹股份: 200股 @ 11.43
[09:28:05] [AI] 信号: 长信科技(sz300088) 动作=BUY 评分=77.0
[09:28:05] [交易] 买入 长信科技: 100股 @ 7.69
[09:28:05] [AI] 信号: 聚飞光电(sz300303) 动作=BUY 评分=73.0
[09:28:05] [交易] 买入 聚飞光电: 100股 @ 10.98
[09:28:21] ✅ [记忆交接] AI 已加载昨日复盘。 🎯 关注作业： | 🚫 禁忌模式：半路追高, 缩量半路板, 退潮期接力
[09:28:41] [AI] 持仓分析: 4 项
[09:28:41] [AI] sz300715(凯伦股份): 动作=HOLD, 逻辑=VALID
[09:28:41] [AI] sh600707(彩虹股份): 动作=HOLD, 逻辑=VALID
[09:28:41] [AI] sz300088(长信科技): 动作=HOLD, 逻辑=VALID
[09:28:41] [AI] sz300303(聚飞光电): 动作=HOLD, 逻辑=VALID
[09:28:41] [AI] 原始候选信号: [{'symbol': 'sh600707', 'name': '彩虹股份', 'score': 78, 'action': 'BUY', 'thesis': '同属京东方A带动的显示面板主线，未涨停且容量相对更适合震荡偏多环境下低吸。'}, {'symbol': 'sz300088', 'name': '长信科技', 'score': 75, 'action': 'BUY', 'thesis': '光电显示分支趋势股，受主线情绪带动，适合不追涨停的前提下小仓位跟随。'}]
[09:28:41] [AI] 信号: 彩虹股份(sh600707) 动作=BUY 评分=78.0
[09:28:41] [交易] 买入 彩虹股份: 100股 @ 11.43
[09:28:41] [AI] 信号: 长信科技(sz300088) 动作=BUY 评分=75.0
[09:28:41] [风控] sz300303(长信科技) 5 分钟内已买入过,防抖拦截
[09:28:41] [风控] sz300088 长信科技 被拦截:防抖拦截 (5min 冷却)
[09:28:41] [关注] 自动加入 长信科技(sz300088) 到观察池
[09:29:51] ✅ [记忆交接] AI 已加载昨日复盘。 🎯 关注作业：sz000725, sh600707, sh688584 | 🚫 禁忌模式：半路追高, 缩量半路板, 退潮期接力
[09:30:14] [AI] 持仓分析: 4 项
[09:30:14] [AI] sz300715(凯伦股份): 动作=HOLD, 逻辑=VALID
[09:30:14] [AI] sh600707(彩虹股份): 动作=HOLD, 逻辑=VALID
[09:30:14] [AI] sz300088(长信科技): 动作=HOLD, 逻辑=VALID
[09:30:14] [AI] sz300303(聚飞光电): 动作=HOLD, 逻辑=VALID
[09:30:14] [AI] 原始候选信号: [{'symbol': 'sh600707', 'name': '彩虹股份', 'score': 82, 'action': 'BUY', 'thesis': '面板链趋势中军，京东方A涨停强化主线，但自身未涨停，可作为显示面板方向的低吸承接标的。'}, {'symbol': 'sz300088', 'name': '长信科技', 'score': 78, 'action': 'BUY', 'thesis': '显示模组与光电方向受益于面板主线扩散，股价低、容量尚可，适合震荡偏多阶段跟随主线低吸。'}, {'symbol': 'sz300303', 'name': '聚飞光电', 'score': 75, 'action': 'BUY', 'thesis': 'LED与光电显示链条标的，受华灿光电涨停带动具备补涨预期，但仅适合小仓位低吸，不追缩量拉升。'}]
[09:30:14] [AI] 信号: 彩虹股份(sh600707) 动作=BUY 评分=82.0
[09:30:14] [风控] sz300303(彩虹股份) 5 分钟内已买入过,防抖拦截
[09:30:14] [风控] sh600707 彩虹股份 被拦截:防抖拦截 (5min 冷却)
[09:30:14] [关注] 自动加入 彩虹股份(sh600707) 到观察池
[09:30:14] [AI] 信号: 长信科技(sz300088) 动作=BUY 评分=78.0
[09:30:14] [风控] sz300303(长信科技) 5 分钟内已买入过,防抖拦截
[09:30:14] [风控] sz300088 长信科技 被拦截:防抖拦截 (5min 冷却)
[09:30:14] [AI] 信号: 聚飞光电(sz300303) 动作=BUY 评分=75.0
[09:30:14] [风控] sz300303(聚飞光电) 5 分钟内已买入过,防抖拦截
[09:30:14] [风控] sz300303 聚飞光电 被拦截:防抖拦截 (5min 冷却)
[09:30:14] [关注] 自动加入 聚飞光电(sz300303) 到观察池
[09:31:21] ✅ [记忆交接] AI 已加载昨日复盘。 🎯 关注作业：sz000725, sh600707, sh688584 | 🚫 禁忌模式：半路追高, 缩量半路板, 退潮期接力
[09:31:39] [AI] 持仓分析: 4 项
[09:31:39] [AI] sz300715(凯伦股份): 动作=SELL, 逻辑=BROKEN
[09:31:39] [AI] 逻辑破坏 sz300715,触发卖出
[09:31:39] [风控] 拒绝 sz300303: [S级]仓位状态：建仓保护期：剩余11分钟
[09:31:39] [AI] sh600707(彩虹股份): 动作=HOLD, 逻辑=VALID
[09:31:39] [AI] sz300088(长信科技): 动作=HOLD, 逻辑=VALID
[09:31:39] [AI] sz300303(聚飞光电): 动作=HOLD, 逻辑=VALID
[09:31:39] [AI] 原始候选信号: [{'symbol': 'sh688055', 'name': '龙腾光电', 'score': 78, 'action': 'BUY', 'thesis': '面板显示链低位补涨标的，主线由京东方A和彩虹股份强化，若放量跟随可作为同板块趋势承接。'}]
[09:31:39] [AI] 信号: 龙腾光电(sh688055) 动作=BUY 评分=78.0
[09:31:39] [风控] sz300303(龙腾光电) 5 分钟内已买入过,防抖拦截
[09:31:39] [风控] sh688055 龙腾光电 被拦截:防抖拦截 (5min 冷却)
[09:31:39] [关注] 自动加入 龙腾光电(sh688055) 到观察池
[09:32:51] ✅ [记忆交接] AI 已加载昨日复盘。 🎯 关注作业：sz000725, sh600707, sh688584 | 🚫 禁忌模式：半路追高, 缩量半路板, 退潮期接力
[09:33:12] [AI] 持仓分析: 4 项
[09:33:12] [AI] sz300715(凯伦股份): 动作=HOLD, 逻辑=VALID
[09:33:12] [AI] sh600707(彩虹股份): 动作=HOLD, 逻辑=VALID
[09:33:12] [AI] sz300088(长信科技): 动作=HOLD, 逻辑=BROKEN
[09:33:12] [AI] sz300303(聚飞光电): 动作=HOLD, 逻辑=VALID
[09:33:12] [AI] 原始候选信号: [{'symbol': 'sz300162', 'name': '雷曼光电', 'score': 82, 'action': 'BUY', 'thesis': '光电与MicroLED方向强度靠前，未涨停且属于当前显示科技主线内辨识度较高的进攻标的，适合小仓顺主线低吸。'}, {'symbol': 'sh688055', 'name': '龙腾光电', 'score': 78, 'action': 'BUY', 'thesis': '显示面板方向科创低价容量标的，受京东方A涨停强化带动，适合作为主线中军补涨观察。'}, {'symbol': 'sh600707', 'name': '彩虹股份', 'score': 76, 'action': 'BUY', 'thesis': '面板链趋势中军之一，当前贴近成本区且与京东方A同主线，若放量站稳可延续趋势修复。'}]
[09:33:12] [AI] 信号: 雷曼光电(sz300162) 动作=BUY 评分=82.0
[09:33:12] [风控] sz300303(雷曼光电) 5 分钟内已买入过,防抖拦截
[09:33:12] [风控] sz300162 雷曼光电 被拦截:防抖拦截 (5min 冷却)
[09:33:12] [关注] 自动加入 雷曼光电(sz300162) 到观察池
[09:33:12] [AI] 信号: 龙腾光电(sh688055) 动作=BUY 评分=78.0
[09:33:12] [风控] sz300303(龙腾光电) 5 分钟内已买入过,防抖拦截
[09:33:12] [风控] sh688055 龙腾光电 被拦截:防抖拦截 (5min 冷却)
[09:33:12] [AI] 信号: 彩虹股份(sh600707) 动作=BUY 评分=76.0
[09:33:12] [风控] sz300303(彩虹股份) 5 分钟内已买入过,防抖拦截
[09:33:12] [风控] sh600707 彩虹股份 被拦截:防抖拦截 (5min 冷却)
[09:34:20] ✅ [记忆交接] AI 已加载昨日复盘。 🎯 关注作业：sz000725, sh600707, sh688584 | 🚫 禁忌模式：半路追高, 缩量半路板, 退潮期接力
[09:34:49] [AI] 持仓分析: 4 项
[09:34:49] [AI] sz300715(凯伦股份): 动作=SELL, 逻辑=BROKEN
[09:34:49] [AI] 逻辑破坏 sz300715,触发卖出
[09:34:49] [风控] 拒绝 sz300303: [S级]仓位状态：建仓保护期：剩余8分钟
[09:34:49] [AI] sh600707(彩虹股份): 动作=HOLD, 逻辑=VALID
[09:34:49] [AI] sz300088(长信科技): 动作=HOLD, 逻辑=VALID
[09:34:49] [AI] sz300303(聚飞光电): 动作=HOLD, 逻辑=VALID
[09:34:49] [AI] 原始候选信号: [{'symbol': 'sz300162', 'name': '雷曼光电', 'score': 86, 'action': 'BUY', 'thesis': '光电LED主线核心强势股，涨幅未达涨停，承接强于多数跟风标的，符合升温期优先做核心的逻辑。'}, {'symbol': 'sh688055', 'name': '龙腾光电', 'score': 80, 'action': 'BUY', 'thesis': '显示面板方向高辨识度龙头之一，与京东方A、彩虹股份形成主线共振，但仅适合未封涨停且分时放量承接健康时参与。'}]
[09:34:49] [AI] 信号: 雷曼光电(sz300162) 动作=BUY 评分=86.0
[09:34:49] [交易] 买入 雷曼光电: 100股 @ 10.05
[09:34:49] [AI] 信号: 龙腾光电(sh688055) 动作=BUY 评分=80.0
[09:34:49] [交易] 买入 龙腾光电: 200股 @ 5.38
[09:35:49] ✅ [记忆交接] AI 已加载昨日复盘。 🎯 关注作业：sz000725, sh600707, sh688584 | 🚫 禁忌模式：半路追高, 缩量半路板, 退潮期接力
[09:36:12] [AI] 持仓分析: 6 项
[09:36:12] [AI] sz300715(凯伦股份): 动作=SELL, 逻辑=BROKEN
[09:36:12] [AI] 逻辑破坏 sz300715,触发卖出
[09:36:12] [风控] 拒绝 sh688055: [S级]仓位状态：建仓保护期：剩余7分钟
[09:36:12] [AI] sh600707(彩虹股份): 动作=HOLD, 逻辑=VALID
[09:36:12] [AI] sz300088(长信科技): 动作=HOLD, 逻辑=VALID
[09:36:12] [AI] sz300303(聚飞光电): 动作=HOLD, 逻辑=VALID
[09:36:12] [AI] sz300162(雷曼光电): 动作=HOLD, 逻辑=VALID
[09:36:12] [AI] sh688055(龙腾光电): 动作=HOLD, 逻辑=VALID
[09:36:12] [AI] 原始候选信号: [{'symbol': 'sz300162', 'name': '雷曼光电', 'score': 88, 'action': 'BUY', 'thesis': '光电显示主线强势核心之一，未涨停且辨识度高，符合升温期优先做主线龙头的条件。'}, {'symbol': 'sz000725', 'name': '京东方A', 'score': 82, 'action': 'BUY', 'thesis': '面板链容量核心中军，若继续放量强于指数，可验证显示面板主线承接并支撑相关持仓。'}, {'symbol': 'sz002962', 'name': '五方光电', 'score': 75, 'action': 'BUY', 'thesis': '同属光电方向且未涨停，可作为主线内弹性补充，但优先级低于雷曼光电和京东方A。'}]
[09:36:12] [AI] 信号: 雷曼光电(sz300162) 动作=BUY 评分=88.0
[09:36:12] [风控] 拒绝 sh688055: [B级]冲高回落：最高涨6.8%现仅1.5%
[09:36:12] [风控] sz300162 雷曼光电 被拦截:[B级]冲高回落：最高涨6.8%现仅1.5%
[09:36:12] [AI] 信号: 京东方A(sz000725) 动作=BUY 评分=82.0
[09:36:12] [交易] 买入 京东方Ａ: 400股 @ 4.69
[09:36:12] [AI] 信号: 五方光电(sz002962) 动作=BUY 评分=75.0
[09:36:12] [交易] sz002962 资金不足 (现价20.09, 动态预算720)
[09:36:12] [风控] sz002962 五方光电 被拦截:资金不足,买不起 100 股
[09:36:12] [关注] 自动加入 五方光电(sz002962) 到观察池
[09:37:19] ✅ [记忆交接] AI 已加载昨日复盘。 🎯 关注作业：sz000725, sh600707, sh688584 | 🚫 禁忌模式：半路追高, 缩量半路板, 退潮期接力
[09:38:15] [AI] 持仓分析: 7 项
[09:38:15] [AI] sz300715(凯伦股份): 动作=SELL, 逻辑=BROKEN
[09:38:15] [AI] 逻辑破坏 sz300715,触发卖出
[09:38:15] [风控] 拒绝 sz000725: [S级]仓位状态：建仓保护期：剩余5分钟
[09:38:15] [AI] sh600707(彩虹股份): 动作=HOLD, 逻辑=VALID
[09:38:15] [AI] sz300088(长信科技): 动作=HOLD, 逻辑=VALID
[09:38:15] [AI] sz300303(聚飞光电): 动作=HOLD, 逻辑=VALID
[09:38:15] [AI] sz300162(雷曼光电): 动作=HOLD, 逻辑=VALID
[09:38:15] [AI] sh688055(龙腾光电): 动作=HOLD, 逻辑=VALID
[09:38:15] [AI] sz000725(京东方Ａ): 动作=HOLD, 逻辑=VALID
[09:38:15] [AI] 原始候选信号: [{'symbol': 'sz000725', 'name': '京东方A', 'score': 92, 'action': 'BUY', 'thesis': '面板主线核心中军，容量大且价格低，若继续放量强于指数可确认资金仍在显示链内，适合低吸而非追高。'}]
[09:38:15] [AI] 信号: 京东方A(sz000725) 动作=BUY 评分=92.0
[09:38:15] [交易] 买入 京东方Ａ: 600股 @ 4.69
[09:38:48] ✅ [记忆交接] AI 已加载昨日复盘。 🎯 关注作业：sz000725, sh600707, sh688584 | 🚫 禁忌模式：半路追高, 缩量半路板, 退潮期接力
[09:39:19] [AI] 持仓分析: 7 项
[09:39:19] [AI] sz300715(凯伦股份): 动作=SELL, 逻辑=BROKEN
[09:39:19] [AI] 逻辑破坏 sz300715,触发卖出
[09:39:19] [风控] 拒绝 sz000725: [S级]仓位状态：建仓保护期：剩余4分钟
[09:39:19] [AI] sh600707(彩虹股份): 动作=HOLD, 逻辑=VALID
[09:39:19] [AI] sz300088(长信科技): 动作=HOLD, 逻辑=VALID
[09:39:19] [AI] sz300303(聚飞光电): 动作=HOLD, 逻辑=VALID
[09:39:19] [AI] sz300162(雷曼光电): 动作=HOLD, 逻辑=VALID
[09:39:19] [AI] sh688055(龙腾光电): 动作=HOLD, 逻辑=VALID
[09:39:19] [AI] sz000725(京东方Ａ): 动作=HOLD, 逻辑=VALID
[09:39:19] [AI] 原始候选信号: [{'symbol': 'sz300162', 'name': '雷曼光电', 'score': 82, 'action': 'BUY', 'thesis': '光电显示主线核心强势股，未涨停且辨识度高于同池跟风标的，但因当前已重仓只能小仓位参与。'}]
[09:39:19] [AI] 信号: 雷曼光电(sz300162) 动作=BUY 评分=82.0
[09:39:19] [风控] 拒绝 sz000725: [A级]仓位已满：当前71% >= 市场neutral最大60%
[09:39:19] [风控] sz300162 雷曼光电 被拦截:[A级]仓位已满：当前71% >= 市场neutral最大60%
[09:40:18] ✅ [记忆交接] AI 已加载昨日复盘。 🎯 关注作业：sz000725, sh600707, sh688584 | 🚫 禁忌模式：半路追高, 缩量半路板, 退潮期接力
[09:40:41] [AI] 持仓分析: 7 项
[09:40:41] [AI] sz300715(凯伦股份): 动作=HOLD, 逻辑=VALID
[09:40:41] [AI] sh600707(彩虹股份): 动作=HOLD, 逻辑=VALID
[09:40:41] [AI] sz300088(长信科技): 动作=HOLD, 逻辑=VALID
[09:40:41] [AI] sz300303(聚飞光电): 动作=HOLD, 逻辑=VALID
[09:40:41] [AI] sz300162(雷曼光电): 动作=HOLD, 逻辑=VALID
[09:40:41] [AI] sh688055(龙腾光电): 动作=HOLD, 逻辑=VALID
[09:40:41] [AI] sz000725(京东方Ａ): 动作=HOLD, 逻辑=VALID
[09:40:41] [AI] 原始候选信号: []
[09:41:47] ✅ [记忆交接] AI 已加载昨日复盘。 🎯 关注作业：sz000725, sh600707, sh688584 | 🚫 禁忌模式：半路追高, 缩量半路板, 退潮期接力
[09:42:18] [AI] 持仓分析: 7 项
[09:42:18] [AI] sz300715(凯伦股份): 动作=SELL, 逻辑=BROKEN
[09:42:18] [AI] 逻辑破坏 sz300715,触发卖出
[09:42:18] [风控] 拒绝 sz000725: [S级]仓位状态：建仓保护期：剩余1分钟
[09:42:18] [AI] sh600707(彩虹股份): 动作=HOLD, 逻辑=VALID
[09:42:18] [AI] sz300088(长信科技): 动作=HOLD, 逻辑=VALID
[09:42:18] [AI] sz300303(聚飞光电): 动作=HOLD, 逻辑=BROKEN
[09:42:18] [AI] sz300162(雷曼光电): 动作=HOLD, 逻辑=VALID
[09:42:18] [AI] sh688055(龙腾光电): 动作=HOLD, 逻辑=VALID
[09:42:18] [AI] sz000725(京东方Ａ): 动作=HOLD, 逻辑=VALID
[09:42:18] [AI] 原始候选信号: []
[09:43:17] ✅ [记忆交接] AI 已加载昨日复盘。 🎯 关注作业：sz000725, sh600707, sh688584 | 🚫 禁忌模式：半路追高, 缩量半路板, 退潮期接力
[09:43:48] [AI] 持仓分析: 7 项
[09:43:48] [AI] sz300715(凯伦股份): 动作=SELL, 逻辑=BROKEN
[09:43:48] [AI] 逻辑破坏 sz300715,触发卖出
[09:43:48] [风控] 拒绝 sz000725: [S级]仓位状态：信念值充足：conviction=60，thesis=VALID
[09:43:48] [AI] sh600707(彩虹股份): 动作=HOLD, 逻辑=VALID
[09:43:48] [AI] sz300088(长信科技): 动作=HOLD, 逻辑=BROKEN
[09:43:48] [AI] sz300303(聚飞光电): 动作=HOLD, 逻辑=BROKEN
[09:43:48] [AI] sz300162(雷曼光电): 动作=HOLD, 逻辑=VALID
[09:43:48] [AI] sh688055(龙腾光电): 动作=HOLD, 逻辑=VALID
[09:43:48] [AI] sz000725(京东方Ａ): 动作=HOLD, 逻辑=VALID
[09:43:48] [AI] 原始候选信号: []
[09:44:46] ✅ [记忆交接] AI 已加载昨日复盘。 🎯 关注作业：sz000725, sh600707, sh688584 | 🚫 禁忌模式：半路追高, 缩量半路板, 退潮期接力
[09:46:46] [AI] 错误: JSON 解析失败
[09:46:48] ✅ [记忆交接] AI 已加载昨日复盘。 🎯 关注作业：sz000725, sh600707, sh688584 | 🚫 禁忌模式：半路追高, 缩量半路板, 退潮期接力
[09:47:27] [AI] 持仓分析: 7 项
[09:47:27] [AI] sz300715(凯伦股份): 动作=SELL, 逻辑=BROKEN
[09:47:27] [AI] 逻辑破坏 sz300715,触发卖出
[09:47:27] [风控] 拒绝 sz000725: [S级]仓位状态：信念值充足：conviction=60，thesis=VALID
[09:47:27] [AI] sh600707(彩虹股份): 动作=HOLD, 逻辑=VALID
[09:47:27] [AI] sz300088(长信科技): 动作=HOLD, 逻辑=VALID
[09:47:27] [AI] sz300303(聚飞光电): 动作=HOLD, 逻辑=VALID
[09:47:27] [AI] sz300162(雷曼光电): 动作=HOLD, 逻辑=VALID
[09:47:27] [AI] sh688055(龙腾光电): 动作=HOLD, 逻辑=VALID
[09:47:27] [AI] sz000725(京东方Ａ): 动作=HOLD, 逻辑=VALID
[09:47:27] [AI] 原始候选信号: [{'symbol': 'sz300162', 'name': '雷曼光电', 'score': 82, 'action': 'BUY', 'thesis': '光电显示主线升温，雷曼光电属于同主线高辨识度弹性核心且未涨停，若分时放量承接可小仓跟随。'}]
[09:47:27] [AI] 信号: 雷曼光电(sz300162) 动作=BUY 评分=82.0
[09:47:27] [风控] 拒绝 sz000725: [A级]仓位已满：当前71% >= 市场neutral最大60%
[09:47:27] [风控] sz300162 雷曼光电 被拦截:[A级]仓位已满：当前71% >= 市场neutral最大60%
[09:48:18] ✅ [记忆交接] AI 已加载昨日复盘。 🎯 关注作业：sz000725, sh600707, sh688584 | 🚫 禁忌模式：半路追高, 缩量半路板, 退潮期接力
[09:49:57] [AI] 持仓分析: 7 项
[09:49:57] [AI] sz300715(凯伦股份): 动作=SELL, 逻辑=BROKEN
[09:49:57] [AI] 逻辑破坏 sz300715,触发卖出
[09:49:57] [风控] 拒绝 sz000725: [S级]仓位状态：信念值充足：conviction=60，thesis=VALID
[09:49:57] [AI] sh600707(彩虹股份): 动作=HOLD, 逻辑=VALID
[09:49:57] [AI] sz300088(长信科技): 动作=HOLD, 逻辑=VALID
[09:49:57] [AI] sz300303(聚飞光电): 动作=HOLD, 逻辑=VALID
[09:49:57] [AI] sz300162(雷曼光电): 动作=HOLD, 逻辑=VALID
[09:49:57] [AI] sh688055(龙腾光电): 动作=HOLD, 逻辑=BROKEN
[09:49:57] [AI] sz000725(京东方Ａ): 动作=HOLD, 逻辑=VALID
[09:49:57] [AI] 原始候选信号: [{'symbol': 'sz000899', 'name': '旗滨集团', 'score': 78, 'action': 'BUY', 'thesis': '面板链升温时，上游玻璃具备趋势中军属性，容量更大且未触及涨停，适合轻仓卡位主线扩散。'}]
[09:49:57] [AI] 信号: 旗滨集团(sz000899) 动作=BUY 评分=78.0
[09:49:57] [交易] 获取到池外股票 sz000899 价格: 13.18
[09:49:57] [交易] sz000899 资金不足 (现价13.18, 动态预算484)
[09:49:57] [风控] sz000899 旗滨集团 被拦截:资金不足,买不起 100 股
[09:49:57] [关注] 自动加入 旗滨集团(sz000899) 到观察池
[09:50:00] ✅ [记忆交接] AI 已加载昨日复盘。 🎯 关注作业：sz000725, sh600707, sh688584 | 🚫 禁忌模式：半路追高, 缩量半路板, 退潮期接力
[09:52:00] [AI] 错误: JSON 解析失败
[09:52:02] ✅ [记忆交接] AI 已加载昨日复盘。 🎯 关注作业：sz000725, sh600707, sh688584 | 🚫 禁忌模式：半路追高, 缩量半路板, 退潮期接力
[09:53:59] [AI] 持仓分析: 7 项
[09:53:59] [AI] sz300715(凯伦股份): 动作=SELL, 逻辑=BROKEN
[09:53:59] [AI] 逻辑破坏 sz300715,触发卖出
[09:53:59] [风控] 拒绝 sz000725: [S级]仓位状态：信念值充足：conviction=60，thesis=VALID
[09:53:59] [AI] sh600707(彩虹股份): 动作=HOLD, 逻辑=VALID
[09:53:59] [AI] sz300088(长信科技): 动作=HOLD, 逻辑=VALID
[09:53:59] [AI] sz300303(聚飞光电): 动作=HOLD, 逻辑=VALID
[09:53:59] [AI] sz300162(雷曼光电): 动作=HOLD, 逻辑=VALID
[09:53:59] [AI] sh688055(龙腾光电): 动作=HOLD, 逻辑=VALID
[09:53:59] [AI] sz000725(京东方Ａ): 动作=HOLD, 逻辑=VALID
[09:53:59] [AI] 原始候选信号: [{'symbol': 'sz300162', 'name': '雷曼光电', 'score': 96, 'action': 'BUY', 'thesis': '当前市场最强的可交易光电龙头之一，若继续放量可直接代表主线情绪延续。'}, {'symbol': 'sz000725', 'name': '京东方Ａ', 'score': 93, 'action': 'BUY', 'thesis': '面板链核心中军，低价容量大，最适合用来验证主线是否继续扩散。'}, {'symbol': 'sz000050', 'name': '深天马Ａ', 'score': 86, 'action': 'BUY', 'thesis': '同属面板趋势中军，量价健康且有承接能力，适合作为主线扩散的第二选择。'}]
[09:53:59] [AI] 信号: 雷曼光电(sz300162) 动作=BUY 评分=96.0
[09:53:59] [风控] 拒绝 sz000725: [A级]仓位已满：当前71% >= 市场neutral最大60%
[09:53:59] [风控] sz300162 雷曼光电 被拦截:[A级]仓位已满：当前71% >= 市场neutral最大60%
[09:53:59] [AI] 信号: 京东方Ａ(sz000725) 动作=BUY 评分=93.0
[09:53:59] [风控] 拒绝 sz000725: [A级]仓位已满：当前71% >= 市场neutral最大60%
[09:53:59] [风控] sz000725 京东方Ａ 被拦截:[A级]仓位已满：当前71% >= 市场neutral最大60%
[09:53:59] [关注] 自动加入 京东方Ａ(sz000725) 到观察池
[09:53:59] [AI] 信号: 深天马Ａ(sz000050) 动作=BUY 评分=86.0
[09:53:59] [风控] 拒绝 sz000725: [A级]仓位已满：当前71% >= 市场neutral最大60%
[09:53:59] [风控] sz000050 深天马Ａ 被拦截:[A级]仓位已满：当前71% >= 市场neutral最大60%
[09:53:59] [关注] 自动加入 深天马Ａ(sz000050) 到观察池
[09:54:01] ✅ [记忆交接] AI 已加载昨日复盘。 🎯 关注作业：sz000725, sh600707, sh688584 | 🚫 禁忌模式：半路追高, 缩量半路板, 退潮期接力
[09:56:01] [AI] 错误: JSON 解析失败
[09:56:04] ✅ [记忆交接] AI 已加载昨日复盘。 🎯 关注作业：sz000725, sh600707, sh688584 | 🚫 禁忌模式：半路追高, 缩量半路板, 退潮期接力
[09:57:56] [AI] 持仓分析: 7 项
[09:57:56] [AI] sz300715(凯伦股份): 动作=HOLD, 逻辑=VALID
[09:57:56] [AI] sh600707(彩虹股份): 动作=HOLD, 逻辑=VALID
[09:57:56] [AI] sz300088(长信科技): 动作=HOLD, 逻辑=VALID
[09:57:56] [AI] sz300303(聚飞光电): 动作=HOLD, 逻辑=VALID
[09:57:56] [AI] sz300162(雷曼光电): 动作=HOLD, 逻辑=VALID
[09:57:56] [AI] sh688055(龙腾光电): 动作=HOLD, 逻辑=VALID
[09:57:56] [AI] sz000725(京东方Ａ): 动作=HOLD, 逻辑=VALID
[09:57:56] [AI] 原始候选信号: []
[09:58:01] ✅ [记忆交接] AI 已加载昨日复盘。 🎯 关注作业：sz000725, sh600707, sh688584 | 🚫 禁忌模式：半路追高, 缩量半路板, 退潮期接力
[09:58:21] [AI] 持仓分析: 7 项
[09:58:21] [AI] sz300715(凯伦股份): 动作=SELL, 逻辑=BROKEN
[09:58:21] [AI] 逻辑破坏 sz300715,触发卖出
[09:58:21] [风控] 拒绝 sz000725: [S级]仓位状态：信念值充足：conviction=60，thesis=VALID
[09:58:21] [AI] sh600707(彩虹股份): 动作=HOLD, 逻辑=VALID
[09:58:21] [AI] sz300088(长信科技): 动作=HOLD, 逻辑=VALID
[09:58:21] [AI] sz300303(聚飞光电): 动作=HOLD, 逻辑=VALID
[09:58:21] [AI] sz300162(雷曼光电): 动作=HOLD, 逻辑=VALID
[09:58:21] [AI] sh688055(龙腾光电): 动作=HOLD, 逻辑=VALID
[09:58:21] [AI] sz000725(京东方Ａ): 动作=HOLD, 逻辑=VALID
[09:58:21] [AI] 原始候选信号: []
[09:59:28] ✅ [记忆交接] AI 已加载昨日复盘。 🎯 关注作业：sz000725, sh600707, sh688584 | 🚫 禁忌模式：半路追高, 缩量半路板, 退潮期接力
[09:59:57] [AI] 持仓分析: 7 项
[09:59:57] [AI] sz300715(凯伦股份): 动作=SELL, 逻辑=BROKEN
[09:59:57] [AI] 逻辑破坏 sz300715,触发卖出
[09:59:57] [风控] 拒绝 sz000725: [S级]仓位状态：信念值充足：conviction=60，thesis=VALID
[09:59:57] [AI] sh600707(彩虹股份): 动作=HOLD, 逻辑=VALID
[09:59:57] [AI] sz300088(长信科技): 动作=HOLD, 逻辑=BROKEN
[09:59:57] [AI] sz300303(聚飞光电): 动作=HOLD, 逻辑=BROKEN
[09:59:57] [AI] sz300162(雷曼光电): 动作=HOLD, 逻辑=VALID
[09:59:57] [AI] sh688055(龙腾光电): 动作=HOLD, 逻辑=VALID
[09:59:57] [AI] sz000725(京东方Ａ): 动作=HOLD, 逻辑=VALID
[09:59:57] [AI] 原始候选信号: [{'symbol': 'sz300162', 'name': '雷曼光电', 'score': 86, 'action': 'BUY', 'thesis': '光电方向核心龙头之一，涨幅强但未涨停，符合高潮期只做主线核心的要求；但当前仓位已重，只适合小仓确认，不宜追高加速。'}]
[09:59:57] [AI] 信号: 雷曼光电(sz300162) 动作=BUY 评分=86.0
[09:59:57] [风控] 拒绝 sz000725: [A级]仓位已满：当前71% >= 市场neutral最大60%
[09:59:57] [风控] sz300162 雷曼光电 被拦截:[A级]仓位已满：当前71% >= 市场neutral最大60%
[10:00:57] ✅ [记忆交接] AI 已加载昨日复盘。 🎯 关注作业：sz000725, sh600707, sh688584 | 🚫 禁忌模式：半路追高, 缩量半路板, 退潮期接力
[10:01:19] [AI] 持仓分析: 7 项
[10:01:19] [AI] sz300715(凯伦股份): 动作=HOLD, 逻辑=VALID
[10:01:19] [AI] sh600707(彩虹股份): 动作=HOLD, 逻辑=VALID
[10:01:19] [AI] sz300088(长信科技): 动作=HOLD, 逻辑=VALID
[10:01:19] [AI] sz300303(聚飞光电): 动作=HOLD, 逻辑=VALID
[10:01:19] [AI] sz300162(雷曼光电): 动作=HOLD, 逻辑=VALID
[10:01:19] [AI] sh688055(龙腾光电): 动作=HOLD, 逻辑=VALID
[10:01:19] [AI] sz000725(京东方Ａ): 动作=HOLD, 逻辑=VALID
[10:01:19] [AI] 原始候选信号: []
[10:02:27] ✅ [记忆交接] AI 已加载昨日复盘。 🎯 关注作业：sz000725, sh600707, sh688584 | 🚫 禁忌模式：半路追高, 缩量半路板, 退潮期接力
[10:02:47] [AI] 持仓分析: 7 项
[10:02:47] [AI] sz300715(凯伦股份): 动作=SELL, 逻辑=BROKEN
[10:02:47] [AI] 逻辑破坏 sz300715,触发卖出
[10:02:47] [风控] 拒绝 sz000725: [S级]仓位状态：信念值充足：conviction=60，thesis=VALID
[10:02:47] [AI] sh600707(彩虹股份): 动作=HOLD, 逻辑=VALID
[10:02:47] [AI] sz300088(长信科技): 动作=HOLD, 逻辑=VALID
[10:02:47] [AI] sz300303(聚飞光电): 动作=HOLD, 逻辑=VALID
[10:02:47] [AI] sz300162(雷曼光电): 动作=HOLD, 逻辑=VALID
[10:02:47] [AI] sh688055(龙腾光电): 动作=HOLD, 逻辑=VALID
[10:02:47] [AI] sz000725(京东方Ａ): 动作=HOLD, 逻辑=VALID
[10:02:47] [AI] 原始候选信号: []
[10:03:57] ✅ [记忆交接] AI 已加载昨日复盘。 🎯 关注作业：sz000725, sh600707, sh688584 | 🚫 禁忌模式：半路追高, 缩量半路板, 退潮期接力
[10:04:33] [系统] 正在启动双线程分析架构...
[10:04:33] [交易 AI] 线程已启动,间隔 90 秒 (优先级:高)。
[10:04:33] [研究 AI] 独立后台已启动,正在后台运行中... (等待触发节点)
[10:04:33] [系统] 双线程分析循环已启动 (交易 + 研究)。
[10:04:42] ✅ [记忆交接] AI 已加载昨日复盘。 🎯 关注作业：sz000725, sh600707, sh688584 | 🚫 禁忌模式：半路追高, 缩量半路板, 退潮期接力
[10:05:05] [AI] 持仓分析: 7 项
[10:05:05] [AI] sz300715(凯伦股份): 动作=SELL, 逻辑=BROKEN
[10:05:05] [AI] 逻辑破坏 sz300715,触发卖出
[10:05:05] [交易] 卖出 京东方Ａ: 1000股 @ 21.3, 盈亏=+16610.00
[10:05:05] [AI] sh600707(彩虹股份): 动作=HOLD, 逻辑=VALID
[10:05:05] [AI] sz300088(长信科技): 动作=HOLD, 逻辑=VALID
[10:05:05] [AI] sz300303(聚飞光电): 动作=HOLD, 逻辑=VALID
[10:05:05] [AI] sz300162(雷曼光电): 动作=HOLD, 逻辑=VALID
[10:05:05] [AI] sh688055(龙腾光电): 动作=HOLD, 逻辑=VALID
[10:05:05] [AI] sz000725(sz000725): 动作=HOLD, 逻辑=VALID
[10:05:05] [AI] 忽略不存在的持仓分析: sz000725
[10:05:05] [AI] 原始候选信号: [{'symbol': 'sz300715', 'name': '凯伦股份', 'action': 'SELL', 'reason': '凯伦股份不在当前光电显示/面板主线内，已有盈利且仓位偏重，适合兑现降风险。', 'risk_result': '已卖出'}, {'symbol': 'sz300162', 'name': '雷曼光电', 'score': 88, 'action': 'BUY', 'thesis': '当前光电显示主线核心龙头，强度高且未触及创业板涨停，符合高潮期只做龙头原则。'}, {'symbol': 'sh688055', 'name': '龙腾光电', 'score': 79, 'action': 'BUY', 'thesis': '同属显示面板主线，价格低、容量相对更适合承接，作为京东方A和彩虹股份方向的趋势中军补充。'}]
[10:05:05] [AI] 信号: 凯伦股份(sz300715) 动作=SELL 评分=0.0
[10:05:05] [AI] 信号: 凯伦股份 动作=SELL 评分=0.0
[10:05:05] [AI] 信号: 雷曼光电(sz300162) 动作=BUY 评分=88.0
[10:05:05] [风控] 拒绝 sh688055: [B级]冲高回落：最高涨6.8%现仅-0.5%
[10:05:05] [风控] sz300162 雷曼光电 被拦截:[B级]冲高回落：最高涨6.8%现仅-0.5%
[10:05:05] [AI] 信号: 龙腾光电(sh688055) 动作=BUY 评分=79.0
[10:05:05] [交易] 买入 龙腾光电: 400股 @ 5.39
[10:06:04] ✅ [记忆交接] AI 已加载昨日复盘。 🎯 关注作业：sz000725, sh600707, sh688584 | 🚫 禁忌模式：半路追高, 缩量半路板, 退潮期接力
[10:06:06] [系统] 分析循环已停止。
[10:07:06] [AI] 持仓分析: 6 项
[10:07:06] [AI] sz300715(凯伦股份): 动作=SELL, 逻辑=BROKEN
[10:07:06] [AI] 逻辑破坏 sz300715,触发卖出
[10:07:06] [交易] 卖出 龙腾光电: 600股 @ 21.28, 盈亏=+9536.00
[10:07:06] [AI] sh600707(彩虹股份): 动作=HOLD, 逻辑=VALID
[10:07:06] [AI] sz300088(长信科技): 动作=HOLD, 逻辑=VALID
[10:07:06] [AI] sz300303(聚飞光电): 动作=HOLD, 逻辑=VALID
[10:07:06] [AI] sz300162(雷曼光电): 动作=HOLD, 逻辑=VALID
[10:07:06] [AI] sh688055(sh688055): 动作=HOLD, 逻辑=BROKEN
[10:07:06] [AI] 忽略不存在的持仓分析: sh688055
[10:07:06] [AI] 原始候选信号: [{'symbol': 'sz300715', 'name': '凯伦股份', 'action': 'SELL', 'reason': '不在当前面板/显示主线，高潮期应从非核心补涨品种撤离以锁定利润。', 'risk_result': '已卖出'}, {'symbol': 'sz300162', 'name': '雷曼光电', 'score': 90, 'action': 'BUY', 'thesis': '当前市场主线集中在面板/显示/光电，雷曼光电是可交易池里辨识度最高的核心之一，若继续放量可作为主线核心加仓。'}]
[10:07:06] [AI] 信号: 凯伦股份(sz300715) 动作=SELL 评分=0.0
[10:07:06] [AI] 信号: 凯伦股份 动作=SELL 评分=0.0
[10:07:06] [AI] 信号: 雷曼光电(sz300162) 动作=BUY 评分=90.0
[10:07:06] [风控] 拒绝 sz300162: [A级]单只超限：28% > 普通上限15%
[10:07:06] [风控] sz300162 雷曼光电 被拦截:[A级]单只超限：28% > 普通上限15%
[12:33:38] [系统] 正在启动双线程分析架构...
[12:33:38] [交易 AI] 线程已启动,间隔 90 秒 (优先级:高)。
[12:33:38] [研究 AI] 独立后台已启动,正在后台运行中... (等待触发节点)
[12:33:38] [系统] 双线程分析循环已启动 (交易 + 研究)。
[12:33:38] [交易 AI] 正在休市,等待开盘自动运行...
[12:33:38] [研究 AI] 触发节点 [下午盘前策略],开始调用进行工作...
[12:34:15] [研究 AI] [下午盘前策略] 工作完成。提示: 显示链仍符合当前持仓主线，但组合过度集中，明日应以核心中军强
[12:34:15] [研究 AI] 今日复盘日记已成功写入数据库。
[12:43:58] [风控] 拒绝 sz000725: [A级]仓位已满：当前71% >= 市场neutral最大60%
[13:00:42] ✅ [记忆交接] AI 已加载昨日复盘。 🎯 关注作业： | 🚫 禁忌模式：半路追高, 缩量半路板, 退潮期接力
[13:01:05] [AI] 持仓分析: 6 项
[13:01:05] [AI] sh600707(彩虹股份): 动作=HOLD, 逻辑=VALID
[13:01:05] [AI] sz300088(长信科技): 动作=HOLD, 逻辑=BROKEN
[13:01:05] [AI] sz300303(聚飞光电): 动作=HOLD, 逻辑=BROKEN
[13:01:05] [AI] sz300162(雷曼光电): 动作=HOLD, 逻辑=VALID
[13:01:05] [AI] sh688055(龙腾光电): 动作=HOLD, 逻辑=VALID
[13:01:05] [AI] sz000725(京东方 A): 动作=HOLD, 逻辑=VALID
[13:01:05] [AI] 原始候选信号: [{'symbol': 'sz300162', 'name': '雷曼光电', 'score': 88, 'action': 'BUY', 'thesis': '光电/Micro LED主线核心之一，强度仅次于涨停锚点且未涨停，符合升温期只做龙头。'}, {'symbol': 'sh688055', 'name': '龙腾光电', 'score': 80, 'action': 'BUY', 'thesis': '同属显示面板方向，价格低、容量相对友好，可作为主线趋势中军低吸/跟随标的。'}, {'symbol': 'sz000725', 'name': '京东方A', 'score': 78, 'action': 'BUY', 'thesis': '面板方向容量核心，中军属性明确，适合在情绪升温阶段承接主线资金。'}]
[13:01:05] [AI] 信号: 雷曼光电(sz300162) 动作=BUY 评分=88.0
[13:01:05] [风控] 拒绝 sz000725: [A级]仓位已满：当前71% >= 市场neutral最大60%
[13:01:05] [风控] sz300162 雷曼光电 被拦截:[A级]仓位已满：当前71% >= 市场neutral最大60%
[13:01:05] [关注] 自动加入 雷曼光电(sz300162) 到观察池
[13:01:05] [AI] 信号: 龙腾光电(sh688055) 动作=BUY 评分=80.0
[13:01:05] [风控] 拒绝 sz000725: [A级]仓位已满：当前71% >= 市场neutral最大60%
[13:01:05] [风控] sh688055 龙腾光电 被拦截:[A级]仓位已满：当前71% >= 市场neutral最大60%
[13:01:05] [关注] 自动加入 龙腾光电(sh688055) 到观察池
[13:01:05] [AI] 信号: 京东方A(sz000725) 动作=BUY 评分=78.0
[13:01:05] [风控] 拒绝 sz000725: [A级]仓位已满：当前71% >= 市场neutral最大60%
[13:01:05] [风控] sz000725 京东方A 被拦截:[A级]仓位已满：当前71% >= 市场neutral最大60%
[13:01:05] [关注] 自动加入 京东方A(sz000725) 到观察池
[13:02:10] ✅ [记忆交接] AI 已加载昨日复盘。 🎯 关注作业： | 🚫 禁忌模式：半路追高, 缩量半路板, 退潮期接力
[13:02:34] [AI] 持仓分析: 6 项
[13:02:34] [AI] sh600707(彩虹股份): 动作=HOLD, 逻辑=VALID
[13:02:34] [AI] sz300088(长信科技): 动作=HOLD, 逻辑=BROKEN
[13:02:34] [AI] sz300303(聚飞光电): 动作=HOLD, 逻辑=BROKEN
[13:02:34] [AI] sz300162(雷曼光电): 动作=HOLD, 逻辑=VALID
[13:02:34] [AI] sh688055(龙腾光电): 动作=HOLD, 逻辑=VALID
[13:02:34] [AI] sz000725(京东方 A): 动作=HOLD, 逻辑=VALID
[13:02:34] [AI] 原始候选信号: [{'symbol': 'sz300162', 'name': '雷曼光电', 'score': 86, 'action': 'BUY', 'thesis': '光电显示/MicroLED主线核心强势股之一，涨幅未达20%涨停，辨识度高于多数跟风标的，但因当前仓位偏重仅适合小仓确认。'}, {'symbol': 'sh688055', 'name': '龙腾光电', 'score': 78, 'action': 'BUY', 'thesis': '同属显示面板主线，低价容量承接较好，可作为主线趋势中军补涨观察，强度弱于雷曼光电。'}]
[13:02:34] [AI] 信号: 雷曼光电(sz300162) 动作=BUY 评分=86.0
[13:02:34] [风控] 拒绝 sz000725: [A级]仓位已满：当前71% >= 市场neutral最大60%
[13:02:34] [风控] sz300162 雷曼光电 被拦截:[A级]仓位已满：当前71% >= 市场neutral最大60%
[13:02:34] [AI] 信号: 龙腾光电(sh688055) 动作=BUY 评分=78.0
[13:02:34] [风控] 拒绝 sz000725: [A级]仓位已满：当前71% >= 市场neutral最大60%
[13:02:34] [风控] sh688055 龙腾光电 被拦截:[A级]仓位已满：当前71% >= 市场neutral最大60%
[13:03:39] ✅ [记忆交接] AI 已加载昨日复盘。 🎯 关注作业： | 🚫 禁忌模式：半路追高, 缩量半路板, 退潮期接力
[13:04:03] [AI] 持仓分析: 6 项
[13:04:03] [AI] sh600707(彩虹股份): 动作=HOLD, 逻辑=VALID
[13:04:03] [AI] sz300088(长信科技): 动作=HOLD, 逻辑=VALID
[13:04:03] [AI] sz300303(聚飞光电): 动作=HOLD, 逻辑=BROKEN
[13:04:03] [AI] sz300162(雷曼光电): 动作=HOLD, 逻辑=VALID
[13:04:03] [AI] sh688055(龙腾光电): 动作=HOLD, 逻辑=VALID
[13:04:03] [AI] sz000725(京东方 A): 动作=HOLD, 逻辑=VALID
[13:04:03] [AI] 原始候选信号: [{'symbol': 'sz300162', 'name': '雷曼光电', 'score': 86, 'action': 'BUY', 'thesis': '光电显示/MicroLED主线核心辨识度高，强度仅次于涨停锚点且未涨停，符合第一层核心龙头优先。'}, {'symbol': 'sh688055', 'name': '龙腾光电', 'score': 78, 'action': 'BUY', 'thesis': '同属显示面板方向，价格低、容量相对可承接，作为主线趋势中军跟随光电行情。'}]
[13:04:03] [AI] 信号: 雷曼光电(sz300162) 动作=BUY 评分=86.0
[13:04:03] [风控] 拒绝 sz000725: [A级]仓位已满：当前71% >= 市场neutral最大60%
[13:04:03] [风控] sz300162 雷曼光电 被拦截:[A级]仓位已满：当前71% >= 市场neutral最大60%
[13:04:03] [AI] 信号: 龙腾光电(sh688055) 动作=BUY 评分=78.0
[13:04:03] [风控] 拒绝 sz000725: [A级]仓位已满：当前71% >= 市场neutral最大60%
[13:04:03] [风控] sh688055 龙腾光电 被拦截:[A级]仓位已满：当前71% >= 市场neutral最大60%
[13:05:09] ✅ [记忆交接] AI 已加载昨日复盘。 🎯 关注作业： | 🚫 禁忌模式：半路追高, 缩量半路板, 退潮期接力
[13:05:28] [AI] 持仓分析: 6 项
[13:05:28] [AI] sh600707(彩虹股份): 动作=HOLD, 逻辑=VALID
[13:05:28] [AI] sz300088(长信科技): 动作=HOLD, 逻辑=BROKEN
[13:05:28] [AI] sz300303(聚飞光电): 动作=HOLD, 逻辑=BROKEN
[13:05:28] [AI] sz300162(雷曼光电): 动作=HOLD, 逻辑=VALID
[13:05:28] [AI] sh688055(龙腾光电): 动作=HOLD, 逻辑=VALID
[13:05:28] [AI] sz000725(京东方 A): 动作=HOLD, 逻辑=VALID
[13:05:28] [AI] 原始候选信号: []
[13:06:38] ✅ [记忆交接] AI 已加载昨日复盘。 🎯 关注作业： | 🚫 禁忌模式：半路追高, 缩量半路板, 退潮期接力
[13:06:57] [AI] 持仓分析: 6 项
[13:06:57] [AI] sh600707(彩虹股份): 动作=HOLD, 逻辑=VALID
[13:06:57] [AI] sz300088(长信科技): 动作=HOLD, 逻辑=BROKEN
[13:06:57] [AI] sz300303(聚飞光电): 动作=HOLD, 逻辑=BROKEN
[13:06:57] [AI] sz300162(雷曼光电): 动作=HOLD, 逻辑=VALID
[13:06:57] [AI] sh688055(龙腾光电): 动作=HOLD, 逻辑=VALID
[13:06:57] [AI] sz000725(京东方 A): 动作=HOLD, 逻辑=VALID
[13:06:57] [AI] 原始候选信号: []
[13:08:08] ✅ [记忆交接] AI 已加载昨日复盘。 🎯 关注作业： | 🚫 禁忌模式：半路追高, 缩量半路板, 退潮期接力
[13:08:29] [AI] 持仓分析: 6 项
[13:08:29] [AI] sh600707(彩虹股份): 动作=HOLD, 逻辑=VALID
[13:08:29] [AI] sz300088(长信科技): 动作=HOLD, 逻辑=VALID
[13:08:29] [AI] sz300303(聚飞光电): 动作=HOLD, 逻辑=VALID
[13:08:29] [AI] sz300162(雷曼光电): 动作=HOLD, 逻辑=VALID
[13:08:29] [AI] sh688055(龙腾光电): 动作=HOLD, 逻辑=VALID
[13:08:29] [AI] sz000725(京东方 A): 动作=HOLD, 逻辑=VALID
[13:08:29] [AI] 原始候选信号: [{'symbol': 'sh688055', 'name': '龙腾光电', 'score': 78, 'action': 'BUY', 'thesis': '美迪凯已20cm涨停不可追，龙腾光电作为同属光电显示方向的可交易趋势标的，具备主线补涨和容量承接逻辑。'}]
[13:08:29] [AI] 信号: 龙腾光电(sh688055) 动作=BUY 评分=78.0
[13:08:29] [风控] 拒绝 sz000725: [A级]仓位已满：当前71% >= 市场neutral最大60%
[13:08:29] [风控] sh688055 龙腾光电 被拦截:[A级]仓位已满：当前71% >= 市场neutral最大60%
[13:08:47] [系统] 分析循环已停止。
[13:24:13] [系统] 正在启动双线程分析架构...
[13:24:13] [交易 AI] 线程已启动,间隔 90 秒 (优先级:高)。
[13:24:13] [研究 AI] 独立后台已启动,正在后台运行中... (等待触发节点)
[13:24:13] [系统] 双线程分析循环已启动 (交易 + 研究)。
[13:24:14] ✅ [记忆交接] AI 已加载昨日复盘。 🎯 关注作业： | 🚫 禁忌模式：半路追高, 缩量半路板, 退潮期接力
[13:24:37] [AI] 持仓分析: 6 项
[13:24:37] [AI] sh600707(彩虹股份): 动作=HOLD, 逻辑=VALID
[13:24:37] [AI] sz300088(长信科技): 动作=HOLD, 逻辑=BROKEN
[13:24:37] [AI] sz300303(聚飞光电): 动作=HOLD, 逻辑=BROKEN
[13:24:37] [AI] sz300162(雷曼光电): 动作=HOLD, 逻辑=VALID
[13:24:37] [AI] sh688055(龙腾光电): 动作=HOLD, 逻辑=VALID
[13:24:37] [AI] sz000725(京东方 A): 动作=HOLD, 逻辑=VALID
[13:24:37] [AI] 原始候选信号: [{'symbol': 'sh688079', 'name': '美迪凯', 'score': 86, 'action': 'BUY', 'thesis': '美迪凯属于光学光电子方向，强度与当前光电显示主线高度匹配，且未涨停，可作为主线核心弹性标的关注。'}, {'symbol': 'sh688055', 'name': '龙腾光电', 'score': 78, 'action': 'BUY', 'thesis': '龙腾光电处于显示面板主线内，价格低、容量相对友好，适合作为同板块趋势中军的补充选择。'}]
[13:24:37] [AI] 信号: 美迪凯(sh688079) 动作=BUY 评分=86.0
[13:24:37] [风控] 拒绝 sh688079: [A级]仓位已满：当前71% >= 市场neutral最大60%
[13:24:37] [风控] sh688079 美迪凯 被拦截:[A级]仓位已满：当前71% >= 市场neutral最大60%
[13:24:37] [关注] 自动加入 美迪凯(sh688079) 到观察池
[13:24:37] [AI] 信号: 龙腾光电(sh688055) 动作=BUY 评分=78.0
[13:24:37] [风控] 拒绝 sh688055: [A级]仓位已满：当前71% >= 市场neutral最大60%
[13:24:37] [风控] sh688055 龙腾光电 被拦截:[A级]仓位已满：当前71% >= 市场neutral最大60%
[13:25:44] ✅ [记忆交接] AI 已加载昨日复盘。 🎯 关注作业： | 🚫 禁忌模式：半路追高, 缩量半路板, 退潮期接力
[13:26:02] [AI] 持仓分析: 6 项
[13:26:02] [AI] sh600707(彩虹股份): 动作=HOLD, 逻辑=VALID
[13:26:02] [AI] sz300088(长信科技): 动作=HOLD, 逻辑=BROKEN
[13:26:02] [AI] sz300303(聚飞光电): 动作=HOLD, 逻辑=BROKEN
[13:26:02] [AI] sz300162(雷曼光电): 动作=HOLD, 逻辑=VALID
[13:26:02] [AI] sh688055(龙腾光电): 动作=HOLD, 逻辑=VALID
[13:26:02] [AI] sz000725(京东方 A): 动作=HOLD, 逻辑=VALID
[13:26:02] [AI] 原始候选信号: []
[13:27:14] ✅ [记忆交接] AI 已加载昨日复盘。 🎯 关注作业： | 🚫 禁忌模式：半路追高, 缩量半路板, 退潮期接力
[13:27:35] [AI] 持仓分析: 6 项
[13:27:35] [AI] sh600707(彩虹股份): 动作=HOLD, 逻辑=VALID
[13:27:35] [AI] sz300088(长信科技): 动作=HOLD, 逻辑=VALID
[13:27:35] [AI] sz300303(聚飞光电): 动作=HOLD, 逻辑=VALID
[13:27:35] [AI] sz300162(雷曼光电): 动作=HOLD, 逻辑=VALID
[13:27:35] [AI] sh688055(龙腾光电): 动作=HOLD, 逻辑=VALID
[13:27:35] [AI] sz000725(京东方 A): 动作=HOLD, 逻辑=VALID
[13:27:35] [AI] 原始候选信号: []
[13:28:43] ✅ [记忆交接] AI 已加载昨日复盘。 🎯 关注作业： | 🚫 禁忌模式：半路追高, 缩量半路板, 退潮期接力
[13:29:24] [AI] 持仓分析: 6 项
[13:29:24] [AI] sh600707(彩虹股份): 动作=HOLD, 逻辑=VALID
[13:29:24] [AI] sz300088(长信科技): 动作=HOLD, 逻辑=VALID
[13:29:24] [AI] sz300303(聚飞光电): 动作=HOLD, 逻辑=VALID
[13:29:24] [AI] sz300162(雷曼光电): 动作=HOLD, 逻辑=VALID
[13:29:24] [AI] sh688055(龙腾光电): 动作=HOLD, 逻辑=VALID
[13:29:24] [AI] sz000725(京东方 A): 动作=HOLD, 逻辑=VALID
[13:29:24] [AI] 原始候选信号: [{'symbol': 'sz000725', 'name': '京东方A', 'score': 84, 'action': 'BUY', 'thesis': '同属显示面板主线核心中军，容量大、流动性好，适合在升温阶段承接主线资金。'}]
[13:29:24] [AI] 信号: 京东方A(sz000725) 动作=BUY 评分=84.0
[13:29:24] [风控] 拒绝 sz000725: [A级]仓位已满：当前71% >= 市场neutral最大60%
[13:29:24] [风控] sz000725 京东方A 被拦截:[A级]仓位已满：当前71% >= 市场neutral最大60%
[13:30:13] ✅ [记忆交接] AI 已加载昨日复盘。 🎯 关注作业： | 🚫 禁忌模式：半路追高, 缩量半路板, 退潮期接力
[13:30:46] [AI] 持仓分析: 6 项
[13:30:46] [AI] sh600707(彩虹股份): 动作=HOLD, 逻辑=VALID
[13:30:46] [AI] sz300088(长信科技): 动作=HOLD, 逻辑=VALID
[13:30:46] [AI] sz300303(聚飞光电): 动作=HOLD, 逻辑=VALID
[13:30:46] [AI] sz300162(雷曼光电): 动作=HOLD, 逻辑=VALID
[13:30:46] [AI] sh688055(龙腾光电): 动作=HOLD, 逻辑=VALID
[13:30:46] [AI] sz000725(京东方 A): 动作=HOLD, 逻辑=VALID
[13:30:46] [AI] 原始候选信号: []
[13:31:42] ✅ [记忆交接] AI 已加载昨日复盘。 🎯 关注作业： | 🚫 禁忌模式：半路追高, 缩量半路板, 退潮期接力
[13:32:02] [AI] 持仓分析: 6 项
[13:32:02] [AI] sh600707(彩虹股份): 动作=HOLD, 逻辑=VALID
[13:32:02] [AI] sz300088(长信科技): 动作=HOLD, 逻辑=BROKEN
[13:32:02] [AI] sz300303(聚飞光电): 动作=HOLD, 逻辑=BROKEN
[13:32:02] [AI] sz300162(雷曼光电): 动作=HOLD, 逻辑=VALID
[13:32:02] [AI] sh688055(龙腾光电): 动作=HOLD, 逻辑=VALID
[13:32:02] [AI] sz000725(京东方 A): 动作=HOLD, 逻辑=VALID
[13:32:02] [AI] 原始候选信号: []
[13:33:12] ✅ [记忆交接] AI 已加载昨日复盘。 🎯 关注作业： | 🚫 禁忌模式：半路追高, 缩量半路板, 退潮期接力
[13:33:29] [AI] 持仓分析: 6 项
[13:33:29] [AI] sh600707(彩虹股份): 动作=HOLD, 逻辑=VALID
[13:33:29] [AI] sz300088(长信科技): 动作=HOLD, 逻辑=BROKEN
[13:33:29] [AI] sz300303(聚飞光电): 动作=HOLD, 逻辑=BROKEN
[13:33:29] [AI] sz300162(雷曼光电): 动作=HOLD, 逻辑=VALID
[13:33:29] [AI] sh688055(龙腾光电): 动作=HOLD, 逻辑=VALID
[13:33:29] [AI] sz000725(京东方 A): 动作=HOLD, 逻辑=VALID
[13:33:29] [AI] 原始候选信号: []
[13:34:42] ✅ [记忆交接] AI 已加载昨日复盘。 🎯 关注作业： | 🚫 禁忌模式：半路追高, 缩量半路板, 退潮期接力
[13:34:58] [AI] 持仓分析: 6 项
[13:34:58] [AI] sh600707(彩虹股份): 动作=HOLD, 逻辑=VALID
[13:34:58] [AI] sz300088(长信科技): 动作=HOLD, 逻辑=VALID
[13:34:58] [AI] sz300303(聚飞光电): 动作=HOLD, 逻辑=VALID
[13:34:58] [AI] sz300162(雷曼光电): 动作=HOLD, 逻辑=VALID
[13:34:58] [AI] sh688055(龙腾光电): 动作=HOLD, 逻辑=VALID
[13:34:58] [AI] sz000725(京东方 A): 动作=HOLD, 逻辑=VALID
[13:34:58] [AI] 原始候选信号: []
[13:36:12] ✅ [记忆交接] AI 已加载昨日复盘。 🎯 关注作业： | 🚫 禁忌模式：半路追高, 缩量半路板, 退潮期接力
[13:36:28] [AI] 持仓分析: 6 项
[13:36:28] [AI] sh600707(彩虹股份): 动作=HOLD, 逻辑=VALID
[13:36:28] [AI] sz300088(长信科技): 动作=HOLD, 逻辑=BROKEN
[13:36:28] [AI] sz300303(聚飞光电): 动作=HOLD, 逻辑=BROKEN
[13:36:28] [AI] sz300162(雷曼光电): 动作=HOLD, 逻辑=VALID
[13:36:28] [AI] sh688055(龙腾光电): 动作=HOLD, 逻辑=VALID
[13:36:28] [AI] sz000725(京东方 A): 动作=HOLD, 逻辑=VALID
[13:36:28] [AI] 原始候选信号: []
[13:37:41] ✅ [记忆交接] AI 已加载昨日复盘。 🎯 关注作业： | 🚫 禁忌模式：半路追高, 缩量半路板, 退潮期接力
[13:43:17] [系统] 正在启动双线程分析架构...
[13:43:17] [交易 AI] 线程已启动,间隔 90 秒 (优先级:高)。
[13:43:17] [研究 AI] 独立后台已启动,正在后台运行中... (等待触发节点)
[13:43:17] [系统] 双线程分析循环已启动 (交易 + 研究)。
[13:43:19] ✅ [记忆交接] AI 已加载昨日复盘。 🎯 关注作业： | 🚫 禁忌模式：半路追高, 缩量半路板, 退潮期接力
[13:44:21] [AI] 持仓分析: 6 项
[13:44:21] [AI] sh600707(彩虹股份): 动作=HOLD, 逻辑=VALID
[13:44:21] [AI] sz300088(长信科技): 动作=HOLD, 逻辑=VALID
[13:44:21] [AI] sz300303(聚飞光电): 动作=HOLD, 逻辑=VALID
[13:44:21] [AI] sz300162(雷曼光电): 动作=HOLD, 逻辑=VALID
[13:44:21] [AI] sh688055(龙腾光电): 动作=HOLD, 逻辑=VALID
[13:44:21] [AI] sz000725(京东方 A): 动作=HOLD, 逻辑=VALID
[13:44:21] [AI] 原始候选信号: [{'symbol': 'sh688079', 'name': '美迪凯', 'score': 86, 'action': 'BUY', 'thesis': '处于光电主线核心锚点附近，属于同题材强势标的，具备补涨和承接资金回流的辨识度。'}]
[13:44:21] [AI] 信号: 美迪凯(sh688079) 动作=BUY 评分=86.0
[13:44:21] [风控] 拒绝 sh688079: [A级]仓位已满：当前71% >= 市场neutral最大60%
[13:44:21] [风控] sh688079 美迪凯 被拦截:[A级]仓位已满：当前71% >= 市场neutral最大60%
[13:44:49] ✅ [记忆交接] AI 已加载昨日复盘。 🎯 关注作业： | 🚫 禁忌模式：半路追高, 缩量半路板, 退潮期接力
[13:45:08] [AI] 持仓分析: 6 项
[13:45:08] [AI] sh600707(彩虹股份): 动作=HOLD, 逻辑=VALID
[13:45:08] [AI] sz300088(长信科技): 动作=HOLD, 逻辑=BROKEN
[13:45:08] [AI] sz300303(聚飞光电): 动作=HOLD, 逻辑=BROKEN
[13:45:08] [AI] sz300162(雷曼光电): 动作=HOLD, 逻辑=VALID
[13:45:08] [AI] sh688055(龙腾光电): 动作=HOLD, 逻辑=VALID
[13:45:08] [AI] sz000725(京东方 A): 动作=HOLD, 逻辑=VALID
[13:45:08] [AI] 原始候选信号: []
[13:46:18] ✅ [记忆交接] AI 已加载昨日复盘。 🎯 关注作业： | 🚫 禁忌模式：半路追高, 缩量半路板, 退潮期接力
[13:46:37] [AI] 持仓分析: 6 项
[13:46:37] [AI] sh600707(彩虹股份): 动作=HOLD, 逻辑=VALID
[13:46:37] [AI] sz300088(长信科技): 动作=HOLD, 逻辑=VALID
[13:46:37] [AI] sz300303(聚飞光电): 动作=HOLD, 逻辑=BROKEN
[13:46:37] [AI] sz300162(雷曼光电): 动作=HOLD, 逻辑=VALID
[13:46:37] [AI] sh688055(龙腾光电): 动作=HOLD, 逻辑=VALID
[13:46:37] [AI] sz000725(京东方 A): 动作=HOLD, 逻辑=VALID
[13:46:37] [AI] 原始候选信号: []
[13:47:48] ✅ [记忆交接] AI 已加载昨日复盘。 🎯 关注作业： | 🚫 禁忌模式：半路追高, 缩量半路板, 退潮期接力
[13:48:09] [AI] 持仓分析: 6 项
[13:48:09] [AI] sh600707(彩虹股份): 动作=HOLD, 逻辑=VALID
[13:48:09] [AI] sz300088(长信科技): 动作=HOLD, 逻辑=VALID
[13:48:09] [AI] sz300303(聚飞光电): 动作=HOLD, 逻辑=VALID
[13:48:09] [AI] sz300162(雷曼光电): 动作=HOLD, 逻辑=VALID
[13:48:09] [AI] sh688055(龙腾光电): 动作=HOLD, 逻辑=VALID
[13:48:09] [AI] sz000725(京东方 A): 动作=HOLD, 逻辑=VALID
[13:48:09] [AI] 原始候选信号: []
[13:49:18] ✅ [记忆交接] AI 已加载昨日复盘。 🎯 关注作业： | 🚫 禁忌模式：半路追高, 缩量半路板, 退潮期接力
[13:49:36] [AI] 持仓分析: 6 项
[13:49:36] [AI] sh600707(彩虹股份): 动作=HOLD, 逻辑=VALID
[13:49:36] [AI] sz300088(长信科技): 动作=HOLD, 逻辑=BROKEN
[13:49:36] [AI] sz300303(聚飞光电): 动作=HOLD, 逻辑=BROKEN
[13:49:36] [AI] sz300162(雷曼光电): 动作=HOLD, 逻辑=VALID
[13:49:36] [AI] sh688055(龙腾光电): 动作=HOLD, 逻辑=VALID
[13:49:36] [AI] sz000725(京东方 A): 动作=HOLD, 逻辑=VALID
[13:49:36] [AI] 原始候选信号: []
[13:50:47] ✅ [记忆交接] AI 已加载昨日复盘。 🎯 关注作业： | 🚫 禁忌模式：半路追高, 缩量半路板, 退潮期接力
[13:51:53] [AI] 持仓分析: 6 项
[13:51:53] [AI] sh600707(彩虹股份): 动作=HOLD, 逻辑=VALID
[13:51:53] [AI] sz300088(长信科技): 动作=HOLD, 逻辑=VALID
[13:51:53] [AI] sz300303(聚飞光电): 动作=HOLD, 逻辑=VALID
[13:51:53] [AI] sz300162(雷曼光电): 动作=HOLD, 逻辑=VALID
[13:51:53] [AI] sh688055(龙腾光电): 动作=HOLD, 逻辑=VALID
[13:51:53] [AI] sz000725(京东方 A): 动作=HOLD, 逻辑=VALID
[13:51:53] [AI] 原始候选信号: [{'symbol': 'sz000725', 'name': '京东方A', 'score': 82, 'action': 'BUY', 'thesis': '市场主攻光电/显示主线，京东方A是低价高流动性的容量中军，适合在升温阶段做主线低吸。'}]
[13:51:53] [AI] 信号: 京东方A(sz000725) 动作=BUY 评分=82.0
[13:51:53] [风控] 拒绝 sz000725: [A级]仓位已满：当前71% >= 市场neutral最大60%
[13:51:53] [风控] sz000725 京东方A 被拦截:[A级]仓位已满：当前71% >= 市场neutral最大60%
[13:52:17] ✅ [记忆交接] AI 已加载昨日复盘。 🎯 关注作业： | 🚫 禁忌模式：半路追高, 缩量半路板, 退潮期接力
[13:52:34] [AI] 持仓分析: 6 项
[13:52:34] [AI] sh600707(彩虹股份): 动作=HOLD, 逻辑=VALID
[13:52:34] [AI] sz300088(长信科技): 动作=HOLD, 逻辑=BROKEN
[13:52:34] [AI] sz300303(聚飞光电): 动作=HOLD, 逻辑=BROKEN
[13:52:34] [AI] sz300162(雷曼光电): 动作=HOLD, 逻辑=VALID
[13:52:34] [AI] sh688055(龙腾光电): 动作=HOLD, 逻辑=VALID
[13:52:34] [AI] sz000725(京东方 A): 动作=HOLD, 逻辑=VALID
[13:52:34] [AI] 原始候选信号: []
[13:53:46] ✅ [记忆交接] AI 已加载昨日复盘。 🎯 关注作业： | 🚫 禁忌模式：半路追高, 缩量半路板, 退潮期接力
[13:54:02] [AI] 持仓分析: 6 项
[13:54:02] [AI] sh600707(彩虹股份): 动作=HOLD, 逻辑=VALID
[13:54:02] [AI] sz300088(长信科技): 动作=HOLD, 逻辑=VALID
[13:54:02] [AI] sz300303(聚飞光电): 动作=HOLD, 逻辑=BROKEN
[13:54:02] [AI] sz300162(雷曼光电): 动作=HOLD, 逻辑=VALID
[13:54:02] [AI] sh688055(龙腾光电): 动作=HOLD, 逻辑=VALID
[13:54:02] [AI] sz000725(京东方 A): 动作=HOLD, 逻辑=VALID
[13:54:02] [AI] 原始候选信号: []
[13:55:15] ✅ [记忆交接] AI 已加载昨日复盘。 🎯 关注作业： | 🚫 禁忌模式：半路追高, 缩量半路板, 退潮期接力
[13:55:35] [AI] 持仓分析: 6 项
[13:55:35] [AI] sh600707(彩虹股份): 动作=HOLD, 逻辑=VALID
[13:55:35] [AI] sz300088(长信科技): 动作=HOLD, 逻辑=BROKEN
[13:55:35] [AI] sz300303(聚飞光电): 动作=HOLD, 逻辑=BROKEN
[13:55:35] [AI] sz300162(雷曼光电): 动作=HOLD, 逻辑=VALID
[13:55:35] [AI] sh688055(龙腾光电): 动作=HOLD, 逻辑=VALID
[13:55:35] [AI] sz000725(京东方 A): 动作=HOLD, 逻辑=VALID
[13:55:35] [AI] 原始候选信号: []
[13:56:45] ✅ [记忆交接] AI 已加载昨日复盘。 🎯 关注作业： | 🚫 禁忌模式：半路追高, 缩量半路板, 退潮期接力
[13:57:03] [AI] 持仓分析: 6 项
[13:57:03] [AI] sh600707(彩虹股份): 动作=HOLD, 逻辑=VALID
[13:57:03] [AI] sz300088(长信科技): 动作=HOLD, 逻辑=VALID
[13:57:03] [AI] sz300303(聚飞光电): 动作=HOLD, 逻辑=VALID
[13:57:03] [AI] sz300162(雷曼光电): 动作=HOLD, 逻辑=VALID
[13:57:03] [AI] sh688055(龙腾光电): 动作=HOLD, 逻辑=VALID
[13:57:03] [AI] sz000725(京东方 A): 动作=HOLD, 逻辑=VALID
[13:57:03] [AI] 原始候选信号: []
[13:58:14] ✅ [记忆交接] AI 已加载昨日复盘。 🎯 关注作业： | 🚫 禁忌模式：半路追高, 缩量半路板, 退潮期接力
[13:58:33] [AI] 持仓分析: 6 项
[13:58:33] [AI] sh600707(彩虹股份): 动作=HOLD, 逻辑=VALID
[13:58:33] [AI] sz300088(长信科技): 动作=HOLD, 逻辑=BROKEN
[13:58:33] [AI] sz300303(聚飞光电): 动作=HOLD, 逻辑=BROKEN
[13:58:33] [AI] sz300162(雷曼光电): 动作=HOLD, 逻辑=VALID
[13:58:33] [AI] sh688055(龙腾光电): 动作=HOLD, 逻辑=VALID
[13:58:33] [AI] sz000725(京东方 A): 动作=HOLD, 逻辑=VALID
[13:58:33] [AI] 原始候选信号: []
[13:59:43] ✅ [记忆交接] AI 已加载昨日复盘。 🎯 关注作业： | 🚫 禁忌模式：半路追高, 缩量半路板, 退潮期接力
[14:00:04] [AI] 持仓分析: 6 项
[14:00:04] [AI] sh600707(彩虹股份): 动作=HOLD, 逻辑=VALID
[14:00:04] [AI] sz300088(长信科技): 动作=HOLD, 逻辑=BROKEN
[14:00:04] [AI] sz300303(聚飞光电): 动作=HOLD, 逻辑=BROKEN
[14:00:04] [AI] sz300162(雷曼光电): 动作=HOLD, 逻辑=VALID
[14:00:04] [AI] sh688055(龙腾光电): 动作=HOLD, 逻辑=VALID
[14:00:04] [AI] sz000725(京东方 A): 动作=HOLD, 逻辑=VALID
[14:00:04] [AI] 原始候选信号: [{'symbol': 'sh688079', 'name': '美迪凯', 'score': 83, 'action': 'BUY', 'thesis': '光学光电子方向与华灿光电等主线锚点共振，日内涨幅强但未涨停，且在可交易池内，辨识度优于其他跟风标的。'}]
[14:00:04] [AI] 信号: 美迪凯(sh688079) 动作=BUY 评分=83.0
[14:00:04] [交易] sh688079 资金不足 (现价21.4, 动态预算169)
[14:00:04] [风控] sh688079 美迪凯 被拦截:资金不足,买不起 100 股
[14:01:13] ✅ [记忆交接] AI 已加载昨日复盘。 🎯 关注作业： | 🚫 禁忌模式：半路追高, 缩量半路板, 退潮期接力
[14:01:35] [AI] 持仓分析: 6 项
[14:01:35] [AI] sh600707(彩虹股份): 动作=HOLD, 逻辑=VALID
[14:01:35] [AI] sz300088(长信科技): 动作=HOLD, 逻辑=VALID
[14:01:35] [AI] sz300303(聚飞光电): 动作=HOLD, 逻辑=VALID
[14:01:35] [AI] sz300162(雷曼光电): 动作=HOLD, 逻辑=VALID
[14:01:35] [AI] sh688055(龙腾光电): 动作=HOLD, 逻辑=VALID
[14:01:35] [AI] sz000725(京东方 A): 动作=HOLD, 逻辑=VALID
[14:01:35] [AI] 原始候选信号: [{'symbol': 'sh688079', 'name': '美迪凯', 'score': 82, 'action': 'BUY', 'thesis': '光学光电子方向与当前光电显示主线高度一致，且自身涨幅强于多数可交易池标的，属于可交易池内辨识度最高的核心分支标的；但当前仓位已重，若追高需严格控制仓位。'}]
[14:01:35] [AI] 信号: 美迪凯(sh688079) 动作=BUY 评分=82.0
[14:01:35] [交易] sh688079 资金不足 (现价21.33, 动态预算169)
[14:01:35] [风控] sh688079 美迪凯 被拦截:资金不足,买不起 100 股
[14:02:42] ✅ [记忆交接] AI 已加载昨日复盘。 🎯 关注作业： | 🚫 禁忌模式：半路追高, 缩量半路板, 退潮期接力
[14:03:04] [AI] 持仓分析: 6 项
[14:03:04] [AI] sh600707(彩虹股份): 动作=HOLD, 逻辑=VALID
[14:03:04] [AI] sz300088(长信科技): 动作=HOLD, 逻辑=BROKEN
[14:03:04] [AI] sz300303(聚飞光电): 动作=HOLD, 逻辑=BROKEN
[14:03:04] [AI] sz300162(雷曼光电): 动作=HOLD, 逻辑=VALID
[14:03:04] [AI] sh688055(龙腾光电): 动作=HOLD, 逻辑=VALID
[14:03:04] [AI] sz000725(京东方 A): 动作=HOLD, 逻辑=VALID
[14:03:04] [AI] 原始候选信号: [{'symbol': 'sh688079', 'name': '美迪凯', 'score': 82, 'action': 'BUY', 'thesis': '美迪凯属于当前光电科技主线且出现在全市场强势锚点中，涨幅未达科创板涨停，辨识度高于候选池内多数跟风标的；但当前总仓位已重，若执行只能轻仓试错。'}]
[14:03:04] [AI] 信号: 美迪凯(sh688079) 动作=BUY 评分=82.0
[14:03:04] [交易] sh688079 资金不足 (现价21.21, 动态预算169)
[14:03:04] [风控] sh688079 美迪凯 被拦截:资金不足,买不起 100 股
[14:04:12] ✅ [记忆交接] AI 已加载昨日复盘。 🎯 关注作业： | 🚫 禁忌模式：半路追高, 缩量半路板, 退潮期接力
[14:04:31] [AI] 持仓分析: 6 项
[14:04:31] [AI] sh600707(彩虹股份): 动作=HOLD, 逻辑=VALID
[14:04:31] [AI] sz300088(长信科技): 动作=HOLD, 逻辑=BROKEN
[14:04:31] [AI] sz300303(聚飞光电): 动作=HOLD, 逻辑=BROKEN
[14:04:31] [AI] sz300162(雷曼光电): 动作=HOLD, 逻辑=VALID
[14:04:31] [AI] sh688055(龙腾光电): 动作=HOLD, 逻辑=VALID
[14:04:31] [AI] sz000725(京东方 A): 动作=HOLD, 逻辑=VALID
[14:04:31] [AI] 原始候选信号: []
[14:05:42] ✅ [记忆交接] AI 已加载昨日复盘。 🎯 关注作业： | 🚫 禁忌模式：半路追高, 缩量半路板, 退潮期接力
[14:07:00] [AI] 持仓分析: 6 项
[14:07:00] [AI] sh600707(彩虹股份): 动作=HOLD, 逻辑=VALID
[14:07:00] [AI] sz300088(长信科技): 动作=HOLD, 逻辑=BROKEN
[14:07:00] [AI] sz300303(聚飞光电): 动作=HOLD, 逻辑=BROKEN
[14:07:00] [AI] sz300162(雷曼光电): 动作=HOLD, 逻辑=VALID
[14:07:00] [AI] sh688055(龙腾光电): 动作=HOLD, 逻辑=VALID
[14:07:00] [AI] sz000725(京东方 A): 动作=HOLD, 逻辑=VALID
[14:07:00] [AI] 原始候选信号: [{'symbol': 'sh688079', 'name': '美迪凯', 'score': 82, 'action': 'BUY', 'thesis': '光学/半导体显示主线内弹性核心，涨幅强但未涨停，承接华灿光电、龙腾光电等主线强度，符合第一层核心方向；但当前仓位71.2%偏重，仅适合小仓试错。'}]
[14:07:00] [AI] 信号: 美迪凯(sh688079) 动作=BUY 评分=82.0
[14:07:00] [交易] sh688079 资金不足 (现价21.42, 动态预算169)
[14:07:00] [风控] sh688079 美迪凯 被拦截:资金不足,买不起 100 股
[14:07:12] ✅ [记忆交接] AI 已加载昨日复盘。 🎯 关注作业： | 🚫 禁忌模式：半路追高, 缩量半路板, 退潮期接力
[14:08:01] [AI] 持仓分析: 6 项
[14:08:01] [AI] sh600707(彩虹股份): 动作=HOLD, 逻辑=VALID
[14:08:01] [AI] sz300088(长信科技): 动作=HOLD, 逻辑=VALID
[14:08:01] [AI] sz300303(聚飞光电): 动作=HOLD, 逻辑=VALID
[14:08:01] [AI] sz300162(雷曼光电): 动作=HOLD, 逻辑=VALID
[14:08:01] [AI] sh688055(龙腾光电): 动作=HOLD, 逻辑=VALID
[14:08:01] [AI] sz000725(京东方 A): 动作=HOLD, 逻辑=VALID
[14:08:01] [AI] 原始候选信号: [{'symbol': 'sh688079', 'name': '美迪凯', 'score': 86, 'action': 'BUY', 'thesis': '同主线光电/光学链核心标的，且处于第一层龙头锚点附近，具备主线辨识度和情绪承接能力。'}]
[14:08:01] [AI] 信号: 美迪凯(sh688079) 动作=BUY 评分=86.0
[14:08:01] [风控] 拒绝 sh688079: [A级]仓位已满：当前71% >= 市场neutral最大60%
[14:08:01] [风控] sh688079 美迪凯 被拦截:[A级]仓位已满：当前71% >= 市场neutral最大60%
[14:08:41] ✅ [记忆交接] AI 已加载昨日复盘。 🎯 关注作业： | 🚫 禁忌模式：半路追高, 缩量半路板, 退潮期接力
[14:09:00] [AI] 持仓分析: 6 项
[14:09:00] [AI] sh600707(彩虹股份): 动作=HOLD, 逻辑=VALID
[14:09:00] [AI] sz300088(长信科技): 动作=HOLD, 逻辑=BROKEN
[14:09:00] [AI] sz300303(聚飞光电): 动作=HOLD, 逻辑=BROKEN
[14:09:00] [AI] sz300162(雷曼光电): 动作=HOLD, 逻辑=VALID
[14:09:00] [AI] sh688055(龙腾光电): 动作=HOLD, 逻辑=VALID
[14:09:00] [AI] sz000725(京东方 A): 动作=HOLD, 逻辑=VALID
[14:09:00] [AI] 原始候选信号: []
[14:10:13] ✅ [记忆交接] AI 已加载昨日复盘。 🎯 关注作业： | 🚫 禁忌模式：半路追高, 缩量半路板, 退潮期接力
[14:10:41] [AI] 持仓分析: 6 项
[14:10:41] [AI] sh600707(彩虹股份): 动作=HOLD, 逻辑=VALID
[14:10:41] [AI] sz300088(长信科技): 动作=HOLD, 逻辑=VALID
[14:10:41] [AI] sz300303(聚飞光电): 动作=HOLD, 逻辑=VALID
[14:10:41] [AI] sz300162(雷曼光电): 动作=HOLD, 逻辑=VALID
[14:10:41] [AI] sh688055(龙腾光电): 动作=HOLD, 逻辑=VALID
[14:10:41] [AI] sz000725(京东方 A): 动作=HOLD, 逻辑=VALID
[14:10:41] [AI] 原始候选信号: [{'symbol': 'sh688055', 'name': '龙腾光电', 'score': 82, 'action': 'BUY', 'thesis': '同属显示链主线，低价且辨识度高，属于当前资金攻击方向里的趋势承接标的。'}, {'symbol': 'sz000725', 'name': '京东方A', 'score': 79, 'action': 'BUY', 'thesis': '面板中军容量大、量价更稳，适合在主线升温阶段做趋势低吸而非追涨。'}]
[14:10:41] [AI] 信号: 龙腾光电(sh688055) 动作=BUY 评分=82.0
[14:10:41] [交易] sh688055 资金不足 (现价5.39, 动态预算169)
[14:10:41] [风控] sh688055 龙腾光电 被拦截:资金不足,买不起 100 股
[14:10:41] [AI] 信号: 京东方A(sz000725) 动作=BUY 评分=79.0
[14:10:41] [交易] sz000725 资金不足 (现价4.69, 动态预算79)
[14:10:41] [风控] sz000725 京东方A 被拦截:资金不足,买不起 100 股
[14:11:40] ✅ [记忆交接] AI 已加载昨日复盘。 🎯 关注作业： | 🚫 禁忌模式：半路追高, 缩量半路板, 退潮期接力
[14:11:58] [AI] 持仓分析: 6 项
[14:11:58] [AI] sh600707(彩虹股份): 动作=HOLD, 逻辑=VALID
[14:11:58] [AI] sz300088(长信科技): 动作=HOLD, 逻辑=BROKEN
[14:11:58] [AI] sz300303(聚飞光电): 动作=HOLD, 逻辑=BROKEN
[14:11:58] [AI] sz300162(雷曼光电): 动作=HOLD, 逻辑=VALID
[14:11:58] [AI] sh688055(龙腾光电): 动作=HOLD, 逻辑=VALID
[14:11:58] [AI] sz000725(京东方 A): 动作=HOLD, 逻辑=VALID
[14:11:58] [AI] 原始候选信号: []
[14:13:10] ✅ [记忆交接] AI 已加载昨日复盘。 🎯 关注作业： | 🚫 禁忌模式：半路追高, 缩量半路板, 退潮期接力
[14:13:28] [AI] 持仓分析: 6 项
[14:13:28] [AI] sh600707(彩虹股份): 动作=HOLD, 逻辑=VALID
[14:13:28] [AI] sz300088(长信科技): 动作=HOLD, 逻辑=VALID
[14:13:28] [AI] sz300303(聚飞光电): 动作=HOLD, 逻辑=VALID
[14:13:28] [AI] sz300162(雷曼光电): 动作=HOLD, 逻辑=VALID
[14:13:28] [AI] sh688055(龙腾光电): 动作=HOLD, 逻辑=VALID
[14:13:28] [AI] sz000725(京东方 A): 动作=HOLD, 逻辑=VALID
[14:13:28] [AI] 原始候选信号: []
[14:14:39] ✅ [记忆交接] AI 已加载昨日复盘。 🎯 关注作业： | 🚫 禁忌模式：半路追高, 缩量半路板, 退潮期接力
[14:14:59] [AI] 持仓分析: 6 项
[14:14:59] [AI] sh600707(彩虹股份): 动作=HOLD, 逻辑=VALID
[14:14:59] [AI] sz300088(长信科技): 动作=HOLD, 逻辑=BROKEN
[14:14:59] [AI] sz300303(聚飞光电): 动作=HOLD, 逻辑=BROKEN
[14:14:59] [AI] sz300162(雷曼光电): 动作=HOLD, 逻辑=VALID
[14:14:59] [AI] sh688055(龙腾光电): 动作=HOLD, 逻辑=VALID
[14:14:59] [AI] sz000725(京东方 A): 动作=HOLD, 逻辑=VALID
[14:14:59] [AI] 原始候选信号: []
[14:16:09] ✅ [记忆交接] AI 已加载昨日复盘。 🎯 关注作业： | 🚫 禁忌模式：半路追高, 缩量半路板, 退潮期接力
[14:16:27] [AI] 持仓分析: 6 项
[14:16:27] [AI] sh600707(彩虹股份): 动作=HOLD, 逻辑=VALID
[14:16:27] [AI] sz300088(长信科技): 动作=HOLD, 逻辑=BROKEN
[14:16:27] [AI] sz300303(聚飞光电): 动作=HOLD, 逻辑=BROKEN
[14:16:27] [AI] sz300162(雷曼光电): 动作=HOLD, 逻辑=VALID
[14:16:27] [AI] sh688055(龙腾光电): 动作=HOLD, 逻辑=VALID
[14:16:27] [AI] sz000725(京东方 A): 动作=HOLD, 逻辑=VALID
[14:16:27] [AI] 原始候选信号: []
[14:17:38] ✅ [记忆交接] AI 已加载昨日复盘。 🎯 关注作业： | 🚫 禁忌模式：半路追高, 缩量半路板, 退潮期接力
[14:18:26] [AI] 持仓分析: 6 项
[14:18:26] [AI] sh600707(彩虹股份): 动作=HOLD, 逻辑=VALID
[14:18:26] [AI] sz300088(长信科技): 动作=HOLD, 逻辑=VALID
[14:18:26] [AI] sz300303(聚飞光电): 动作=HOLD, 逻辑=VALID
[14:18:26] [AI] sz300162(雷曼光电): 动作=HOLD, 逻辑=VALID
[14:18:26] [AI] sh688055(龙腾光电): 动作=HOLD, 逻辑=VALID
[14:18:26] [AI] sz000725(京东方 A): 动作=HOLD, 逻辑=VALID
[14:18:26] [AI] 原始候选信号: [{'symbol': 'sz300162', 'name': '雷曼光电', 'score': 92, 'action': 'BUY', 'thesis': '处于光电/LED主线核心位置，盘面强度与题材热度同步，未涨停且仍有短线延续空间。'}]
[14:18:26] [AI] 信号: 雷曼光电(sz300162) 动作=BUY 评分=92.0
[14:18:26] [风控] 拒绝 sz300162: [A级]仓位已满：当前71% >= 市场neutral最大60%
[14:18:26] [风控] sz300162 雷曼光电 被拦截:[A级]仓位已满：当前71% >= 市场neutral最大60%
[14:19:07] ✅ [记忆交接] AI 已加载昨日复盘。 🎯 关注作业： | 🚫 禁忌模式：半路追高, 缩量半路板, 退潮期接力
[14:19:26] [AI] 持仓分析: 6 项
[14:19:26] [AI] sh600707(彩虹股份): 动作=HOLD, 逻辑=VALID
[14:19:26] [AI] sz300088(长信科技): 动作=HOLD, 逻辑=BROKEN
[14:19:26] [AI] sz300303(聚飞光电): 动作=HOLD, 逻辑=BROKEN
[14:19:26] [AI] sz300162(雷曼光电): 动作=HOLD, 逻辑=VALID
[14:19:26] [AI] sh688055(龙腾光电): 动作=HOLD, 逻辑=VALID
[14:19:26] [AI] sz000725(京东方 A): 动作=HOLD, 逻辑=VALID
[14:19:26] [AI] 原始候选信号: []
[14:20:37] ✅ [记忆交接] AI 已加载昨日复盘。 🎯 关注作业： | 🚫 禁忌模式：半路追高, 缩量半路板, 退潮期接力
[14:20:55] [AI] 持仓分析: 6 项
[14:20:55] [AI] sh600707(彩虹股份): 动作=HOLD, 逻辑=VALID
[14:20:55] [AI] sz300088(长信科技): 动作=HOLD, 逻辑=BROKEN
[14:20:55] [AI] sz300303(聚飞光电): 动作=HOLD, 逻辑=BROKEN
[14:20:55] [AI] sz300162(雷曼光电): 动作=HOLD, 逻辑=VALID
[14:20:55] [AI] sh688055(龙腾光电): 动作=HOLD, 逻辑=VALID
[14:20:55] [AI] sz000725(京东方 A): 动作=HOLD, 逻辑=VALID
[14:20:55] [AI] 原始候选信号: []
[14:22:06] ✅ [记忆交接] AI 已加载昨日复盘。 🎯 关注作业： | 🚫 禁忌模式：半路追高, 缩量半路板, 退潮期接力
[14:22:25] [AI] 持仓分析: 6 项
[14:22:25] [AI] sh600707(彩虹股份): 动作=HOLD, 逻辑=VALID
[14:22:25] [AI] sz300088(长信科技): 动作=HOLD, 逻辑=BROKEN
[14:22:25] [AI] sz300303(聚飞光电): 动作=HOLD, 逻辑=BROKEN
[14:22:25] [AI] sz300162(雷曼光电): 动作=HOLD, 逻辑=VALID
[14:22:25] [AI] sh688055(龙腾光电): 动作=HOLD, 逻辑=VALID
[14:22:25] [AI] sz000725(京东方 A): 动作=HOLD, 逻辑=VALID
[14:22:25] [AI] 原始候选信号: []
[14:23:35] ✅ [记忆交接] AI 已加载昨日复盘。 🎯 关注作业： | 🚫 禁忌模式：半路追高, 缩量半路板, 退潮期接力
[14:23:54] [AI] 持仓分析: 6 项
[14:23:54] [AI] sh600707(彩虹股份): 动作=HOLD, 逻辑=VALID
[14:23:54] [AI] sz300088(长信科技): 动作=HOLD, 逻辑=BROKEN
[14:23:54] [AI] sz300303(聚飞光电): 动作=HOLD, 逻辑=BROKEN
[14:23:54] [AI] sz300162(雷曼光电): 动作=HOLD, 逻辑=VALID
[14:23:54] [AI] sh688055(龙腾光电): 动作=HOLD, 逻辑=VALID
[14:23:54] [AI] sz000725(京东方 A): 动作=HOLD, 逻辑=VALID
[14:23:54] [AI] 原始候选信号: []
[14:25:05] ✅ [记忆交接] AI 已加载昨日复盘。 🎯 关注作业： | 🚫 禁忌模式：半路追高, 缩量半路板, 退潮期接力
[14:25:25] [AI] 持仓分析: 6 项
[14:25:25] [AI] sh600707(彩虹股份): 动作=HOLD, 逻辑=VALID
[14:25:25] [AI] sz300088(长信科技): 动作=HOLD, 逻辑=BROKEN
[14:25:25] [AI] sz300303(聚飞光电): 动作=HOLD, 逻辑=BROKEN
[14:25:25] [AI] sz300162(雷曼光电): 动作=HOLD, 逻辑=VALID
[14:25:25] [AI] sh688055(龙腾光电): 动作=HOLD, 逻辑=VALID
[14:25:25] [AI] sz000725(京东方 A): 动作=HOLD, 逻辑=VALID
[14:25:25] [AI] 原始候选信号: [{'symbol': 'sz000725', 'name': '京东方A', 'score': 76, 'action': 'BUY', 'thesis': '光电显示主线升温，雷曼光电因冷却名单不可推荐，京东方A作为同板块容量中军具备低位趋势承接属性，但当前仓位偏重仅适合小仓试探。'}]
[14:25:25] [AI] 信号: 京东方A(sz000725) 动作=BUY 评分=76.0
[14:25:25] [交易] sz000725 资金不足 (现价4.69, 动态预算79)
[14:25:25] [风控] sz000725 京东方A 被拦截:资金不足,买不起 100 股
[14:26:34] ✅ [记忆交接] AI 已加载昨日复盘。 🎯 关注作业： | 🚫 禁忌模式：半路追高, 缩量半路板, 退潮期接力
[14:26:50] [AI] 持仓分析: 6 项
[14:26:50] [AI] sh600707(彩虹股份): 动作=HOLD, 逻辑=VALID
[14:26:50] [AI] sz300088(长信科技): 动作=HOLD, 逻辑=BROKEN
[14:26:50] [AI] sz300303(聚飞光电): 动作=HOLD, 逻辑=BROKEN
[14:26:50] [AI] sz300162(雷曼光电): 动作=HOLD, 逻辑=VALID
[14:26:50] [AI] sh688055(龙腾光电): 动作=HOLD, 逻辑=VALID
[14:26:50] [AI] sz000725(京东方 A): 动作=HOLD, 逻辑=VALID
[14:26:50] [AI] 原始候选信号: []
[14:28:03] ✅ [记忆交接] AI 已加载昨日复盘。 🎯 关注作业： | 🚫 禁忌模式：半路追高, 缩量半路板, 退潮期接力
[14:28:22] [AI] 持仓分析: 6 项
[14:28:22] [AI] sh600707(彩虹股份): 动作=HOLD, 逻辑=VALID
[14:28:22] [AI] sz300088(长信科技): 动作=HOLD, 逻辑=BROKEN
[14:28:22] [AI] sz300303(聚飞光电): 动作=HOLD, 逻辑=BROKEN
[14:28:22] [AI] sz300162(雷曼光电): 动作=HOLD, 逻辑=VALID
[14:28:22] [AI] sh688055(龙腾光电): 动作=HOLD, 逻辑=VALID
[14:28:22] [AI] sz000725(京东方 A): 动作=HOLD, 逻辑=VALID
[14:28:22] [AI] 原始候选信号: []
[14:29:33] ✅ [记忆交接] AI 已加载昨日复盘。 🎯 关注作业： | 🚫 禁忌模式：半路追高, 缩量半路板, 退潮期接力
[14:29:54] [AI] 持仓分析: 6 项
[14:29:54] [AI] sh600707(彩虹股份): 动作=HOLD, 逻辑=VALID
[14:29:54] [AI] sz300088(长信科技): 动作=HOLD, 逻辑=BROKEN
[14:29:54] [AI] sz300303(聚飞光电): 动作=HOLD, 逻辑=BROKEN
[14:29:54] [AI] sz300162(雷曼光电): 动作=HOLD, 逻辑=VALID
[14:29:54] [AI] sh688055(龙腾光电): 动作=HOLD, 逻辑=VALID
[14:29:54] [AI] sz000725(京东方 A): 动作=HOLD, 逻辑=VALID
[14:29:54] [AI] 原始候选信号: [{'symbol': 'sh688079', 'name': '美迪凯', 'score': 82, 'action': 'BUY', 'thesis': '属于当前光电科技主线第一层核心强势股，涨幅未达20cm涨停且价格符合预算，但因当前仓位已重仅适合小仓试错。'}]
[14:29:54] [AI] 信号: 美迪凯(sh688079) 动作=BUY 评分=82.0
[14:29:54] [交易] sh688079 资金不足 (现价21.14, 动态预算169)
[14:29:54] [风控] sh688079 美迪凯 被拦截:资金不足,买不起 100 股
[14:31:02] ✅ [记忆交接] AI 已加载昨日复盘。 🎯 关注作业： | 🚫 禁忌模式：半路追高, 缩量半路板, 退潮期接力
[14:31:23] [AI] 持仓分析: 6 项
[14:31:23] [AI] sh600707(彩虹股份): 动作=HOLD, 逻辑=VALID
[14:31:23] [AI] sz300088(长信科技): 动作=HOLD, 逻辑=BROKEN
[14:31:23] [AI] sz300303(聚飞光电): 动作=HOLD, 逻辑=BROKEN
[14:31:23] [AI] sz300162(雷曼光电): 动作=HOLD, 逻辑=VALID
[14:31:23] [AI] sh688055(龙腾光电): 动作=HOLD, 逻辑=VALID
[14:31:23] [AI] sz000725(京东方 A): 动作=HOLD, 逻辑=VALID
[14:31:23] [AI] 原始候选信号: [{'symbol': 'sh688079', 'name': '美迪凯', 'score': 78, 'action': 'BUY', 'thesis': '光学光电子方向强势锚点之一，价格符合预算且未涨停，是当前光电主线中可交易池内辨识度较高的核心标的；但当前仓位较重，仅适合小仓试错。'}]
[14:31:23] [AI] 信号: 美迪凯(sh688079) 动作=BUY 评分=78.0
[14:31:23] [交易] sh688079 资金不足 (现价21.17, 动态预算79)
[14:31:23] [风控] sh688079 美迪凯 被拦截:资金不足,买不起 100 股
[14:32:32] ✅ [记忆交接] AI 已加载昨日复盘。 🎯 关注作业： | 🚫 禁忌模式：半路追高, 缩量半路板, 退潮期接力
[14:32:54] [AI] 持仓分析: 6 项
[14:32:54] [AI] sh600707(彩虹股份): 动作=HOLD, 逻辑=VALID
[14:32:54] [AI] sz300088(长信科技): 动作=HOLD, 逻辑=BROKEN
[14:32:54] [AI] sz300303(聚飞光电): 动作=HOLD, 逻辑=BROKEN
[14:32:54] [AI] sz300162(雷曼光电): 动作=HOLD, 逻辑=VALID
[14:32:54] [AI] sh688055(龙腾光电): 动作=HOLD, 逻辑=VALID
[14:32:54] [AI] sz000725(京东方 A): 动作=HOLD, 逻辑=VALID
[14:32:54] [AI] 原始候选信号: [{'symbol': 'sz300323', 'name': '华灿光电', 'score': 82, 'action': 'BUY', 'thesis': '同属光电LED主线且位列全市场强势锚点，未涨停且价格符合预算，是雷曼光电之外可交易的核心弹性标的。'}, {'symbol': 'sh688079', 'name': '美迪凯', 'score': 78, 'action': 'BUY', 'thesis': '科创光学半导体方向强势，涨幅居前但未触及涨停，属于主线内高辨识度核心补涨。'}]
[14:32:54] [AI] 信号: 华灿光电(sz300323) 动作=BUY 评分=82.0
[14:32:54] [交易] sz300323 资金不足 (现价18.9, 动态预算169)
[14:32:54] [风控] sz300323 华灿光电 被拦截:资金不足,买不起 100 股
[14:32:54] [关注] 自动加入 华灿光电(sz300323) 到观察池
[14:32:54] [AI] 信号: 美迪凯(sh688079) 动作=BUY 评分=78.0
[14:32:54] [交易] sh688079 资金不足 (现价21.03, 动态预算79)
[14:32:54] [风控] sh688079 美迪凯 被拦截:资金不足,买不起 100 股
[14:34:02] ✅ [记忆交接] AI 已加载昨日复盘。 🎯 关注作业： | 🚫 禁忌模式：半路追高, 缩量半路板, 退潮期接力
[14:34:26] [AI] 持仓分析: 6 项
[14:34:26] [AI] sh600707(彩虹股份): 动作=HOLD, 逻辑=VALID
[14:34:26] [AI] sz300088(长信科技): 动作=HOLD, 逻辑=BROKEN
[14:34:26] [AI] sz300303(聚飞光电): 动作=HOLD, 逻辑=BROKEN
[14:34:26] [AI] sz300162(雷曼光电): 动作=HOLD, 逻辑=VALID
[14:34:26] [AI] sh688055(龙腾光电): 动作=HOLD, 逻辑=VALID
[14:34:26] [AI] sz000725(京东方 A): 动作=HOLD, 逻辑=VALID
[14:34:26] [AI] 原始候选信号: [{'symbol': 'sz300162', 'name': '雷曼光电', 'score': 88, 'action': 'BUY', 'thesis': '光电LED方向核心龙头，涨幅强但未达到创业板涨停，主线升温阶段优先做辨识度最高标的。'}, {'symbol': 'sh688079', 'name': '美迪凯', 'score': 82, 'action': 'BUY', 'thesis': '科创光学方向强势核心，处于主线资金攻击范围内，价格符合预算且未涨停。'}, {'symbol': 'sz000725', 'name': '京东方A', 'score': 76, 'action': 'BUY', 'thesis': '显示面板方向趋势中军，容量大、辨识度高，适合作为主线升温下的低位容量配置。'}]
[14:34:26] [AI] 信号: 雷曼光电(sz300162) 动作=BUY 评分=88.0
[14:34:26] [风控] 拒绝 sz300162: [A级]仓位已满：当前71% >= 市场neutral最大60%
[14:34:26] [风控] sz300162 雷曼光电 被拦截:[A级]仓位已满：当前71% >= 市场neutral最大60%
[14:34:26] [AI] 信号: 美迪凯(sh688079) 动作=BUY 评分=82.0
[14:34:26] [交易] sh688079 资金不足 (现价20.94, 动态预算169)
[14:34:26] [风控] sh688079 美迪凯 被拦截:资金不足,买不起 100 股
[14:34:26] [AI] 信号: 京东方A(sz000725) 动作=BUY 评分=76.0
[14:34:26] [交易] sz000725 资金不足 (现价4.69, 动态预算79)
[14:34:26] [风控] sz000725 京东方A 被拦截:资金不足,买不起 100 股
[14:35:31] ✅ [记忆交接] AI 已加载昨日复盘。 🎯 关注作业： | 🚫 禁忌模式：半路追高, 缩量半路板, 退潮期接力
[14:35:57] [AI] 持仓分析: 6 项
[14:35:57] [AI] sh600707(彩虹股份): 动作=HOLD, 逻辑=VALID
[14:35:57] [AI] sz300088(长信科技): 动作=HOLD, 逻辑=BROKEN
[14:35:57] [AI] sz300303(聚飞光电): 动作=HOLD, 逻辑=BROKEN
[14:35:57] [AI] sz300162(雷曼光电): 动作=HOLD, 逻辑=VALID
[14:35:57] [AI] sh688055(龙腾光电): 动作=HOLD, 逻辑=VALID
[14:35:57] [AI] sz000725(京东方 A): 动作=HOLD, 逻辑=VALID
[14:35:57] [AI] 原始候选信号: [{'symbol': 'sz300323', 'name': '华灿光电', 'score': 82, 'action': 'BUY', 'thesis': 'LED光电方向核心强势股，贴合当前主线锚点且未触及20cm涨停，若分时放量承接健康可小仓试错。'}, {'symbol': 'sh688079', 'name': '美迪凯', 'score': 78, 'action': 'BUY', 'thesis': '科创光学半导体方向强度突出，与光电显示主线共振，未涨停但需避免缩量追高，仅适合回落承接买入。'}]
[14:35:57] [AI] 信号: 华灿光电(sz300323) 动作=BUY 评分=82.0
[14:35:57] [交易] sz300323 资金不足 (现价18.77, 动态预算169)
[14:35:57] [风控] sz300323 华灿光电 被拦截:资金不足,买不起 100 股
[14:35:57] [AI] 信号: 美迪凯(sh688079) 动作=BUY 评分=78.0
[14:35:57] [交易] sh688079 资金不足 (现价21.01, 动态预算79)
[14:35:57] [风控] sh688079 美迪凯 被拦截:资金不足,买不起 100 股
[14:37:01] ✅ [记忆交接] AI 已加载昨日复盘。 🎯 关注作业： | 🚫 禁忌模式：半路追高, 缩量半路板, 退潮期接力
[14:37:24] [AI] 持仓分析: 6 项
[14:37:24] [AI] sh600707(彩虹股份): 动作=HOLD, 逻辑=VALID
[14:37:24] [AI] sz300088(长信科技): 动作=HOLD, 逻辑=BROKEN
[14:37:24] [AI] sz300303(聚飞光电): 动作=HOLD, 逻辑=BROKEN
[14:37:24] [AI] sz300162(雷曼光电): 动作=HOLD, 逻辑=VALID
[14:37:24] [AI] sh688055(龙腾光电): 动作=HOLD, 逻辑=VALID
[14:37:24] [AI] sz000725(京东方 A): 动作=HOLD, 逻辑=VALID
[14:37:24] [AI] 原始候选信号: [{'symbol': 'sz300323', 'name': '华灿光电', 'score': 82, 'action': 'BUY', 'thesis': 'LED/光电主线核心之一，强度仅次于雷曼光电且不在冷却名单，若未涨停且放量承接稳定，是同主线核心龙头备选。'}, {'symbol': 'sh688079', 'name': '美迪凯', 'score': 78, 'action': 'BUY', 'thesis': '科创光学方向强势标的，贴合光电半导体主线，涨幅高但未涨停时只适合小仓跟随强趋势。'}, {'symbol': 'sh688055', 'name': '龙腾光电', 'score': 75, 'action': 'BUY', 'thesis': '显示面板方向低价容量标的，属于主线趋势中军，相比高位核心更偏稳健，但仅适合低吸不追高。'}]
[14:37:24] [AI] 信号: 华灿光电(sz300323) 动作=BUY 评分=82.0
[14:37:24] [交易] sz300323 资金不足 (现价18.82, 动态预算169)
[14:37:24] [风控] sz300323 华灿光电 被拦截:资金不足,买不起 100 股
[14:37:24] [AI] 信号: 美迪凯(sh688079) 动作=BUY 评分=78.0
[14:37:24] [交易] sh688079 资金不足 (现价21.11, 动态预算79)
[14:37:24] [风控] sh688079 美迪凯 被拦截:资金不足,买不起 100 股
[14:37:24] [AI] 信号: 龙腾光电(sh688055) 动作=BUY 评分=75.0
[14:37:24] [交易] sh688055 资金不足 (现价5.39, 动态预算79)
[14:37:24] [风控] sh688055 龙腾光电 被拦截:资金不足,买不起 100 股
[14:38:31] ✅ [记忆交接] AI 已加载昨日复盘。 🎯 关注作业： | 🚫 禁忌模式：半路追高, 缩量半路板, 退潮期接力
[14:38:50] [AI] 持仓分析: 6 项
[14:38:50] [AI] sh600707(彩虹股份): 动作=HOLD, 逻辑=VALID
[14:38:50] [AI] sz300088(长信科技): 动作=HOLD, 逻辑=BROKEN
[14:38:50] [AI] sz300303(聚飞光电): 动作=HOLD, 逻辑=BROKEN
[14:38:50] [AI] sz300162(雷曼光电): 动作=HOLD, 逻辑=VALID
[14:38:50] [AI] sh688055(龙腾光电): 动作=HOLD, 逻辑=VALID
[14:38:50] [AI] sz000725(京东方 A): 动作=HOLD, 逻辑=VALID
[14:38:50] [AI] 原始候选信号: []
[14:40:00] ✅ [记忆交接] AI 已加载昨日复盘。 🎯 关注作业： | 🚫 禁忌模式：半路追高, 缩量半路板, 退潮期接力
[14:40:28] [AI] 持仓分析: 6 项
[14:40:28] [AI] sh600707(彩虹股份): 动作=HOLD, 逻辑=VALID
[14:40:28] [AI] sz300088(长信科技): 动作=HOLD, 逻辑=BROKEN
[14:40:28] [AI] sz300303(聚飞光电): 动作=HOLD, 逻辑=BROKEN
[14:40:28] [AI] sz300162(雷曼光电): 动作=HOLD, 逻辑=VALID
[14:40:28] [AI] sh688055(龙腾光电): 动作=HOLD, 逻辑=VALID
[14:40:28] [AI] sz000725(京东方 A): 动作=HOLD, 逻辑=VALID
[14:40:28] [AI] 原始候选信号: []
[14:41:33] ✅ [记忆交接] AI 已加载昨日复盘。 🎯 关注作业： | 🚫 禁忌模式：半路追高, 缩量半路板, 退潮期接力
[14:41:57] [AI] 持仓分析: 6 项
[14:41:57] [AI] sh600707(彩虹股份): 动作=HOLD, 逻辑=VALID
[14:41:57] [AI] sz300088(长信科技): 动作=HOLD, 逻辑=BROKEN
[14:41:57] [AI] sz300303(聚飞光电): 动作=HOLD, 逻辑=BROKEN
[14:41:57] [AI] sz300162(雷曼光电): 动作=HOLD, 逻辑=VALID
[14:41:57] [AI] sh688055(龙腾光电): 动作=HOLD, 逻辑=VALID
[14:41:57] [AI] sz000725(京东方 A): 动作=HOLD, 逻辑=VALID
[14:41:57] [AI] 原始候选信号: [{'symbol': 'sh688079', 'name': '美迪凯', 'score': 78, 'action': 'BUY', 'thesis': '光电方向强势锚点之一，符合当前主线，但因仓位已重且涨幅较大，只适合小仓确认强度，不可追涨放大仓位。'}, {'symbol': 'sh688055', 'name': '龙腾光电', 'score': 75, 'action': 'BUY', 'thesis': '光电显示同板块低价趋势中军，容量和辨识度优于普通跟风，若量价继续健康可作为主线低吸标的。'}, {'symbol': 'sz000725', 'name': '京东方A', 'score': 75, 'action': 'BUY', 'thesis': '面板方向容量核心中军，适合在主线升温但高标分歧时承接资金，风险低于高位追涨。'}]
[14:41:57] [AI] 信号: 美迪凯(sh688079) 动作=BUY 评分=78.0
[14:41:57] [交易] sh688079 资金不足 (现价21.03, 动态预算79)
[14:41:57] [风控] sh688079 美迪凯 被拦截:资金不足,买不起 100 股
[14:41:57] [AI] 信号: 龙腾光电(sh688055) 动作=BUY 评分=75.0
[14:41:57] [交易] sh688055 资金不足 (现价5.39, 动态预算79)
[14:41:57] [风控] sh688055 龙腾光电 被拦截:资金不足,买不起 100 股
[14:41:57] [AI] 信号: 京东方A(sz000725) 动作=BUY 评分=75.0
[14:41:57] [交易] sz000725 资金不足 (现价4.69, 动态预算79)
[14:41:57] [风控] sz000725 京东方A 被拦截:资金不足,买不起 100 股
[14:43:00] ✅ [记忆交接] AI 已加载昨日复盘。 🎯 关注作业： | 🚫 禁忌模式：半路追高, 缩量半路板, 退潮期接力
[14:43:21] [AI] 持仓分析: 6 项
[14:43:21] [AI] sh600707(彩虹股份): 动作=HOLD, 逻辑=VALID
[14:43:21] [AI] sz300088(长信科技): 动作=HOLD, 逻辑=BROKEN
[14:43:21] [AI] sz300303(聚飞光电): 动作=HOLD, 逻辑=BROKEN
[14:43:21] [AI] sz300162(雷曼光电): 动作=HOLD, 逻辑=VALID
[14:43:21] [AI] sh688055(龙腾光电): 动作=HOLD, 逻辑=VALID
[14:43:21] [AI] sz000725(京东方 A): 动作=HOLD, 逻辑=VALID
[14:43:21] [AI] 原始候选信号: [{'symbol': 'sh688079', 'name': '美迪凯', 'score': 82, 'action': 'BUY', 'thesis': '光电显示/光学方向强势品种，贴合雷曼光电、华灿光电带动的主线，涨幅未达涨停但需控制仓位只适合小仓试错。'}]
[14:43:21] [AI] 信号: 美迪凯(sh688079) 动作=BUY 评分=82.0
[14:43:21] [交易] sh688079 资金不足 (现价20.89, 动态预算169)
[14:43:21] [风控] sh688079 美迪凯 被拦截:资金不足,买不起 100 股
[14:44:29] ✅ [记忆交接] AI 已加载昨日复盘。 🎯 关注作业： | 🚫 禁忌模式：半路追高, 缩量半路板, 退潮期接力
[14:44:51] [AI] 持仓分析: 6 项
[14:44:51] [AI] sh600707(彩虹股份): 动作=HOLD, 逻辑=VALID
[14:44:51] [AI] sz300088(长信科技): 动作=HOLD, 逻辑=BROKEN
[14:44:51] [AI] sz300303(聚飞光电): 动作=HOLD, 逻辑=BROKEN
[14:44:51] [AI] sz300162(雷曼光电): 动作=HOLD, 逻辑=VALID
[14:44:51] [AI] sh688055(龙腾光电): 动作=HOLD, 逻辑=VALID
[14:44:51] [AI] sz000725(京东方 A): 动作=HOLD, 逻辑=VALID
[14:44:51] [AI] 原始候选信号: [{'symbol': 'sh688079', 'name': '美迪凯', 'score': 82, 'action': 'BUY', 'thesis': '科创光学光电子方向，与当前LED/光电显示主线共振，强度仅次于雷曼光电且未在冷却名单，适合作为核心补强观察。'}]
[14:44:51] [AI] 信号: 美迪凯(sh688079) 动作=BUY 评分=82.0
[14:44:51] [交易] sh688079 资金不足 (现价20.78, 动态预算169)
[14:44:51] [风控] sh688079 美迪凯 被拦截:资金不足,买不起 100 股
[14:45:59] ✅ [记忆交接] AI 已加载昨日复盘。 🎯 关注作业： | 🚫 禁忌模式：半路追高, 缩量半路板, 退潮期接力
[14:46:18] [AI] 持仓分析: 6 项
[14:46:18] [AI] sh600707(彩虹股份): 动作=HOLD, 逻辑=VALID
[14:46:18] [AI] sz300088(长信科技): 动作=HOLD, 逻辑=BROKEN
[14:46:18] [AI] sz300303(聚飞光电): 动作=HOLD, 逻辑=BROKEN
[14:46:18] [AI] sz300162(雷曼光电): 动作=HOLD, 逻辑=VALID
[14:46:18] [AI] sh688055(龙腾光电): 动作=HOLD, 逻辑=VALID
[14:46:18] [AI] sz000725(京东方 A): 动作=HOLD, 逻辑=VALID
[14:46:18] [AI] 原始候选信号: []
[14:47:29] ✅ [记忆交接] AI 已加载昨日复盘。 🎯 关注作业： | 🚫 禁忌模式：半路追高, 缩量半路板, 退潮期接力
[14:47:58] [AI] 持仓分析: 6 项
[14:47:58] [AI] sh600707(彩虹股份): 动作=HOLD, 逻辑=VALID
[14:47:58] [AI] sz300088(长信科技): 动作=HOLD, 逻辑=BROKEN
[14:47:58] [AI] sz300303(聚飞光电): 动作=HOLD, 逻辑=BROKEN
[14:47:58] [AI] sz300162(雷曼光电): 动作=HOLD, 逻辑=VALID
[14:47:58] [AI] sh688055(龙腾光电): 动作=HOLD, 逻辑=VALID
[14:47:58] [AI] sz000725(京东方 A): 动作=HOLD, 逻辑=VALID
[14:47:58] [AI] 原始候选信号: [{'symbol': 'sh688079', 'name': '美迪凯', 'score': 86, 'action': 'BUY', 'thesis': '光学光电子方向核心强势股，处于当前光电显示主线第一层锚点，未涨停且价格符合预算，但因当前仓位已重只能小仓试错。'}]
[14:47:58] [AI] 信号: 美迪凯(sh688079) 动作=BUY 评分=86.0
[14:47:58] [风控] 拒绝 sh688079: [A级]仓位已满：当前71% >= 市场neutral最大60%
[14:47:58] [风控] sh688079 美迪凯 被拦截:[A级]仓位已满：当前71% >= 市场neutral最大60%
[14:48:15] [系统] 分析循环已停止。
[14:49:09] [系统] 正在启动双线程分析架构...
[14:49:09] [交易 AI] 线程已启动,间隔 90 秒 (优先级:高)。
[14:49:09] [研究 AI] 独立后台已启动,正在后台运行中... (等待触发节点)
[14:49:09] [系统] 双线程分析循环已启动 (交易 + 研究)。
[14:49:10] ✅ [记忆交接] AI 已加载昨日复盘。 🎯 关注作业： | 🚫 禁忌模式：半路追高, 缩量半路板, 退潮期接力
[14:49:43] [AI] 持仓分析: 6 项
[14:49:43] [AI] sh600707(彩虹股份): 动作=HOLD, 逻辑=VALID
[14:49:43] [AI] sz300088(长信科技): 动作=HOLD, 逻辑=BROKEN
[14:49:43] [AI] sz300303(聚飞光电): 动作=HOLD, 逻辑=BROKEN
[14:49:43] [AI] sz300162(雷曼光电): 动作=HOLD, 逻辑=VALID
[14:49:43] [AI] sh688055(龙腾光电): 动作=HOLD, 逻辑=VALID
[14:49:43] [AI] sz000725(京东方 A): 动作=HOLD, 逻辑=VALID
[14:49:43] [AI] 原始候选信号: [{'symbol': 'sz300162', 'name': '雷曼光电', 'score': 82, 'action': 'BUY', 'thesis': '当前LED光电主线核心龙头，强度高于同板块多数标的，未涨停且仍在预算内，但因仓位已重只能小仓低吸不追高。'}, {'symbol': 'sh688079', 'name': '美迪凯', 'score': 78, 'action': 'BUY', 'thesis': '科创光学光电子方向强势锚点，和当前LED、光电主线一致，未涨停且价格符合预算，适合回落承接时参与。'}, {'symbol': 'sz000725', 'name': '京东方A', 'score': 75, 'action': 'BUY', 'thesis': '面板显示方向容量中军，量价相对稳健，适合震荡偏多阶段作为主线趋势低吸标的，安全性高于无辨识度跟风股。'}]
[14:49:43] [AI] 信号: 雷曼光电(sz300162) 动作=BUY 评分=82.0
[14:49:43] [交易] sz300162 资金不足 (现价9.88, 动态预算169)
[14:49:43] [风控] sz300162 雷曼光电 被拦截:资金不足,买不起 100 股
[14:49:43] [AI] 信号: 美迪凯(sh688079) 动作=BUY 评分=78.0
[14:49:43] [交易] sh688079 资金不足 (现价20.8, 动态预算79)
[14:49:43] [风控] sh688079 美迪凯 被拦截:资金不足,买不起 100 股
[14:49:43] [AI] 信号: 京东方A(sz000725) 动作=BUY 评分=75.0
[14:49:43] [交易] sz000725 资金不足 (现价4.69, 动态预算79)
[14:49:43] [风控] sz000725 京东方A 被拦截:资金不足,买不起 100 股
[14:50:40] ✅ [记忆交接] AI 已加载昨日复盘。 🎯 关注作业： | 🚫 禁忌模式：半路追高, 缩量半路板, 退潮期接力
[14:51:11] [AI] 持仓分析: 6 项
[14:51:11] [AI] sh600707(彩虹股份): 动作=HOLD, 逻辑=VALID
[14:51:11] [AI] sz300088(长信科技): 动作=HOLD, 逻辑=BROKEN
[14:51:11] [AI] sz300303(聚飞光电): 动作=HOLD, 逻辑=BROKEN
[14:51:11] [AI] sz300162(雷曼光电): 动作=HOLD, 逻辑=VALID
[14:51:11] [AI] sh688055(龙腾光电): 动作=HOLD, 逻辑=VALID
[14:51:11] [AI] sz000725(京东方 A): 动作=HOLD, 逻辑=VALID
[14:51:11] [AI] 原始候选信号: [{'symbol': 'sz000725', 'name': '京东方A', 'score': 78, 'action': 'BUY', 'thesis': '光电显示方向容量中军，未涨停且价格低于预算上限，适合震荡偏多环境下低吸而非追高。'}, {'symbol': 'sh688055', 'name': '龙腾光电', 'score': 75, 'action': 'BUY', 'thesis': '同属光电显示主线的低位科创标的，价格可控且未涨停，可作为核心龙头分歧时的低吸补充。'}]
[14:51:11] [AI] 信号: 京东方A(sz000725) 动作=BUY 评分=78.0
[14:51:11] [交易] sz000725 资金不足 (现价4.69, 动态预算79)
[14:51:11] [风控] sz000725 京东方A 被拦截:资金不足,买不起 100 股
[14:51:11] [AI] 信号: 龙腾光电(sh688055) 动作=BUY 评分=75.0
[14:51:11] [交易] sh688055 资金不足 (现价5.39, 动态预算79)
[14:51:11] [风控] sh688055 龙腾光电 被拦截:资金不足,买不起 100 股
[14:52:09] ✅ [记忆交接] AI 已加载昨日复盘。 🎯 关注作业： | 🚫 禁忌模式：半路追高, 缩量半路板, 退潮期接力
[14:52:50] [AI] 持仓分析: 6 项
[14:52:50] [AI] sh600707(彩虹股份): 动作=HOLD, 逻辑=VALID
[14:52:50] [AI] sz300088(长信科技): 动作=HOLD, 逻辑=BROKEN
[14:52:50] [AI] sz300303(聚飞光电): 动作=HOLD, 逻辑=BROKEN
[14:52:50] [AI] sz300162(雷曼光电): 动作=HOLD, 逻辑=VALID
[14:52:50] [AI] sh688055(龙腾光电): 动作=HOLD, 逻辑=VALID
[14:52:50] [AI] sz000725(京东方 A): 动作=HOLD, 逻辑=VALID
[14:52:50] [AI] 原始候选信号: [{'symbol': 'sz000725', 'name': '京东方 A', 'score': 78, 'action': 'BUY', 'thesis': '光电显示/面板主线仍有核心龙头带动，京东方A作为容量中军未涨停，适合震荡偏多环境下小仓低吸。'}, {'symbol': 'sh688055', 'name': '龙腾光电', 'score': 75, 'action': 'BUY', 'thesis': '同属显示面板方向，价格低位且未涨停，可作为主线内弹性补涨观察，但仓位已重只能轻仓。'}]
[14:52:50] [AI] 信号: 京东方 A(sz000725) 动作=BUY 评分=78.0
[14:52:50] [交易] sz000725 资金不足 (现价4.69, 动态预算79)
[14:52:50] [风控] sz000725 京东方 A 被拦截:资金不足,买不起 100 股
[14:52:50] [AI] 信号: 龙腾光电(sh688055) 动作=BUY 评分=75.0
[14:52:50] [交易] sh688055 资金不足 (现价5.37, 动态预算79)
[14:52:50] [风控] sh688055 龙腾光电 被拦截:资金不足,买不起 100 股
[14:53:38] ✅ [记忆交接] AI 已加载昨日复盘。 🎯 关注作业： | 🚫 禁忌模式：半路追高, 缩量半路板, 退潮期接力
[14:54:01] [AI] 持仓分析: 6 项
[14:54:01] [AI] sh600707(彩虹股份): 动作=HOLD, 逻辑=VALID
[14:54:01] [AI] sz300088(长信科技): 动作=HOLD, 逻辑=BROKEN
[14:54:01] [AI] sz300303(聚飞光电): 动作=HOLD, 逻辑=BROKEN
[14:54:01] [AI] sz300162(雷曼光电): 动作=HOLD, 逻辑=VALID
[14:54:01] [AI] sh688055(龙腾光电): 动作=HOLD, 逻辑=VALID
[14:54:01] [AI] sz000725(京东方 A): 动作=HOLD, 逻辑=VALID
[14:54:01] [AI] 原始候选信号: [{'symbol': 'sz000725', 'name': '京东方A', 'score': 78, 'action': 'BUY', 'thesis': '光电显示主线下的容量中军，未涨停、价格低、辨识度高，适合震荡偏多环境低吸而非追高。'}, {'symbol': 'sh688055', 'name': '龙腾光电', 'score': 76, 'action': 'BUY', 'thesis': '同属光电显示方向，价格处于预算内，作为科创板显示中军可承接雷曼光电、美迪凯等强势锚点的板块溢价。'}]
[14:54:01] [AI] 信号: 京东方A(sz000725) 动作=BUY 评分=78.0
[14:54:01] [交易] sz000725 资金不足 (现价4.69, 动态预算79)
[14:54:01] [风控] sz000725 京东方A 被拦截:资金不足,买不起 100 股
[14:54:01] [AI] 信号: 龙腾光电(sh688055) 动作=BUY 评分=76.0
[14:54:01] [交易] sh688055 资金不足 (现价5.39, 动态预算79)
[14:54:01] [风控] sh688055 龙腾光电 被拦截:资金不足,买不起 100 股
[14:55:08] ✅ [记忆交接] AI 已加载昨日复盘。 🎯 关注作业： | 🚫 禁忌模式：半路追高, 缩量半路板, 退潮期接力
[14:55:30] [AI] 持仓分析: 6 项
[14:55:30] [AI] sh600707(彩虹股份): 动作=HOLD, 逻辑=VALID
[14:55:30] [AI] sz300088(长信科技): 动作=HOLD, 逻辑=BROKEN
[14:55:30] [AI] sz300303(聚飞光电): 动作=HOLD, 逻辑=BROKEN
[14:55:30] [AI] sz300162(雷曼光电): 动作=HOLD, 逻辑=VALID
[14:55:30] [AI] sh688055(龙腾光电): 动作=HOLD, 逻辑=VALID
[14:55:30] [AI] sz000725(京东方 A): 动作=HOLD, 逻辑=VALID
[14:55:30] [AI] 原始候选信号: [{'symbol': 'sz000725', 'name': '京东方A', 'score': 78, 'action': 'BUY', 'thesis': '光电显示主线最具容量的趋势中军，未涨停、价格符合预算，适合震荡偏多环境下低吸而非追板。'}]
[14:55:30] [AI] 信号: 京东方A(sz000725) 动作=BUY 评分=78.0
[14:55:30] [交易] sz000725 资金不足 (现价4.69, 动态预算79)
[14:55:30] [风控] sz000725 京东方A 被拦截:资金不足,买不起 100 股
[14:56:38] ✅ [记忆交接] AI 已加载昨日复盘。 🎯 关注作业： | 🚫 禁忌模式：半路追高, 缩量半路板, 退潮期接力
[14:56:59] [AI] 持仓分析: 6 项
[14:56:59] [AI] sh600707(彩虹股份): 动作=HOLD, 逻辑=VALID
[14:56:59] [AI] sz300088(长信科技): 动作=HOLD, 逻辑=BROKEN
[14:56:59] [AI] sz300303(聚飞光电): 动作=HOLD, 逻辑=BROKEN
[14:56:59] [AI] sz300162(雷曼光电): 动作=HOLD, 逻辑=VALID
[14:56:59] [AI] sh688055(龙腾光电): 动作=HOLD, 逻辑=VALID
[14:56:59] [AI] sz000725(京东方 A): 动作=HOLD, 逻辑=VALID
[14:56:59] [AI] 原始候选信号: [{'symbol': 'sz300323', 'name': '华灿光电', 'score': 82, 'action': 'BUY', 'thesis': '同属光电LED主线，强度仅次于核心涨停锚点且未涨停，符合第一层核心龙头优先。'}, {'symbol': 'sz000725', 'name': '京东方A', 'score': 76, 'action': 'BUY', 'thesis': '显示面板趋势中军，容量大且价格低，适合作为震荡偏多阶段的低吸型主线配置。'}]
[14:56:59] [AI] 信号: 华灿光电(sz300323) 动作=BUY 评分=82.0
[14:56:59] [交易] sz300323 资金不足 (现价18.8, 动态预算169)
[14:56:59] [风控] sz300323 华灿光电 被拦截:资金不足,买不起 100 股
[14:56:59] [AI] 信号: 京东方A(sz000725) 动作=BUY 评分=76.0
[14:56:59] [交易] sz000725 资金不足 (现价4.69, 动态预算79)
[14:56:59] [风控] sz000725 京东方A 被拦截:资金不足,买不起 100 股
[14:58:07] ✅ [记忆交接] AI 已加载昨日复盘。 🎯 关注作业： | 🚫 禁忌模式：半路追高, 缩量半路板, 退潮期接力
[14:58:28] [AI] 持仓分析: 6 项
[14:58:28] [AI] sh600707(彩虹股份): 动作=HOLD, 逻辑=VALID
[14:58:28] [AI] sz300088(长信科技): 动作=HOLD, 逻辑=BROKEN
[14:58:28] [AI] sz300303(聚飞光电): 动作=HOLD, 逻辑=BROKEN
[14:58:28] [AI] sz300162(雷曼光电): 动作=HOLD, 逻辑=VALID
[14:58:28] [AI] sh688055(龙腾光电): 动作=HOLD, 逻辑=VALID
[14:58:28] [AI] sz000725(京东方 A): 动作=HOLD, 逻辑=VALID
[14:58:28] [AI] 原始候选信号: [{'symbol': 'sz000725', 'name': '京东方A', 'score': 78, 'action': 'BUY', 'thesis': '光电显示主线明确，龙腾光电、华灿光电等核心走强后，京东方A作为同板块容量中军未涨停，较适合震荡偏多阶段低吸承接。'}]
[14:58:28] [AI] 信号: 京东方A(sz000725) 动作=BUY 评分=78.0
[14:58:28] [交易] sz000725 资金不足 (现价4.69, 动态预算79)
[14:58:28] [风控] sz000725 京东方A 被拦截:资金不足,买不起 100 股
[14:59:36] ✅ [记忆交接] AI 已加载昨日复盘。 🎯 关注作业： | 🚫 禁忌模式：半路追高, 缩量半路板, 退潮期接力
[14:59:57] [AI] 持仓分析: 6 项
[14:59:57] [AI] sh600707(彩虹股份): 动作=HOLD, 逻辑=VALID
[14:59:57] [AI] sz300088(长信科技): 动作=HOLD, 逻辑=BROKEN
[14:59:57] [AI] sz300303(聚飞光电): 动作=HOLD, 逻辑=BROKEN
[14:59:57] [AI] sz300162(雷曼光电): 动作=HOLD, 逻辑=VALID
[14:59:57] [AI] sh688055(龙腾光电): 动作=HOLD, 逻辑=VALID
[14:59:57] [AI] sz000725(京东方 A): 动作=HOLD, 逻辑=VALID
[14:59:57] [AI] 原始候选信号: [{'symbol': 'sz300162', 'name': '雷曼光电', 'score': 82, 'action': 'BUY', 'thesis': '光电LED方向核心龙头之一，未涨停且辨识度最高，但涨幅较大只能小仓低吸不追高。'}, {'symbol': 'sz000725', 'name': '京东方A', 'score': 76, 'action': 'BUY', 'thesis': '显示面板方向容量中军，价格低、承接稳定，适合作为震荡偏多环境下的主线低吸标的。'}]
[14:59:57] [AI] 信号: 雷曼光电(sz300162) 动作=BUY 评分=82.0
[14:59:57] [交易] sz300162 资金不足 (现价9.98, 动态预算169)
[14:59:57] [风控] sz300162 雷曼光电 被拦截:资金不足,买不起 100 股
[14:59:57] [AI] 信号: 京东方A(sz000725) 动作=BUY 评分=76.0
[14:59:57] [交易] sz000725 资金不足 (现价4.69, 动态预算79)
[14:59:57] [风控] sz000725 京东方A 被拦截:资金不足,买不起 100 股
[15:01:06] ✅ [记忆交接] AI 已加载昨日复盘。 🎯 关注作业： | 🚫 禁忌模式：半路追高, 缩量半路板, 退潮期接力
[15:01:26] [AI] 持仓分析: 6 项
[15:01:26] [AI] sh600707(彩虹股份): 动作=HOLD, 逻辑=VALID
[15:01:26] [AI] sz300088(长信科技): 动作=HOLD, 逻辑=BROKEN
[15:01:26] [AI] sz300303(聚飞光电): 动作=HOLD, 逻辑=BROKEN
[15:01:26] [AI] sz300162(雷曼光电): 动作=HOLD, 逻辑=VALID
[15:01:26] [AI] sh688055(龙腾光电): 动作=HOLD, 逻辑=VALID
[15:01:26] [AI] sz000725(京东方 A): 动作=HOLD, 逻辑=VALID
[15:01:26] [AI] 原始候选信号: [{'symbol': 'sz000725', 'name': '京东方A', 'score': 78, 'action': 'BUY', 'thesis': '光电显示主线的容量中军，未涨停且股价低、容量大，更适合震荡偏多阶段低吸而非追高。'}]
[15:01:26] [AI] 信号: 京东方A(sz000725) 动作=BUY 评分=78.0
[15:01:26] [交易] sz000725 资金不足 (现价4.69, 动态预算79)
[15:01:26] [风控] sz000725 京东方A 被拦截:资金不足,买不起 100 股
[15:02:35] ✅ [记忆交接] AI 已加载昨日复盘。 🎯 关注作业： | 🚫 禁忌模式：半路追高, 缩量半路板, 退潮期接力
[15:02:57] [AI] 持仓分析: 6 项
[15:02:57] [AI] sh600707(彩虹股份): 动作=HOLD, 逻辑=VALID
[15:02:57] [AI] sz300088(长信科技): 动作=HOLD, 逻辑=BROKEN
[15:02:57] [AI] sz300303(聚飞光电): 动作=HOLD, 逻辑=BROKEN
[15:02:57] [AI] sz300162(雷曼光电): 动作=HOLD, 逻辑=VALID
[15:02:57] [AI] sh688055(龙腾光电): 动作=HOLD, 逻辑=VALID
[15:02:57] [AI] sz000725(京东方 A): 动作=HOLD, 逻辑=VALID
[15:02:57] [AI] 原始候选信号: [{'symbol': 'sz300162', 'name': '雷曼光电', 'score': 82, 'action': 'BUY', 'thesis': '光电显示方向核心强势股，未涨停且处于主线第一层，若盘中回踩承接良好可低吸，避免缩量追高。'}, {'symbol': 'sz000725', 'name': '京东方A', 'score': 76, 'action': 'BUY', 'thesis': '显示面板方向容量中军，股价低、流动性好，适合震荡偏多行情中围绕主线做低吸配置。'}]
[15:02:57] [AI] 信号: 雷曼光电(sz300162) 动作=BUY 评分=82.0
[15:02:57] [交易] sz300162 资金不足 (现价9.98, 动态预算169)
[15:02:57] [风控] sz300162 雷曼光电 被拦截:资金不足,买不起 100 股
[15:02:57] [AI] 信号: 京东方A(sz000725) 动作=BUY 评分=76.0
[15:02:57] [交易] sz000725 资金不足 (现价4.69, 动态预算79)
[15:02:57] [风控] sz000725 京东方A 被拦截:资金不足,买不起 100 股
[15:04:04] ✅ [记忆交接] AI 已加载昨日复盘。 🎯 关注作业： | 🚫 禁忌模式：半路追高, 缩量半路板, 退潮期接力
[15:04:26] [AI] 持仓分析: 6 项
[15:04:26] [AI] sh600707(彩虹股份): 动作=HOLD, 逻辑=VALID
[15:04:26] [AI] sz300088(长信科技): 动作=HOLD, 逻辑=BROKEN
[15:04:26] [AI] sz300303(聚飞光电): 动作=HOLD, 逻辑=BROKEN
[15:04:26] [AI] sz300162(雷曼光电): 动作=HOLD, 逻辑=VALID
[15:04:26] [AI] sh688055(龙腾光电): 动作=HOLD, 逻辑=VALID
[15:04:26] [AI] sz000725(京东方 A): 动作=HOLD, 逻辑=VALID
[15:04:26] [AI] 原始候选信号: [{'symbol': 'sz000725', 'name': '京东方A', 'score': 78, 'action': 'BUY', 'thesis': '光电显示主线由雷曼光电、龙腾光电强化，京东方A作为同板块趋势中军，未涨停且容量更大，适合震荡偏多环境低吸。'}]
[15:04:26] [AI] 信号: 京东方A(sz000725) 动作=BUY 评分=78.0
[15:04:26] [交易] sz000725 资金不足 (现价4.69, 动态预算79)
[15:04:26] [风控] sz000725 京东方A 被拦截:资金不足,买不起 100 股
[15:05:14] [系统] 分析循环已停止。
[15:05:40] [系统] 正在启动双线程分析架构...
[15:05:40] [交易 AI] 线程已启动,间隔 90 秒 (优先级:高)。
[15:05:40] [研究 AI] 独立后台已启动,正在后台运行中... (等待触发节点)
[15:05:40] [系统] 双线程分析循环已启动 (交易 + 研究)。
[15:05:41] ✅ [记忆交接] AI 已加载昨日复盘。 🎯 关注作业： | 🚫 禁忌模式：半路追高, 缩量半路板, 退潮期接力
[15:06:02] [AI] 持仓分析: 6 项
[15:06:02] [AI] sh600707(彩虹股份): 动作=HOLD, 逻辑=VALID
[15:06:02] [AI] sz300088(长信科技): 动作=HOLD, 逻辑=BROKEN
[15:06:02] [AI] sz300303(聚飞光电): 动作=HOLD, 逻辑=BROKEN
[15:06:02] [AI] sz300162(雷曼光电): 动作=HOLD, 逻辑=VALID
[15:06:02] [AI] sh688055(龙腾光电): 动作=HOLD, 逻辑=VALID
[15:06:02] [AI] sz000725(京东方 A): 动作=HOLD, 逻辑=VALID
[15:06:02] [AI] 原始候选信号: [{'symbol': 'sz000725', 'name': '京东方A', 'score': 78, 'action': 'BUY', 'thesis': '光电显示主线已由雷曼光电、龙腾光电确认强度，京东方A作为同板块容量中军未涨停、价格低、承接属性更适合震荡偏多环境下低吸。'}]
[15:06:02] [AI] 信号: 京东方A(sz000725) 动作=BUY 评分=78.0
[15:06:02] [风控] sz000725 单票仓位已达23.9%上限，拒绝加仓
[15:07:10] ✅ [记忆交接] AI 已加载昨日复盘。 🎯 关注作业： | 🚫 禁忌模式：半路追高, 缩量半路板, 退潮期接力
[15:07:33] [AI] 持仓分析: 6 项
[15:07:33] [AI] sh600707(彩虹股份): 动作=HOLD, 逻辑=VALID
[15:07:33] [AI] sz300088(长信科技): 动作=HOLD, 逻辑=BROKEN
[15:07:33] [AI] sz300303(聚飞光电): 动作=HOLD, 逻辑=BROKEN
[15:07:33] [AI] sz300162(雷曼光电): 动作=HOLD, 逻辑=VALID
[15:07:33] [AI] sh688055(龙腾光电): 动作=HOLD, 逻辑=VALID
[15:07:33] [AI] sz000725(京东方 A): 动作=HOLD, 逻辑=VALID
[15:07:33] [AI] 原始候选信号: [{'symbol': 'sz300162', 'name': '雷曼光电', 'score': 82, 'action': 'BUY', 'thesis': 'LED/光电显示方向核心强势股，未涨停且辨识度最高，但只能等分时回踩承接确认后低吸，禁止缩量追高。'}, {'symbol': 'sz000725', 'name': '京东方A', 'score': 76, 'action': 'BUY', 'thesis': '显示面板方向趋势中军，容量大且价格低于预算，适合作为主线延续时的低吸选择。'}]
[15:07:33] [AI] 信号: 雷曼光电(sz300162) 动作=BUY 评分=82.0
[15:07:33] [风控] sz300162 T+1锁定，今日不可加仓
[15:07:33] [AI] 信号: 京东方A(sz000725) 动作=BUY 评分=76.0
[15:07:33] [风控] sz000725 单票仓位已达23.9%上限，拒绝加仓
[15:08:40] ✅ [记忆交接] AI 已加载昨日复盘。 🎯 关注作业： | 🚫 禁忌模式：半路追高, 缩量半路板, 退潮期接力
[15:09:01] [AI] 持仓分析: 6 项
[15:09:01] [AI] sh600707(彩虹股份): 动作=HOLD, 逻辑=VALID
[15:09:01] [AI] sz300088(长信科技): 动作=HOLD, 逻辑=BROKEN
[15:09:01] [AI] sz300303(聚飞光电): 动作=HOLD, 逻辑=BROKEN
[15:09:01] [AI] sz300162(雷曼光电): 动作=HOLD, 逻辑=VALID
[15:09:01] [AI] sh688055(龙腾光电): 动作=HOLD, 逻辑=VALID
[15:09:01] [AI] sz000725(京东方 A): 动作=HOLD, 逻辑=VALID
[15:09:01] [AI] 原始候选信号: [{'symbol': 'sz000725', 'name': '京东方A', 'score': 78, 'action': 'BUY', 'thesis': '光电显示主线由龙腾光电涨停强化，京东方A属于同板块容量中军，未涨停且价格低、流动性好，适合震荡偏多环境低吸或小幅加仓。'}]
[15:09:01] [AI] 信号: 京东方A(sz000725) 动作=BUY 评分=78.0
[15:09:01] [风控] sz000725 单票仓位已达23.9%上限，拒绝加仓
[15:10:10] ✅ [记忆交接] AI 已加载昨日复盘。 🎯 关注作业： | 🚫 禁忌模式：半路追高, 缩量半路板, 退潮期接力
[15:10:35] [AI] 持仓分析: 6 项
[15:10:35] [AI] sh600707(彩虹股份): 动作=HOLD, 逻辑=VALID
[15:10:35] [AI] sz300088(长信科技): 动作=HOLD, 逻辑=VALID
[15:10:35] [AI] sz300303(聚飞光电): 动作=HOLD, 逻辑=VALID
[15:10:35] [AI] sz300162(雷曼光电): 动作=HOLD, 逻辑=VALID
[15:10:35] [AI] sh688055(龙腾光电): 动作=HOLD, 逻辑=VALID
[15:10:35] [AI] sz000725(京东方 A): 动作=HOLD, 逻辑=VALID
[15:10:35] [AI] 原始候选信号: [{'symbol': 'sz000725', 'name': '京东方A', 'score': 78, 'action': 'BUY', 'thesis': '显示面板主线获得龙腾光电涨停强化，京东方A作为容量中军未涨停、价格低、承接相对安全，适合震荡偏多环境下低吸而非追高。'}, {'symbol': 'sz300162', 'name': '雷曼光电', 'score': 76, 'action': 'BUY', 'thesis': 'LED方向核心辨识度最高且未涨停，若盘中分歧回落仍有主线资金承接，但当前涨幅较大只能小仓低吸，严禁半路追高。'}]
[15:10:35] [AI] 信号: 京东方A(sz000725) 动作=BUY 评分=78.0
[15:10:35] [风控] sz000725 单票仓位已达23.9%上限，拒绝加仓
[15:10:35] [AI] 信号: 雷曼光电(sz300162) 动作=BUY 评分=76.0
[15:10:35] [风控] sz300162 T+1锁定，今日不可加仓
[15:11:39] ✅ [记忆交接] AI 已加载昨日复盘。 🎯 关注作业： | 🚫 禁忌模式：半路追高, 缩量半路板, 退潮期接力
[15:12:01] [AI] 持仓分析: 6 项
[15:12:01] [AI] sh600707(彩虹股份): 动作=HOLD, 逻辑=BROKEN
[15:12:01] [AI] sz300088(长信科技): 动作=HOLD, 逻辑=BROKEN
[15:12:01] [AI] sz300303(聚飞光电): 动作=HOLD, 逻辑=BROKEN
[15:12:01] [AI] sz300162(雷曼光电): 动作=HOLD, 逻辑=VALID
[15:12:01] [AI] sh688055(龙腾光电): 动作=HOLD, 逻辑=VALID
[15:12:01] [AI] sz000725(京东方 A): 动作=HOLD, 逻辑=VALID
[15:12:01] [AI] 原始候选信号: [{'symbol': 'sz300162', 'name': '雷曼光电', 'score': 82, 'action': 'BUY', 'thesis': 'LED/光电方向核心强势股，未涨停且辨识度高，但仅适合分歧低吸，不宜缩量追高。'}, {'symbol': 'sz000725', 'name': '京东方A', 'score': 78, 'action': 'BUY', 'thesis': '显示面板方向趋势中军，容量大、价格低、与龙腾光电同主线，适合作为震荡偏多环境下的低吸选择。'}]
[15:12:01] [AI] 信号: 雷曼光电(sz300162) 动作=BUY 评分=82.0
[15:12:01] [风控] sz300162 T+1锁定，今日不可加仓
[15:12:01] [AI] 信号: 京东方A(sz000725) 动作=BUY 评分=78.0
[15:12:01] [风控] sz000725 单票仓位已达23.9%上限，拒绝加仓
[15:13:08] ✅ [记忆交接] AI 已加载昨日复盘。 🎯 关注作业： | 🚫 禁忌模式：半路追高, 缩量半路板, 退潮期接力
[15:13:30] [AI] 持仓分析: 6 项
[15:13:30] [AI] sh600707(彩虹股份): 动作=HOLD, 逻辑=VALID
[15:13:30] [AI] sz300088(长信科技): 动作=HOLD, 逻辑=BROKEN
[15:13:30] [AI] sz300303(聚飞光电): 动作=HOLD, 逻辑=BROKEN
[15:13:30] [AI] sz300162(雷曼光电): 动作=HOLD, 逻辑=VALID
[15:13:30] [AI] sh688055(龙腾光电): 动作=HOLD, 逻辑=VALID
[15:13:30] [AI] sz000725(京东方 A): 动作=HOLD, 逻辑=VALID
[15:13:30] [AI] 原始候选信号: [{'symbol': 'sz300162', 'name': '雷曼光电', 'score': 78, 'action': 'BUY', 'thesis': '光电显示主线核心强势股，未涨停且仍具辨识度，但当前仓位较重，只适合回落低吸不追高。'}, {'symbol': 'sz000725', 'name': '京东方A', 'score': 75, 'action': 'BUY', 'thesis': '光电显示方向容量中军，股价低、流动性好，适合作为震荡偏多行情中的主线低吸标的。'}]
[15:13:30] [AI] 信号: 雷曼光电(sz300162) 动作=BUY 评分=78.0
[15:13:30] [风控] sz300162 T+1锁定，今日不可加仓
[15:13:30] [AI] 信号: 京东方A(sz000725) 动作=BUY 评分=75.0
[15:13:30] [风控] sz000725 单票仓位已达23.9%上限，拒绝加仓
[15:14:38] ✅ [记忆交接] AI 已加载昨日复盘。 🎯 关注作业： | 🚫 禁忌模式：半路追高, 缩量半路板, 退潮期接力
[15:14:58] [AI] 持仓分析: 6 项
[15:14:58] [AI] sh600707(彩虹股份): 动作=HOLD, 逻辑=VALID
[15:14:58] [AI] sz300088(长信科技): 动作=HOLD, 逻辑=BROKEN
[15:14:58] [AI] sz300303(聚飞光电): 动作=HOLD, 逻辑=BROKEN
[15:14:58] [AI] sz300162(雷曼光电): 动作=HOLD, 逻辑=VALID
[15:14:58] [AI] sh688055(龙腾光电): 动作=HOLD, 逻辑=VALID
[15:14:58] [AI] sz000725(京东方 A): 动作=HOLD, 逻辑=VALID
[15:14:58] [AI] 原始候选信号: [{'symbol': 'sz000725', 'name': '京东方A', 'score': 76, 'action': 'BUY', 'thesis': '光电显示主线得到雷曼光电与龙腾光电强化，京东方A作为容量中军未涨停、价格低、承接属性更适合震荡偏多环境低吸。'}]
[15:14:58] [AI] 信号: 京东方A(sz000725) 动作=BUY 评分=76.0
[15:14:58] [风控] sz000725 单票仓位已达23.9%上限，拒绝加仓
[15:16:08] ✅ [记忆交接] AI 已加载昨日复盘。 🎯 关注作业： | 🚫 禁忌模式：半路追高, 缩量半路板, 退潮期接力
[15:16:30] [AI] 持仓分析: 6 项
[15:16:30] [AI] sh600707(彩虹股份): 动作=HOLD, 逻辑=VALID
[15:16:30] [AI] sz300088(长信科技): 动作=HOLD, 逻辑=BROKEN
[15:16:30] [AI] sz300303(聚飞光电): 动作=HOLD, 逻辑=BROKEN
[15:16:30] [AI] sz300162(雷曼光电): 动作=HOLD, 逻辑=VALID
[15:16:30] [AI] sh688055(龙腾光电): 动作=HOLD, 逻辑=VALID
[15:16:30] [AI] sz000725(京东方 A): 动作=HOLD, 逻辑=VALID
[15:16:30] [AI] 原始候选信号: [{'symbol': 'sz300162', 'name': '雷曼光电', 'score': 78, 'action': 'BUY', 'thesis': '光电显示主线核心龙头，未涨停且辨识度最高，但当前涨幅较大，只适合小仓跟随或分歧低吸。'}, {'symbol': 'sz000725', 'name': '京东方A', 'score': 75, 'action': 'BUY', 'thesis': '光电显示方向容量中军，价格低、流动性好，相比高位20cm更适合震荡偏多环境下低吸配置。'}]
[15:16:30] [AI] 信号: 雷曼光电(sz300162) 动作=BUY 评分=78.0
[15:16:30] [风控] sz300162 T+1锁定，今日不可加仓
[15:16:30] [AI] 信号: 京东方A(sz000725) 动作=BUY 评分=75.0
[15:16:30] [风控] sz000725 单票仓位已达23.9%上限，拒绝加仓
[15:17:37] ✅ [记忆交接] AI 已加载昨日复盘。 🎯 关注作业： | 🚫 禁忌模式：半路追高, 缩量半路板, 退潮期接力
[15:18:07] [AI] 持仓分析: 6 项
[15:18:07] [AI] sh600707(彩虹股份): 动作=HOLD, 逻辑=VALID
[15:18:07] [AI] sz300088(长信科技): 动作=HOLD, 逻辑=BROKEN
[15:18:07] [AI] sz300303(聚飞光电): 动作=HOLD, 逻辑=BROKEN
[15:18:07] [AI] sz300162(雷曼光电): 动作=HOLD, 逻辑=VALID
[15:18:07] [AI] sh688055(龙腾光电): 动作=HOLD, 逻辑=VALID
[15:18:07] [AI] sz000725(京东方 A): 动作=HOLD, 逻辑=VALID
[15:18:07] [AI] 原始候选信号: []
[15:19:07] ✅ [记忆交接] AI 已加载昨日复盘。 🎯 关注作业： | 🚫 禁忌模式：半路追高, 缩量半路板, 退潮期接力
[15:19:28] [AI] 持仓分析: 6 项
[15:19:28] [AI] sh600707(彩虹股份): 动作=HOLD, 逻辑=VALID
[15:19:28] [AI] sz300088(长信科技): 动作=HOLD, 逻辑=BROKEN
[15:19:28] [AI] sz300303(聚飞光电): 动作=HOLD, 逻辑=BROKEN
[15:19:28] [AI] sz300162(雷曼光电): 动作=HOLD, 逻辑=VALID
[15:19:28] [AI] sh688055(龙腾光电): 动作=HOLD, 逻辑=VALID
[15:19:28] [AI] sz000725(京东方 A): 动作=HOLD, 逻辑=VALID
[15:19:28] [AI] 原始候选信号: [{'symbol': 'sz000725', 'name': '京东方A', 'score': 78, 'action': 'BUY', 'thesis': '光电显示/面板主线中军，容量大、价格低、相对不属于涨停追高，若回踩承接强于指数可低吸。'}]
[15:19:28] [AI] 信号: 京东方A(sz000725) 动作=BUY 评分=78.0
[15:19:28] [风控] sz000725 单票仓位已达23.9%上限，拒绝加仓
[15:20:36] ✅ [记忆交接] AI 已加载昨日复盘。 🎯 关注作业： | 🚫 禁忌模式：半路追高, 缩量半路板, 退潮期接力
[15:20:58] [AI] 持仓分析: 6 项
[15:20:58] [AI] sh600707(彩虹股份): 动作=HOLD, 逻辑=VALID
[15:20:58] [AI] sz300088(长信科技): 动作=HOLD, 逻辑=BROKEN
[15:20:58] [AI] sz300303(聚飞光电): 动作=HOLD, 逻辑=BROKEN
[15:20:58] [AI] sz300162(雷曼光电): 动作=HOLD, 逻辑=VALID
[15:20:58] [AI] sh688055(龙腾光电): 动作=HOLD, 逻辑=VALID
[15:20:58] [AI] sz000725(京东方 A): 动作=HOLD, 逻辑=VALID
[15:20:58] [AI] 原始候选信号: [{'symbol': 'sz000725', 'name': '京东方A', 'score': 75, 'action': 'BUY', 'thesis': '光电显示/面板为当前主攻方向，京东方A属于同板块容量中军，未涨停，较适合震荡偏多环境下低吸而非追高。'}]
[15:20:58] [AI] 信号: 京东方A(sz000725) 动作=BUY 评分=75.0
[15:20:58] [风控] sz000725 单票仓位已达23.9%上限，拒绝加仓
[15:22:07] ✅ [记忆交接] AI 已加载昨日复盘。 🎯 关注作业： | 🚫 禁忌模式：半路追高, 缩量半路板, 退潮期接力
[15:22:38] [AI] 持仓分析: 6 项
[15:22:38] [AI] sh600707(彩虹股份): 动作=HOLD, 逻辑=VALID
[15:22:38] [AI] sz300088(长信科技): 动作=HOLD, 逻辑=BROKEN
[15:22:38] [AI] sz300303(聚飞光电): 动作=HOLD, 逻辑=BROKEN
[15:22:38] [AI] sz300162(雷曼光电): 动作=HOLD, 逻辑=VALID
[15:22:38] [AI] sh688055(龙腾光电): 动作=HOLD, 逻辑=VALID
[15:22:38] [AI] sz000725(京东方 A): 动作=HOLD, 逻辑=VALID
[15:22:38] [AI] 原始候选信号: [{'symbol': 'sz300162', 'name': '雷曼光电', 'score': 82, 'action': 'BUY', 'thesis': '光电显示主线核心强势股，未涨停且辨识度高，但只能等分歧低吸，不能半路追高。'}, {'symbol': 'sz000725', 'name': '京东方A', 'score': 78, 'action': 'BUY', 'thesis': '显示面板方向趋势中军，容量大、价格低、未涨停，适合作为震荡偏多阶段的主线低吸标的。'}]
[15:22:38] [AI] 信号: 雷曼光电(sz300162) 动作=BUY 评分=82.0
[15:22:38] [风控] sz300162 T+1锁定，今日不可加仓
[15:22:38] [AI] 信号: 京东方A(sz000725) 动作=BUY 评分=78.0
[15:22:38] [风控] sz000725 单票仓位已达23.9%上限，拒绝加仓
[15:23:35] ✅ [记忆交接] AI 已加载昨日复盘。 🎯 关注作业： | 🚫 禁忌模式：半路追高, 缩量半路板, 退潮期接力
[15:23:58] [AI] 持仓分析: 6 项
[15:23:58] [AI] sh600707(彩虹股份): 动作=HOLD, 逻辑=VALID
[15:23:58] [AI] sz300088(长信科技): 动作=HOLD, 逻辑=BROKEN
[15:23:58] [AI] sz300303(聚飞光电): 动作=HOLD, 逻辑=BROKEN
[15:23:58] [AI] sz300162(雷曼光电): 动作=HOLD, 逻辑=VALID
[15:23:58] [AI] sh688055(龙腾光电): 动作=HOLD, 逻辑=VALID
[15:23:58] [AI] sz000725(京东方 A): 动作=HOLD, 逻辑=VALID
[15:23:58] [AI] 原始候选信号: [{'symbol': 'sz000725', 'name': '京东方A', 'score': 78, 'action': 'BUY', 'thesis': '光电显示主线内的容量中军，未涨停且价格低、承接相对稳，适合震荡偏多环境下小仓低吸，不追高。'}, {'symbol': 'sz300162', 'name': '雷曼光电', 'score': 76, 'action': 'BUY', 'thesis': '创业板光电方向核心强势股，辨识度高且未20cm涨停，但涨幅较大，只能在分歧回踩时轻仓低吸。'}]
[15:23:58] [AI] 信号: 京东方A(sz000725) 动作=BUY 评分=78.0
[15:23:58] [风控] sz000725 单票仓位已达23.9%上限，拒绝加仓
[15:23:58] [AI] 信号: 雷曼光电(sz300162) 动作=BUY 评分=76.0
[15:23:58] [风控] sz300162 T+1锁定，今日不可加仓
[15:25:05] ✅ [记忆交接] AI 已加载昨日复盘。 🎯 关注作业： | 🚫 禁忌模式：半路追高, 缩量半路板, 退潮期接力
[15:25:28] [AI] 持仓分析: 6 项
[15:25:28] [AI] sh600707(彩虹股份): 动作=HOLD, 逻辑=VALID
[15:25:28] [AI] sz300088(长信科技): 动作=HOLD, 逻辑=BROKEN
[15:25:28] [AI] sz300303(聚飞光电): 动作=HOLD, 逻辑=BROKEN
[15:25:28] [AI] sz300162(雷曼光电): 动作=HOLD, 逻辑=VALID
[15:25:28] [AI] sh688055(龙腾光电): 动作=HOLD, 逻辑=VALID
[15:25:28] [AI] sz000725(京东方 A): 动作=HOLD, 逻辑=VALID
[15:25:28] [AI] 原始候选信号: [{'symbol': 'sz000725', 'name': '京东方A', 'score': 78, 'action': 'BUY', 'thesis': '光电显示主线最强，龙腾光电涨停不可买、雷曼光电涨幅较大不宜追高，京东方A作为容量趋势中军更适合震荡偏多环境下低吸。'}]
[15:25:28] [AI] 信号: 京东方A(sz000725) 动作=BUY 评分=78.0
[15:25:28] [风控] sz000725 单票仓位已达23.9%上限，拒绝加仓
[15:26:35] ✅ [记忆交接] AI 已加载昨日复盘。 🎯 关注作业： | 🚫 禁忌模式：半路追高, 缩量半路板, 退潮期接力
[15:26:59] [AI] 持仓分析: 6 项
[15:26:59] [AI] sh600707(彩虹股份): 动作=HOLD, 逻辑=VALID
[15:26:59] [AI] sz300088(长信科技): 动作=HOLD, 逻辑=BROKEN
[15:26:59] [AI] sz300303(聚飞光电): 动作=HOLD, 逻辑=BROKEN
[15:26:59] [AI] sz300162(雷曼光电): 动作=HOLD, 逻辑=VALID
[15:26:59] [AI] sh688055(龙腾光电): 动作=HOLD, 逻辑=VALID
[15:26:59] [AI] sz000725(京东方 A): 动作=HOLD, 逻辑=VALID
[15:26:59] [AI] 原始候选信号: [{'symbol': 'sz300162', 'name': '雷曼光电', 'score': 78, 'action': 'BUY', 'thesis': '光电/LED方向当前核心龙头之一，未涨停且辨识度最高，但需避免追高，只适合分时回落承接低吸。'}, {'symbol': 'sz000725', 'name': '京东方A', 'score': 75, 'action': 'BUY', 'thesis': '同属光电显示主线的容量趋势中军，股价低、流动性好，适合震荡偏多环境下低吸而非追涨。'}]
[15:26:59] [AI] 信号: 雷曼光电(sz300162) 动作=BUY 评分=78.0
[15:26:59] [风控] sz300162 T+1锁定，今日不可加仓
[15:26:59] [AI] 信号: 京东方A(sz000725) 动作=BUY 评分=75.0
[15:26:59] [风控] sz000725 单票仓位已达23.9%上限，拒绝加仓
[15:28:04] ✅ [记忆交接] AI 已加载昨日复盘。 🎯 关注作业： | 🚫 禁忌模式：半路追高, 缩量半路板, 退潮期接力
[15:28:33] [AI] 持仓分析: 6 项
[15:28:33] [AI] sh600707(彩虹股份): 动作=HOLD, 逻辑=VALID
[15:28:33] [AI] sz300088(长信科技): 动作=HOLD, 逻辑=BROKEN
[15:28:33] [AI] sz300303(聚飞光电): 动作=HOLD, 逻辑=BROKEN
[15:28:33] [AI] sz300162(雷曼光电): 动作=HOLD, 逻辑=VALID
[15:28:33] [AI] sh688055(龙腾光电): 动作=HOLD, 逻辑=VALID
[15:28:33] [AI] sz000725(京东方 A): 动作=HOLD, 逻辑=VALID
[15:28:33] [AI] 原始候选信号: [{'symbol': 'sz000725', 'name': '京东方A', 'score': 78, 'action': 'BUY', 'thesis': '光电显示主线的容量中军，未涨停且价格低、承接更稳，适合震荡偏多环境下低吸而非追高。'}, {'symbol': 'sz300162', 'name': '雷曼光电', 'score': 75, 'action': 'BUY', 'thesis': 'LED方向核心强势股，辨识度高于普通跟风，但涨幅较大，只适合分歧回落低吸，不能缩量追高。'}]
[15:28:33] [AI] 信号: 京东方A(sz000725) 动作=BUY 评分=78.0
[15:28:33] [风控] sz000725 单票仓位已达23.9%上限，拒绝加仓
[15:28:33] [AI] 信号: 雷曼光电(sz300162) 动作=BUY 评分=75.0
[15:28:33] [风控] sz300162 T+1锁定，今日不可加仓
[15:29:33] ✅ [记忆交接] AI 已加载昨日复盘。 🎯 关注作业： | 🚫 禁忌模式：半路追高, 缩量半路板, 退潮期接力
[15:29:53] [AI] 持仓分析: 6 项
[15:29:53] [AI] sh600707(彩虹股份): 动作=HOLD, 逻辑=VALID
[15:29:53] [AI] sz300088(长信科技): 动作=HOLD, 逻辑=BROKEN
[15:29:53] [AI] sz300303(聚飞光电): 动作=HOLD, 逻辑=BROKEN
[15:29:53] [AI] sz300162(雷曼光电): 动作=HOLD, 逻辑=VALID
[15:29:53] [AI] sh688055(龙腾光电): 动作=HOLD, 逻辑=VALID
[15:29:53] [AI] sz000725(京东方 A): 动作=HOLD, 逻辑=VALID
[15:29:53] [AI] 原始候选信号: [{'symbol': 'sz000725', 'name': '京东方A', 'score': 76, 'action': 'BUY', 'thesis': '光电显示主线下的容量中军，股价未涨停且相对低位，符合震荡偏多阶段低吸核心中军的思路。'}]
[15:29:53] [AI] 信号: 京东方A(sz000725) 动作=BUY 评分=76.0
[15:29:53] [风控] sz000725 单票仓位已达23.9%上限，拒绝加仓
[15:31:02] [交易 AI] 正在休市,等待开盘自动运行...
[15:35:40] [研究 AI] 触发节点 [收盘后深度复盘],开始调用进行工作...
[15:36:20] [研究 AI] [收盘后深度复盘] 工作完成。提示: 当前应从进攻型轮动思路切换为防守型主线筛选，保留中军与龙头，
[15:36:20] [研究 AI] 今日复盘日记已成功写入数据库。
[09:11:21] [系统] 正在启动双线程分析架构...
[09:11:21] [交易 AI] 线程已启动,间隔 90 秒 (优先级:高)。
[09:11:21] [研究 AI] 独立后台已启动,正在后台运行中... (等待触发节点)
[09:11:21] [系统] 双线程分析循环已启动 (交易 + 研究)。
[09:11:21] [交易 AI] 正在休市,等待开盘自动运行...
[09:15:22] ✅ [记忆交接] AI 已加载昨日复盘。 🎯 关注作业： | 🚫 禁忌模式：半路追高, 缩量半路板, 退潮期接力
[09:15:44] [AI] 持仓分析: 6 项
[09:15:44] [AI] sh600707(彩虹股份): 动作=HOLD, 逻辑=VALID
[09:15:44] [AI] sz300088(长信科技): 动作=SELL, 逻辑=BROKEN
[09:15:44] [AI] 逻辑破坏 sz300088,触发卖出
[09:15:44] [交易] 卖出 长信科技: 100股 @ 7.1, 盈亏=-59.00
[09:15:44] [AI] sz300303(聚飞光电): 动作=SELL, 逻辑=BROKEN
[09:15:44] [AI] 逻辑破坏 sz300303,触发卖出
[09:15:44] [交易] 卖出 聚飞光电: 100股 @ 9.92, 盈亏=-106.00
[09:15:44] [AI] sz300162(雷曼光电): 动作=SELL, 逻辑=BROKEN
[09:15:44] [AI] 逻辑破坏 sz300162,触发卖出
[09:15:44] [交易] 卖出 雷曼光电: 200股 @ 9.6, 盈亏=-90.00
[09:15:44] [AI] sh688055(龙腾光电): 动作=HOLD, 逻辑=VALID
[09:15:44] [AI] sz000725(京东方 A): 动作=HOLD, 逻辑=VALID
[09:15:44] [AI] 原始候选信号: [{'symbol': 'sz300088', 'name': '长信科技', 'action': 'SELL', 'reason': '长信科技明显弱于主线核心，亏损扩大且辨识度不足，震荡市应去弱留强。', 'risk_result': '已卖出'}, {'symbol': 'sz300303', 'name': '聚飞光电', 'action': 'SELL', 'reason': '聚飞光电虽在光电方向但走势弱于板块核心，亏损接近10%，短线逻辑已破。', 'risk_result': '已卖出'}, {'symbol': 'sz300162', 'name': '雷曼光电', 'action': 'SELL', 'reason': '雷曼光电非当前最强核心，修复力度不足，重仓状态下应降低跟风仓位。', 'risk_result': '已卖出'}, {'symbol': 'sh688055', 'name': '龙腾光电', 'score': 78, 'action': 'BUY', 'thesis': '显示面板主线内的低位容量补涨标的，未涨停且价格低，适合震荡市围绕核心主线低吸。'}, {'symbol': 'sz002962', 'name': '五方光电', 'score': 75, 'action': 'BUY', 'thesis': '光学光电方向与当前显示/OLED主线相关，股价未涨停且具备补涨弹性，但只能轻仓低吸。'}]
[09:15:44] [AI] 信号: 长信科技(sz300088) 动作=SELL 评分=0.0
[09:15:44] [AI] 信号: 长信科技 动作=SELL 评分=0.0
[09:15:44] [AI] 信号: 聚飞光电(sz300303) 动作=SELL 评分=0.0
[09:15:44] [AI] 信号: 聚飞光电 动作=SELL 评分=0.0
[09:15:44] [AI] 信号: 雷曼光电(sz300162) 动作=SELL 评分=0.0
[09:15:44] [AI] 信号: 雷曼光电 动作=SELL 评分=0.0
[09:15:44] [AI] 信号: 龙腾光电(sh688055) 动作=BUY 评分=78.0
[09:15:44] [风控] sh688055 加仓评分不足(78.0<85)
[09:15:44] [AI] 信号: 五方光电(sz002962) 动作=BUY 评分=75.0
[09:15:44] [风控] sz002962 五方光电 被拦截:涨停限制(涨停价21.66)
[09:16:05] [系统] 分析循环已停止。
[09:31:21] [系统] 正在启动双线程分析架构...
[09:31:21] [交易 AI] 线程已启动,间隔 90 秒 (优先级:高)。
[09:31:21] [研究 AI] 独立后台已启动,正在后台运行中... (等待触发节点)
[09:31:21] [系统] 双线程分析循环已启动 (交易 + 研究)。
[09:31:47] [AI] 持仓分析: 6 项
[09:31:47] [AI] sh600707(彩虹股份): 动作=SELL, 逻辑=BROKEN
[09:31:47] [AI] 逻辑破坏 sh600707,触发卖出
[09:31:47] [交易] 卖出 彩虹股份: 300股 @ 10.68, 盈亏=-225.00
[09:31:47] [AI] sh688055(龙腾光电): 动作=HOLD, 逻辑=VALID
[09:31:47] [AI] sz000725(京东方 A): 动作=HOLD, 逻辑=VALID
[09:31:47] [AI] sz300162(雷曼光电): 动作=SELL, 逻辑=BROKEN
[09:31:47] [AI] 逻辑破坏 sz300162,触发卖出
[09:31:47] [交易] 卖出 雷曼光电: 200股 @ 9.59, 盈亏=-92.00
[09:31:47] [AI] sz300303(聚飞光电): 动作=SELL, 逻辑=BROKEN
[09:31:47] [AI] 逻辑破坏 sz300303,触发卖出
[09:31:47] [交易] 卖出 聚飞光电: 100股 @ 9.68, 盈亏=-130.00
[09:31:47] [AI] sz300088(长信科技): 动作=SELL, 逻辑=BROKEN
[09:31:47] [AI] 逻辑破坏 sz300088,触发卖出
[09:31:47] [交易] 卖出 长信科技: 100股 @ 6.97, 盈亏=-72.00
[09:31:47] [AI] 原始候选信号: [{'symbol': 'sh600707', 'name': '彩虹股份', 'action': 'SELL', 'reason': '亏损已扩大至-6.6%，短线弱于市场修复节奏，需降仓控制回撤。', 'risk_result': '已卖出'}, {'symbol': 'sz300162', 'name': '雷曼光电', 'action': 'SELL', 'reason': '亏损接近-5%，且未体现主线核心强度，短线应减弱留强。', 'risk_result': '已卖出'}, {'symbol': 'sz300303', 'name': '聚飞光电', 'action': 'SELL', 'reason': '亏损达-11.8%，明显破坏短线交易假设，应优先止损释放风险。', 'risk_result': '已卖出'}, {'symbol': 'sz300088', 'name': '长信科技', 'action': 'SELL', 'reason': '亏损达-9.4%，反弹中仍弱势，短线不宜继续占用仓位。', 'risk_result': '已卖出'}, {'symbol': 'sh688317', 'name': '之江生物', 'score': 76, 'action': 'BUY', 'thesis': '医药方向有四环生物涨停作为情绪锚点，之江生物属于同板块可交易弹性标的，未涨停且价格符合预算，可作为主线低吸备选。'}, {'symbol': 'sh600713', 'name': '南京医药', 'score': 75, 'action': 'BUY', 'thesis': '同属医药方向，股价低、容量相对更适合作为板块趋势中军观察，适合震荡偏多环境下轻仓低吸，不做追高。'}]
[09:31:47] [AI] 信号: 彩虹股份(sh600707) 动作=SELL 评分=0.0
[09:31:47] [AI] 信号: 彩虹股份 动作=SELL 评分=0.0
[09:31:47] [AI] 信号: 雷曼光电(sz300162) 动作=SELL 评分=0.0
[09:31:47] [AI] 信号: 雷曼光电 动作=SELL 评分=0.0
[09:31:47] [AI] 信号: 聚飞光电(sz300303) 动作=SELL 评分=0.0
[09:31:47] [AI] 信号: 聚飞光电 动作=SELL 评分=0.0
[09:31:47] [AI] 信号: 长信科技(sz300088) 动作=SELL 评分=0.0
[09:31:47] [AI] 信号: 长信科技 动作=SELL 评分=0.0
[09:31:47] [AI] 信号: 之江生物(sh688317) 动作=BUY 评分=76.0
[09:31:47] [交易] sh688317 资金不足 (现价20.27, 动态预算392)
[09:34:43] [系统] 正在启动双线程分析架构...
[09:34:43] [交易 AI] 线程已启动,间隔 90 秒 (优先级:高)。
[09:34:43] [研究 AI] 独立后台已启动,正在后台运行中... (等待触发节点)
[09:34:43] [系统] 双线程分析循环已启动 (交易 + 研究)。
[09:35:21] [系统] 正在启动双线程分析架构...
[09:35:21] [交易 AI] 线程已启动,间隔 90 秒 (优先级:高)。
[09:35:21] [研究 AI] 独立后台已启动,正在后台运行中... (等待触发节点)
[09:35:21] [系统] 双线程分析循环已启动 (交易 + 研究)。
[09:41:13] [系统] 正在启动双线程分析架构...
[09:41:13] [交易 AI] 线程已启动,间隔 90 秒 (优先级:高)。
[09:41:13] [系统] 双线程分析循环已启动 (交易 + 研究)。
[09:41:13] [研究 AI] 独立后台已启动,正在后台运行中... (等待触发节点)
[09:41:34] [AI] 持仓分析: 2 项
[09:41:34] [AI] sh688055(龙腾光电): 动作=SELL, 逻辑=BROKEN
[09:41:34] [AI] 逻辑破坏 sh688055,触发卖出
[09:41:34] [风控] 拒绝 sh688055: [A级]今日交易4次已达上限4（市场升温）
[09:41:34] [AI] sz000725(京东方 A): 动作=SELL, 逻辑=BROKEN
[09:41:34] [AI] 逻辑破坏 sz000725,触发卖出
[09:41:34] [风控] 拒绝 sz000725: [A级]今日交易4次已达上限4（市场升温）
[09:41:34] [AI] 原始候选信号: [{'symbol': 'sh688317', 'name': '之江生物', 'score': 76, 'action': 'BUY', 'thesis': '医药方向已有四环生物涨停作为板块锚点，之江生物未涨停且价格符合预算，可作为同板块补涨/趋势容量标的观察介入。'}]
[09:41:34] [AI] 信号: 之江生物(sh688317) 动作=BUY 评分=76.0
[09:41:34] [交易] sh688317 资金不足 (现价20.62, 动态预算392)
[09:41:34] [风控] sh688317 之江生物 被拦截:资金不足,买不起 100 股
[09:43:01] [AI] 持仓分析: 2 项
[09:43:01] [AI] sh688055(龙腾光电): 动作=HOLD, 逻辑=BROKEN
[09:43:01] [AI] sz000725(京东方 A): 动作=HOLD, 逻辑=BROKEN
[09:43:01] [AI] 原始候选信号: [{'symbol': 'sh688317', 'name': '之江生物', 'score': 78, 'action': 'BUY', 'thesis': '医药方向有四环生物作为强势锚点但其已接近涨停不宜追买，之江生物作为同板块可交易标的，具备主线跟随和补涨预期。'}]
[09:43:01] [AI] 信号: 之江生物(sh688317) 动作=BUY 评分=78.0
[09:43:01] [交易] sh688317 资金不足 (现价20.4, 动态预算392)
[09:43:01] [风控] sh688317 之江生物 被拦截:资金不足,买不起 100 股
[09:44:28] [AI] 持仓分析: 2 项
[09:44:28] [AI] sh688055(龙腾光电): 动作=HOLD, 逻辑=BROKEN
[09:44:28] [AI] sz000725(京东方 A): 动作=HOLD, 逻辑=BROKEN
[09:44:28] [AI] 原始候选信号: []
[09:44:29] [系统] 分析循环已停止。
[09:44:35] [系统] 正在启动双线程分析架构...
[09:44:35] [交易 AI] 线程已启动,间隔 90 秒 (优先级:高)。
[09:44:35] [研究 AI] 独立后台已启动,正在后台运行中... (等待触发节点)
[09:44:35] [系统] 双线程分析循环已启动 (交易 + 研究)。
[09:44:40] [系统] 分析循环已停止。
[09:44:53] [AI] 持仓分析: 2 项
[09:44:53] [AI] sh688055(龙腾光电): 动作=HOLD, 逻辑=BROKEN
[09:44:53] [AI] sz000725(京东方 A): 动作=HOLD, 逻辑=BROKEN
[09:44:53] [AI] 原始候选信号: [{'symbol': 'sh688317', 'name': '之江生物', 'score': 76, 'action': 'BUY', 'thesis': '医药生物方向已有四环生物涨停打出板块强度，之江生物同板块且价格符合预算，可作为核心涨停买不到时的同主线补涨观察标的。'}]
[09:44:53] [AI] 信号: 之江生物(sh688317) 动作=BUY 评分=76.0
[09:44:53] [交易] sh688317 资金不足 (现价20.34, 动态预算392)
[09:44:53] [风控] sh688317 之江生物 被拦截:资金不足,买不起 100 股
[09:45:03] [系统] 正在启动双线程分析架构...
[09:45:03] [交易 AI] 线程已启动,间隔 90 秒 (优先级:高)。
[09:45:03] [研究 AI] 独立后台已启动,正在后台运行中... (等待触发节点)
[09:45:03] [系统] 双线程分析循环已启动 (交易 + 研究)。
[09:45:21] [AI] 持仓分析: 2 项
[09:45:21] [AI] sh688055(龙腾光电): 动作=HOLD, 逻辑=BROKEN
[09:45:21] [AI] sz000725(京东方 A): 动作=HOLD, 逻辑=BROKEN
[09:45:21] [AI] 原始候选信号: [{'symbol': 'sh688317', 'name': '之江生物', 'score': 75, 'action': 'BUY', 'thesis': '医药生物方向有四环生物涨停作为情绪锚点，之江生物属于同板块可交易标的且未涨停，适合作为主线内的低位补涨观察买点。'}]
[09:45:21] [AI] 信号: 之江生物(sh688317) 动作=BUY 评分=75.0
[09:45:21] [交易] sh688317 资金不足 (现价20.43, 动态预算392)
[09:45:21] [风控] sh688317 之江生物 被拦截:资金不足,买不起 100 股
[09:46:50] [AI] 持仓分析: 2 项
[09:46:50] [AI] sh688055(龙腾光电): 动作=HOLD, 逻辑=BROKEN
[09:46:50] [AI] sz000725(京东方 A): 动作=HOLD, 逻辑=BROKEN
[09:46:50] [AI] 原始候选信号: []
[09:48:18] [AI] 持仓分析: 2 项
[09:48:18] [AI] sh688055(龙腾光电): 动作=HOLD, 逻辑=BROKEN
[09:48:18] [AI] sz000725(京东方 A): 动作=HOLD, 逻辑=BROKEN
[09:48:18] [AI] 原始候选信号: []
[09:49:52] [AI] 持仓分析: 2 项
[09:49:52] [AI] sh688055(龙腾光电): 动作=HOLD, 逻辑=BROKEN
[09:49:52] [AI] sz000725(京东方 A): 动作=HOLD, 逻辑=BROKEN
[09:49:52] [AI] 原始候选信号: [{'symbol': 'sh688317', 'name': '之江生物', 'score': 75, 'action': 'BUY', 'thesis': '医药方向有四环生物涨停作为板块锚点，之江生物同属医药且价格符合预算，可作为同板块未涨停的补涨观察标的。'}]
[09:49:52] [AI] 信号: 之江生物(sh688317) 动作=BUY 评分=75.0
[09:49:52] [交易] sh688317 资金不足 (现价20.41, 动态预算522)
[09:49:52] [风控] sh688317 之江生物 被拦截:资金不足,买不起 100 股
[09:51:18] [AI] 持仓分析: 2 项
[09:51:18] [AI] sh688055(龙腾光电): 动作=HOLD, 逻辑=BROKEN
[09:51:18] [AI] sz000725(京东方 A): 动作=HOLD, 逻辑=BROKEN
[09:51:18] [AI] 原始候选信号: []
[09:52:47] [AI] 持仓分析: 2 项
[09:52:47] [AI] sh688055(龙腾光电): 动作=HOLD, 逻辑=BROKEN
[09:52:47] [AI] sz000725(京东方 A): 动作=HOLD, 逻辑=BROKEN
[09:52:47] [AI] 原始候选信号: []
[09:53:31] [AI] 测试日志输出
[09:53:46] [交易 AI] 直接测试日志输出
[09:54:17] [AI] 持仓分析: 2 项
[09:54:17] [AI] sh688055(龙腾光电): 动作=HOLD, 逻辑=BROKEN
[09:54:17] [AI] sz000725(京东方 A): 动作=HOLD, 逻辑=BROKEN
[09:54:17] [AI] 原始候选信号: []
[09:54:53] [系统] 分析循环已停止。
[09:54:59] [系统] 正在启动双线程分析架构...
[09:54:59] [交易 AI] 线程已启动,间隔 90 秒 (优先级:高)。
[09:54:59] [系统] 双线程分析循环已启动 (交易 + 研究)。
[09:54:59] [研究 AI] 独立后台已启动,正在后台运行中... (等待触发节点)
[09:55:15] [AI] 持仓分析: 2 项
[09:55:15] [AI] sh688055(龙腾光电): 动作=HOLD, 逻辑=BROKEN
[09:55:15] [AI] sz000725(京东方 A): 动作=HOLD, 逻辑=BROKEN
[09:55:15] [AI] 原始候选信号: []
[10:00:11] [系统] 正在启动双线程分析架构...
[10:00:11] [交易 AI] 线程已启动,间隔 90 秒 (优先级:高)。
[10:00:11] [研究 AI] 独立后台已启动,正在后台运行中... (等待触发节点)
[10:00:11] [系统] 双线程分析循环已启动 (交易 + 研究)。
[10:00:30] [AI] 持仓分析: 2 项
[10:00:30] [AI] sh688055(龙腾光电): 动作=SELL, 逻辑=BROKEN
[10:00:30] [AI] 逻辑破坏 sh688055,触发卖出
[10:00:30] [交易] 卖出 龙腾光电: 400股 @ 5.18, 盈亏=-84.00
[10:00:30] [AI] sz000725(京东方 A): 动作=SELL, 逻辑=BROKEN
[10:00:30] [AI] 逻辑破坏 sz000725,触发卖出
[10:00:30] [交易] 卖出 京东方 A: 1000股 @ 4.68, 盈亏=-10.00
[10:00:30] [AI] 原始候选信号: [{'symbol': 'sh688055', 'name': '龙腾光电', 'action': 'SELL', 'reason': '当前显示面板不在主线核心，持仓已亏损且弱于市场，应优先处理弱势仓位。', 'risk_result': '已卖出'}, {'symbol': 'sz000725', 'name': '京东方 A', 'action': 'SELL', 'reason': '虽接近成本但不属于当前高潮主线核心，资金效率偏低，短线应切换或降低非主线仓位。', 'risk_result': '已卖出'}]
[10:00:30] [AI] 信号: 龙腾光电(sh688055) 动作=SELL 评分=0.0
[10:00:30] [AI] 信号: 龙腾光电 动作=SELL 评分=0.0
[10:00:30] [AI] 信号: 京东方 A(sz000725) 动作=SELL 评分=0.0
[10:00:30] [AI] 信号: 京东方 A 动作=SELL 评分=0.0
[10:01:55] [AI] 持仓分析: 0 项
[10:01:55] [AI] 原始候选信号: []
[10:03:22] [AI] 持仓分析: 0 项
[10:03:22] [AI] 原始候选信号: []
[10:04:53] [系统] 正在启动双线程分析架构...
[10:04:53] [交易 AI] 线程已启动,间隔 90 秒 (优先级:高)。
[10:04:53] [研究 AI] 独立后台已启动,正在后台运行中... (等待触发节点)
[10:04:53] [系统] 双线程分析循环已启动 (交易 + 研究)。
[10:04:55] ✅ [记忆交接] AI 已加载昨日复盘。 🎯 关注作业： | 🚫 禁忌模式：半路追高, 缩量半路板, 退潮期接力
[10:05:09] [AI] 持仓分析: 0 项
[10:05:09] [AI] 原始候选信号: [{'symbol': 'sh688317', 'name': '之江生物', 'score': 75, 'action': 'BUY', 'thesis': '医药方向有四环生物涨停作强度锚点，但四环生物已涨停不可买，之江生物作为同板块可交易标的可小仓参与主线补涨。'}]
[10:05:09] [AI] 信号: 之江生物(sh688317) 动作=BUY 评分=75.0
[10:05:09] [交易] sh688317 资金不足 (现价20.9, 动态预算604)
[10:05:09] [风控] sh688317 之江生物 被拦截:资金不足,买不起 100 股
[10:06:25] ✅ [记忆交接] AI 已加载昨日复盘。 🎯 关注作业： | 🚫 禁忌模式：半路追高, 缩量半路板, 退潮期接力
[10:06:35] [AI] 持仓分析: 0 项
[10:06:35] [AI] 原始候选信号: []
[10:07:54] ✅ [记忆交接] AI 已加载昨日复盘。 🎯 关注作业： | 🚫 禁忌模式：半路追高, 缩量半路板, 退潮期接力
[10:08:06] [AI] 持仓分析: 0 项
[10:08:06] [AI] 原始候选信号: []
[10:09:24] ✅ [记忆交接] AI 已加载昨日复盘。 🎯 关注作业： | 🚫 禁忌模式：半路追高, 缩量半路板, 退潮期接力
[10:09:34] [AI] 持仓分析: 0 项
[10:09:34] [AI] 原始候选信号: []
[10:10:54] ✅ [记忆交接] AI 已加载昨日复盘。 🎯 关注作业： | 🚫 禁忌模式：半路追高, 缩量半路板, 退潮期接力
[10:11:09] [AI] 持仓分析: 0 项
[10:11:09] [AI] 原始候选信号: [{'symbol': 'sz300174', 'name': '元力股份', 'score': 78, 'action': 'BUY', 'thesis': '同属创业板泛材料方向，契合四方达等20cm材料主线扩散，未触及涨停且价格符合预算，可作为核心主线内的弹性补涨观察参与。'}, {'symbol': 'sh601677', 'name': '明泰铝业', 'score': 75, 'action': 'BUY', 'thesis': '资源/有色材料方向容量更大，适合作为高潮期主线中的趋势中军候选，若量价保持健康可小仓跟随。'}]
[10:11:09] [AI] 信号: 元力股份(sz300174) 动作=BUY 评分=78.0
[10:11:09] [交易] sz300174 资金不足 (现价21.72, 动态预算806)
[10:11:09] [风控] sz300174 元力股份 被拦截:资金不足,买不起 100 股
[10:11:09] [AI] 信号: 明泰铝业(sh601677) 动作=BUY 评分=75.0
[10:11:09] [交易] sh601677 资金不足 (现价19.43, 动态预算806)
[10:11:09] [风控] sh601677 明泰铝业 被拦截:资金不足,买不起 100 股
[10:11:09] [关注] 自动加入 明泰铝业(sh601677) 到观察池
[10:12:23] ✅ [记忆交接] AI 已加载昨日复盘。 🎯 关注作业： | 🚫 禁忌模式：半路追高, 缩量半路板, 退潮期接力
[10:12:34] [AI] 持仓分析: 0 项
[10:12:34] [AI] 原始候选信号: []
[10:13:52] ✅ [记忆交接] AI 已加载昨日复盘。 🎯 关注作业： | 🚫 禁忌模式：半路追高, 缩量半路板, 退潮期接力
[10:14:05] [AI] 持仓分析: 0 项
[10:14:05] [AI] 原始候选信号: []
[10:15:22] ✅ [记忆交接] AI 已加载昨日复盘。 🎯 关注作业： | 🚫 禁忌模式：半路追高, 缩量半路板, 退潮期接力
[10:15:32] [AI] 持仓分析: 0 项
[10:15:32] [AI] 原始候选信号: []
[10:16:51] ✅ [记忆交接] AI 已加载昨日复盘。 🎯 关注作业： | 🚫 禁忌模式：半路追高, 缩量半路板, 退潮期接力
[10:17:02] [AI] 持仓分析: 0 项
[10:17:02] [AI] 原始候选信号: []
[10:18:21] ✅ [记忆交接] AI 已加载昨日复盘。 🎯 关注作业： | 🚫 禁忌模式：半路追高, 缩量半路板, 退潮期接力
[10:18:28] [AI] 持仓分析: 0 项
[10:18:28] [AI] 原始候选信号: []
[10:19:51] ✅ [记忆交接] AI 已加载昨日复盘。 🎯 关注作业： | 🚫 禁忌模式：半路追高, 缩量半路板, 退潮期接力
[10:20:02] [AI] 持仓分析: 0 项
[10:20:02] [AI] 原始候选信号: []
[10:21:20] ✅ [记忆交接] AI 已加载昨日复盘。 🎯 关注作业： | 🚫 禁忌模式：半路追高, 缩量半路板, 退潮期接力
[10:21:36] [AI] 持仓分析: 0 项
[10:21:36] [AI] 原始候选信号: []
[10:22:50] ✅ [记忆交接] AI 已加载昨日复盘。 🎯 关注作业： | 🚫 禁忌模式：半路追高, 缩量半路板, 退潮期接力
[10:23:05] [AI] 持仓分析: 0 项
[10:23:05] [AI] 原始候选信号: [{'symbol': 'sz300410', 'name': '正业科技', 'score': 82, 'action': 'BUY', 'thesis': '对标天承科技等PCB/电子材料方向强势锚点，属于同主线可交易弹性标的，若未封涨停且量价健康可参与。'}, {'symbol': 'sh688079', 'name': '美迪凯', 'score': 78, 'action': 'BUY', 'thesis': '半导体光学方向与美芯晟等科技线共振，科创板弹性较好，适合作为科技主线的次优容量补涨选择。'}]
[10:23:05] [AI] 信号: 正业科技(sz300410) 动作=BUY 评分=82.0
[10:23:05] [交易] 买入 正业科技: 100股 @ 11.04
[10:23:05] [AI] 信号: 美迪凯(sh688079) 动作=BUY 评分=78.0
[10:23:05] [交易] sh688079 资金不足 (现价23.07, 动态预算380)
[10:23:05] [风控] sh688079 美迪凯 被拦截:资金不足,买不起 100 股
[10:24:19] ✅ [记忆交接] AI 已加载昨日复盘。 🎯 关注作业： | 🚫 禁忌模式：半路追高, 缩量半路板, 退潮期接力
[10:24:33] [AI] 持仓分析: 1 项
[10:24:33] [AI] sz300410(正业科技): 动作=HOLD, 逻辑=VALID
[10:24:33] [AI] 原始候选信号: []
[10:25:49] ✅ [记忆交接] AI 已加载昨日复盘。 🎯 关注作业： | 🚫 禁忌模式：半路追高, 缩量半路板, 退潮期接力
[10:26:05] [AI] 持仓分析: 1 项
[10:26:05] [AI] sz300410(正业科技): 动作=HOLD, 逻辑=VALID
[10:26:05] [AI] 原始候选信号: [{'symbol': 'sz300410', 'name': '正业科技', 'score': 78, 'action': 'BUY', 'thesis': '属于创业板方向可交易标的，贴近当前20cm高弹性主线，未触发涨停不买限制，适合轻仓围绕已有持仓做主线跟随。'}, {'symbol': 'sh688317', 'name': '之江生物', 'score': 75, 'action': 'BUY', 'thesis': '医药方向已有四环生物打出强度但涨停不可买，之江生物作为同板块可交易标的具备补涨预期，需控制仓位。'}]
[10:26:05] [AI] 信号: 正业科技(sz300410) 动作=BUY 评分=78.0
[10:26:05] [风控] sz300410 T+1锁定，今日不可加仓
[10:26:05] [AI] 信号: 之江生物(sh688317) 动作=BUY 评分=75.0
[10:26:05] [交易] sh688317 资金不足 (现价20.75, 动态预算380)
[10:26:05] [风控] sh688317 之江生物 被拦截:资金不足,买不起 100 股
[10:27:18] ✅ [记忆交接] AI 已加载昨日复盘。 🎯 关注作业： | 🚫 禁忌模式：半路追高, 缩量半路板, 退潮期接力
[10:27:32] [AI] 持仓分析: 1 项
[10:27:32] [AI] sz300410(正业科技): 动作=HOLD, 逻辑=VALID
[10:27:32] [AI] 原始候选信号: [{'symbol': 'sh688079', 'name': '美迪凯', 'score': 78, 'action': 'BUY', 'thesis': '科创硬科技方向，属性贴近半导体/光学主线，若未涨停且量价健康，可作为同主线容量补涨参与。'}]
[10:27:32] [AI] 信号: 美迪凯(sh688079) 动作=BUY 评分=78.0
[10:27:32] [交易] sh688079 资金不足 (现价23.06, 动态预算380)
[10:27:32] [风控] sh688079 美迪凯 被拦截:资金不足,买不起 100 股
[10:28:47] ✅ [记忆交接] AI 已加载昨日复盘。 🎯 关注作业： | 🚫 禁忌模式：半路追高, 缩量半路板, 退潮期接力
[10:29:03] [AI] 持仓分析: 1 项
[10:29:03] [AI] sz300410(正业科技): 动作=HOLD, 逻辑=VALID
[10:29:03] [AI] 原始候选信号: []
[10:51:37] [系统] 正在启动双线程分析架构...
[10:51:37] [交易 AI] 线程已启动,间隔 90 秒 (优先级:高)。
[10:51:37] [研究 AI] 独立后台已启动,正在后台运行中... (等待触发节点)
[10:51:37] [系统] 双线程分析循环已启动 (交易 + 研究)。
[10:51:55] [AI] 持仓分析: 1 项
[10:51:55] [AI] sz300410(正业科技): 动作=HOLD, 逻辑=VALID
[10:51:55] [AI] 原始候选信号: []
[10:51:57] [系统] 分析循环已停止。
[10:52:04] [系统] 正在启动双线程分析架构...
[10:52:04] [交易 AI] 线程已启动,间隔 90 秒 (优先级:高)。
[10:52:04] [系统] 双线程分析循环已启动 (交易 + 研究)。
[10:52:04] [研究 AI] 独立后台已启动,正在后台运行中... (等待触发节点)
[10:52:08] [系统] 分析循环已停止。
[10:52:23] [AI] 持仓分析: 1 项
[10:52:23] [AI] sz300410(正业科技): 动作=HOLD, 逻辑=VALID
[10:52:23] [AI] 原始候选信号: [{'symbol': 'sz300410', 'name': '正业科技', 'score': 78, 'action': 'BUY', 'thesis': '同属硬科技/电子装备方向，可承接天承科技、四方达等高强度锚点的主线外溢，且未触及单票预算上限。'}, {'symbol': 'sh688317', 'name': '之江生物', 'score': 75, 'action': 'BUY', 'thesis': '医药方向有四环生物涨停作为情绪锚点，之江生物作为同板块科创容量标的可观察低吸参与，避免追涨停核心。'}]
[10:52:23] [AI] 信号: 正业科技(sz300410) 动作=BUY 评分=78.0
[10:52:23] [风控] sz300410 T+1锁定，今日不可加仓
[10:52:23] [AI] 信号: 之江生物(sh688317) 动作=BUY 评分=75.0
[10:52:23] [交易] sh688317 资金不足 (现价20.46, 动态预算760)
[10:52:23] [风控] sh688317 之江生物 被拦截:资金不足,买不起 100 股
[10:55:16] [系统] 正在启动双线程分析架构...
[10:55:16] [交易 AI] 线程已启动,间隔 90 秒 (优先级:高)。
[10:55:16] [研究 AI] 独立后台已启动,正在后台运行中... (等待触发节点)
[10:55:16] [系统] 双线程分析循环已启动 (交易 + 研究)。
[10:55:18] ✅ [记忆交接] AI 已加载昨日复盘。 🎯 关注作业： | 🚫 禁忌模式：半路追高, 缩量半路板, 退潮期接力
[10:55:33] [AI] 持仓分析: 1 项
[10:55:33] [AI] sz300410(正业科技): 动作=HOLD, 逻辑=VALID
[10:55:33] [AI] 原始候选信号: [{'symbol': 'sz300410', 'name': '正业科技', 'score': 78, 'action': 'BUY', 'thesis': '对应创业板强势方向，价格在预算内且未提示涨停，若量价继续健康可作为同主线可交易弹性标的低仓参与。'}]
[10:55:33] [AI] 信号: 正业科技(sz300410) 动作=BUY 评分=78.0
[10:55:33] [风控] sz300410 T+1锁定，今日不可加仓
[10:56:52] ✅ [记忆交接] AI 已加载昨日复盘。 🎯 关注作业： | 🚫 禁忌模式：半路追高, 缩量半路板, 退潮期接力
[10:57:06] [AI] 持仓分析: 1 项
[10:57:06] [AI] sz300410(正业科技): 动作=HOLD, 逻辑=VALID
[10:57:06] [AI] 原始候选信号: []
[10:58:16] ✅ [记忆交接] AI 已加载昨日复盘。 🎯 关注作业： | 🚫 禁忌模式：半路追高, 缩量半路板, 退潮期接力
[10:58:32] [AI] 持仓分析: 1 项
[10:58:32] [AI] sz300410(正业科技): 动作=HOLD, 逻辑=VALID
[10:58:32] [AI] 原始候选信号: [{'symbol': 'sz300410', 'name': '正业科技', 'score': 78, 'action': 'BUY', 'thesis': '同属硬科技/PCB链条，受天承科技等高强度锚点带动，当前未提示涨停且价格符合预算，可作为主线内低位弹性标的小仓跟随。'}]
[10:58:32] [AI] 信号: 正业科技(sz300410) 动作=BUY 评分=78.0
[10:58:32] [风控] sz300410 T+1锁定，今日不可加仓
[10:59:46] ✅ [记忆交接] AI 已加载昨日复盘。 🎯 关注作业： | 🚫 禁忌模式：半路追高, 缩量半路板, 退潮期接力
[11:00:02] [AI] 持仓分析: 1 项
[11:00:02] [AI] sz300410(正业科技): 动作=HOLD, 逻辑=VALID
[11:00:02] [AI] 原始候选信号: [{'symbol': 'sz300410', 'name': '正业科技', 'score': 78, 'action': 'BUY', 'thesis': '创业板科技方向与盘面20cm强势锚点共振，个股已在可交易池且具备主线辨识度，但需避免缩量追高，分时放量承接有效才考虑。'}]
[11:00:02] [AI] 信号: 正业科技(sz300410) 动作=BUY 评分=78.0
[11:00:02] [风控] sz300410 T+1锁定，今日不可加仓
[11:01:15] ✅ [记忆交接] AI 已加载昨日复盘。 🎯 关注作业： | 🚫 禁忌模式：半路追高, 缩量半路板, 退潮期接力
[11:01:31] [AI] 持仓分析: 1 项
[11:01:31] [AI] sz300410(正业科技): 动作=HOLD, 逻辑=VALID
[11:01:31] [AI] 原始候选信号: [{'symbol': 'sz300410', 'name': '正业科技', 'score': 78, 'action': 'BUY', 'thesis': '同属当前创业板强势方向，受天承科技等高强度锚点带动，若未涨停且量价继续健康，可作为同主线弹性补涨观察。'}]
[11:01:31] [AI] 信号: 正业科技(sz300410) 动作=BUY 评分=78.0
[11:01:31] [风控] sz300410 T+1锁定，今日不可加仓
[11:02:45] ✅ [记忆交接] AI 已加载昨日复盘。 🎯 关注作业： | 🚫 禁忌模式：半路追高, 缩量半路板, 退潮期接力
[11:02:58] [AI] 持仓分析: 1 项
[11:02:58] [AI] sz300410(正业科技): 动作=HOLD, 逻辑=VALID
[11:02:58] [AI] 原始候选信号: []
[11:04:35] [系统] 正在启动双线程分析架构...
[11:04:35] [交易 AI] 线程已启动,间隔 90 秒 (优先级:高)。
[11:04:35] [研究 AI] 独立后台已启动,正在后台运行中... (等待触发节点)
[11:04:35] [系统] 双线程分析循环已启动 (交易 + 研究)。
[11:04:37] ✅ [记忆交接] AI 已加载昨日复盘。 🎯 关注作业： | 🚫 禁忌模式：半路追高, 缩量半路板, 退潮期接力
[11:04:50] [AI] 持仓分析: 1 项
[11:04:50] [AI] sz300410(正业科技): 动作=HOLD, 逻辑=VALID
[11:04:50] [AI] 原始候选信号: []
[11:06:07] ✅ [记忆交接] AI 已加载昨日复盘。 🎯 关注作业： | 🚫 禁忌模式：半路追高, 缩量半路板, 退潮期接力
[11:06:28] [AI] 持仓分析: 1 项
[11:06:28] [AI] sz300410(正业科技): 动作=HOLD, 逻辑=BROKEN
[11:06:28] [AI] 原始候选信号: [{'symbol': 'sh688317', 'name': '之江生物', 'score': 78, 'action': 'BUY', 'thesis': '医药方向有四环生物作为涨停锚点但其已涨停不可买，之江生物属于同板块可交易容量标的，适合作为主线内的趋势中军备选。'}]
[11:06:28] [AI] 信号: 之江生物(sh688317) 动作=BUY 评分=78.0
[11:06:28] [交易] sh688317 资金不足 (现价20.54, 动态预算380)
[11:06:28] [风控] sh688317 之江生物 被拦截:资金不足,买不起 100 股
[11:07:37] ✅ [记忆交接] AI 已加载昨日复盘。 🎯 关注作业： | 🚫 禁忌模式：半路追高, 缩量半路板, 退潮期接力
[11:07:59] [AI] 持仓分析: 1 项
[11:07:59] [AI] sz300410(正业科技): 动作=HOLD, 逻辑=VALID
[11:07:59] [AI] 原始候选信号: [{'symbol': 'sh688207', 'name': '格灵深瞳', 'score': 82, 'action': 'BUY', 'thesis': '科技/AI方向与索辰科技等高强度锚点同属主线，未显示涨停且价格符合预算，可作为同板块容量趋势中军低仓参与。'}]
[11:07:59] [AI] 信号: 格灵深瞳(sh688207) 动作=BUY 评分=82.0
[11:07:59] [交易] sh688207 资金不足 (现价18.7, 动态预算814)
[11:07:59] [风控] sh688207 格灵深瞳 被拦截:资金不足,买不起 100 股
[11:07:59] [关注] 自动加入 格灵深瞳(sh688207) 到观察池
[11:09:06] ✅ [记忆交接] AI 已加载昨日复盘。 🎯 关注作业： | 🚫 禁忌模式：半路追高, 缩量半路板, 退潮期接力
[11:09:22] [AI] 持仓分析: 1 项
[11:09:22] [AI] sz300410(正业科技): 动作=HOLD, 逻辑=VALID
[11:09:22] [AI] 原始候选信号: [{'symbol': 'sh688317', 'name': '之江生物', 'score': 75, 'action': 'BUY', 'thesis': '医药方向有四环生物涨停锚定主线强度，四环生物已涨停不能买，之江生物作为同板块可交易标的可作为低位补涨观察，但仅适合分歧低吸不追高。'}]
[11:09:22] [AI] 信号: 之江生物(sh688317) 动作=BUY 评分=75.0
[11:09:22] [交易] sh688317 资金不足 (现价20.53, 动态预算380)
[11:09:22] [风控] sh688317 之江生物 被拦截:资金不足,买不起 100 股
[11:10:36] ✅ [记忆交接] AI 已加载昨日复盘。 🎯 关注作业： | 🚫 禁忌模式：半路追高, 缩量半路板, 退潮期接力
[11:10:58] [AI] 持仓分析: 1 项
[11:10:58] [AI] sz300410(正业科技): 动作=HOLD, 逻辑=VALID
[11:10:58] [AI] 原始候选信号: [{'symbol': 'sh688207', 'name': '格灵深瞳', 'score': 78, 'action': 'BUY', 'thesis': 'AI视觉方向与索辰科技、达实智能所代表的智能科技主线相关，价格符合预算，若未涨停且量价健康，可作为主线容量弹性标的参与。'}, {'symbol': 'sh688317', 'name': '之江生物', 'score': 75, 'action': 'BUY', 'thesis': '医药方向有四环生物涨停锚定情绪，但四环生物已涨停不买，之江生物可作为同板块未涨停的科创趋势替代观察。'}]
[11:10:58] [AI] 信号: 格灵深瞳(sh688207) 动作=BUY 评分=78.0
[11:10:58] [交易] sh688207 资金不足 (现价19.16, 动态预算380)
[11:10:58] [风控] sh688207 格灵深瞳 被拦截:资金不足,买不起 100 股
[11:10:58] [AI] 信号: 之江生物(sh688317) 动作=BUY 评分=75.0
[11:10:58] [交易] sh688317 资金不足 (现价20.55, 动态预算380)
[11:10:58] [风控] sh688317 之江生物 被拦截:资金不足,买不起 100 股
[11:12:05] ✅ [记忆交接] AI 已加载昨日复盘。 🎯 关注作业： | 🚫 禁忌模式：半路追高, 缩量半路板, 退潮期接力
[11:12:19] [AI] 持仓分析: 1 项
[11:12:19] [AI] sz300410(正业科技): 动作=HOLD, 逻辑=VALID
[11:12:19] [AI] 原始候选信号: []
[11:13:35] ✅ [记忆交接] AI 已加载昨日复盘。 🎯 关注作业： | 🚫 禁忌模式：半路追高, 缩量半路板, 退潮期接力
[11:13:48] [AI] 持仓分析: 1 项
[11:13:48] [AI] sz300410(正业科技): 动作=HOLD, 逻辑=VALID
[11:13:48] [AI] 原始候选信号: []
[11:15:05] ✅ [记忆交接] AI 已加载昨日复盘。 🎯 关注作业： | 🚫 禁忌模式：半路追高, 缩量半路板, 退潮期接力
[11:15:42] [系统] 正在启动双线程分析架构...
[11:15:42] [交易 AI] 线程已启动,间隔 90 秒 (优先级:高)。
[11:15:42] [研究 AI] 独立后台已启动,正在后台运行中... (等待触发节点)
[11:15:42] [系统] 双线程分析循环已启动 (交易 + 研究)。
[11:15:43] ✅ [记忆交接] AI 已加载昨日复盘。 🎯 关注作业： | 🚫 禁忌模式：半路追高, 缩量半路板, 退潮期接力
[11:16:01] [AI] 持仓分析: 1 项
[11:16:01] [AI] sz300410(正业科技): 动作=HOLD, 逻辑=BROKEN
[11:16:01] [AI] 原始候选信号: [{'symbol': 'sh688317', 'name': '之江生物', 'score': 78, 'action': 'BUY', 'thesis': '医药方向有四环生物涨停锚定主线强度，之江生物同属医药分支且未标记涨停，可作为核心锚点外的可交易容量补涨观察。'}, {'symbol': 'sh688207', 'name': '格灵深瞳', 'score': 76, 'action': 'BUY', 'thesis': '达实智能涨停强化AI/智能化方向情绪，格灵深瞳具备科创AI辨识度，适合作为同主线趋势中军参与。'}, {'symbol': 'sz300174', 'name': '元力股份', 'score': 75, 'action': 'BUY', 'thesis': '创业板20cm龙头四方达、天承科技封板强化高弹性风格，元力股份价格符合预算且属于创业板可交易池，适合小仓试错强势延续。'}]
[11:16:01] [AI] 信号: 之江生物(sh688317) 动作=BUY 评分=78.0
[11:16:01] [交易] sh688317 资金不足 (现价20.57, 动态预算0)
[11:16:01] [风控] sh688317 之江生物 被拦截:资金不足,买不起 100 股
[11:16:01] [AI] 信号: 格灵深瞳(sh688207) 动作=BUY 评分=76.0
[11:16:01] [交易] sh688207 资金不足 (现价18.77, 动态预算0)
[11:16:01] [风控] sh688207 格灵深瞳 被拦截:资金不足,买不起 100 股
[11:16:01] [AI] 信号: 元力股份(sz300174) 动作=BUY 评分=75.0
[11:16:01] [交易] sz300174 资金不足 (现价22.27, 动态预算0)
[11:16:01] [风控] sz300174 元力股份 被拦截:资金不足,买不起 100 股
[11:17:13] ✅ [记忆交接] AI 已加载昨日复盘。 🎯 关注作业： | 🚫 禁忌模式：半路追高, 缩量半路板, 退潮期接力
[11:17:26] [AI] 持仓分析: 1 项
[11:17:26] [AI] sz300410(正业科技): 动作=HOLD, 逻辑=VALID
[11:17:26] [AI] 原始候选信号: []
[11:24:45] [系统] 正在启动双线程分析架构...
[11:24:45] [交易 AI] 线程已启动,间隔 90 秒 (优先级:高)。
[11:24:45] [研究 AI] 独立后台已启动,正在后台运行中... (等待触发节点)
[11:24:45] [系统] 双线程分析循环已启动 (交易 + 研究)。
[11:24:46] ✅ [记忆交接] AI 已加载昨日复盘。 🎯 关注作业: | 🚫 禁忌模式:半路追高, 缩量半路板, 退潮期接力
[11:24:59] [AI] 持仓分析: 1 项
[11:24:59] [AI] sz300410(正业科技): 动作=HOLD, 逻辑=BROKEN
[11:24:59] [AI] 原始候选信号: []
[11:26:16] ✅ [记忆交接] AI 已加载昨日复盘。 🎯 关注作业: | 🚫 禁忌模式:半路追高, 缩量半路板, 退潮期接力
[11:26:27] [AI] 持仓分析: 1 项
[11:26:27] [AI] sz300410(正业科技): 动作=HOLD, 逻辑=BROKEN
[11:26:27] [AI] 原始候选信号: []
[11:27:45] ✅ [记忆交接] AI 已加载昨日复盘。 🎯 关注作业: | 🚫 禁忌模式:半路追高, 缩量半路板, 退潮期接力
[11:28:07] [AI] 持仓分析: 1 项
[11:28:07] [AI] sz300410(正业科技): 动作=HOLD, 逻辑=BROKEN
[11:28:07] [AI] 原始候选信号: []
[11:28:13] [系统] 分析循环已停止。
[11:37:06] [系统] 正在启动双线程分析架构...
[11:37:06] [交易 AI] 线程已启动,间隔 90 秒 (优先级:高)。
[11:37:06] [研究 AI] 独立后台已启动,正在后台运行中... (等待触发节点)
[11:37:06] [系统] 双线程分析循环已启动 (交易 + 研究)。
[11:37:06] [交易 AI] 正在休市,等待开盘自动运行...
[11:37:06] [研究 AI] 触发节点 [上午盘后复盘],开始调用进行工作...
[11:37:38] [研究 AI] [上午盘后复盘] 工作完成。提示: 继续围绕PCB、电子材料、AI硬件链核心强势股观察，但持仓若不能在主线延续时同步放量走强，应降低后排仓位并向核心锚点切换。
[11:37:38] [研究 AI] 今日复盘日记已成功写入数据库。
[11:52:52] [交易] 买入 大唐发电: 100股 @ 6.99
[11:52:52] [风控] 拒绝 sz300410: [S级]T+1限制：今日(2026-05-22)买入不可卖出
[11:59:41] [系统] 正在启动双线程分析架构...
[11:59:41] [交易 AI] 线程已启动,间隔 90 秒 (优先级:高)。
[11:59:41] [研究 AI] 独立后台已启动,正在后台运行中... (等待触发节点)
[11:59:41] [系统] 双线程分析循环已启动 (交易 + 研究)。
[11:59:41] [交易 AI] 正在休市,等待开盘自动运行...
[11:59:41] [研究 AI] 触发节点 [上午盘后复盘],开始调用进行工作...
[12:00:12] [研究 AI] [上午盘后复盘] 工作完成。提示: 正业科技可暂按PCB/电子材料主线弹性票观察，但明日必须验证放量修复与强于板块，否则应降低仓位或止损退出。
[12:00:12] [研究 AI] 今日复盘日记已成功写入数据库。
[12:30:12] [研究 AI] 触发节点 [下午盘前策略],开始调用进行工作...
[12:30:43] [研究 AI] [下午盘前策略] 工作完成。提示: 持仓正业科技可暂按PCB/电子材料主线弹性仓观察，但明日必须以核心锚点强弱和自身量价承接为去留标准，弱于板块则减仓或止损。
[12:30:43] [研究 AI] 今日复盘日记已成功写入数据库。
[13:00:24] [系统] 正在启动双线程分析架构...
[13:00:24] [交易 AI] 线程已启动,间隔 90 秒 (优先级:高)。
[13:00:24] [研究 AI] 独立后台已启动,正在后台运行中... (等待触发节点)
[13:00:24] [系统] 双线程分析循环已启动 (交易 + 研究)。
[13:00:25] ✅ [记忆交接] AI 已加载昨日复盘。 🎯 关注作业:sh688603, sz300476, sz002463 | 🚫 禁忌模式:半路追高, 缩量半路板, 退潮期接力
[13:00:39] [AI] 持仓分析: 1 项
[13:00:39] [AI] sz300410(正业科技): 动作=HOLD, 逻辑=VALID
[13:00:39] [AI] 原始候选信号: []
[13:01:55] ✅ [记忆交接] AI 已加载昨日复盘。 🎯 关注作业:sh688603, sz300476, sz002463 | 🚫 禁忌模式:半路追高, 缩量半路板, 退潮期接力
[13:02:07] [AI] 持仓分析: 1 项
[13:02:07] [AI] sz300410(正业科技): 动作=HOLD, 逻辑=VALID
[13:02:07] [AI] 原始候选信号: []
[13:03:23] [系统] 分析循环已停止。
[13:03:25] ✅ [记忆交接] AI 已加载昨日复盘。 🎯 关注作业:sh688603, sz300476, sz002463 | 🚫 禁忌模式:半路追高, 缩量半路板, 退潮期接力
[13:03:40] [AI] 持仓分析: 1 项
[13:03:40] [AI] sz300410(正业科技): 动作=HOLD, 逻辑=VALID
[13:03:40] [AI] 原始候选信号: []
[13:08:21] [系统] 正在启动双线程分析架构...
[13:08:21] [交易 AI] 线程已启动,间隔 90 秒 (优先级:高)。
[13:08:21] [研究 AI] 独立后台已启动,正在后台运行中... (等待触发节点)
[13:08:21] [系统] 双线程分析循环已启动 (交易 + 研究)。
[13:08:22] ✅ [记忆交接] AI 已加载昨日复盘。 🎯 关注作业:sh688603, sz300476, sz002463 | 🚫 禁忌模式:半路追高, 缩量半路板, 退潮期接力
[13:08:34] [AI] ⚠️ candidates为空, stage=高潮, AI返回摘要: {
  "market_analysis": {
    "stage": "高潮",
    "trend": "市场情绪极度亢奋，资金主攻科技成长与局部医药方向，但当前更适合只做核心龙头，避免高潮期追跟风。"
  },
  "position_analysis": [
    {
      "
[13:08:34] [AI] 交易分析完成: stage=高潮, signals=0
[13:08:34] [AI] 持仓分析: 1 项
[13:08:34] [AI] sz300410(正业科技): 动作=HOLD, 逻辑=VALID
[13:08:34] [AI] 原始候选信号: []
[13:08:41] [系统] 分析循环已停止。
[13:10:19] [系统] 正在启动双线程分析架构...
[13:10:19] [交易 AI] 线程已启动,间隔 90 秒 (优先级:高)。
[13:10:19] [系统] 双线程分析循环已启动 (交易 + 研究)。
[13:10:19] [研究 AI] 独立后台已启动,正在后台运行中... (等待触发节点)
[13:10:20] ✅ [记忆交接] AI 已加载昨日复盘。 🎯 关注作业:sh688603, sz300476, sz002463 | 🚫 禁忌模式:半路追高, 缩量半路板, 退潮期接力
[13:10:31] [AI] 交易分析完成: stage=高潮, signals=0
[13:10:31] [AI] 持仓分析: 1 项
[13:10:31] [AI] sz300410(正业科技): 动作=HOLD, 逻辑=VALID
[13:10:31] [AI] 原始候选信号: []
[13:11:49] ✅ [记忆交接] AI 已加载昨日复盘。 🎯 关注作业:sh688603, sz300476, sz002463 | 🚫 禁忌模式:半路追高, 缩量半路板, 退潮期接力
[13:11:59] [AI] 交易分析完成: stage=高潮, signals=0
[13:11:59] [AI] 持仓分析: 1 项
[13:11:59] [AI] sz300410(正业科技): 动作=HOLD, 逻辑=VALID
[13:11:59] [AI] 原始候选信号: []
[13:13:41] [系统] 正在启动双线程分析架构...
[13:13:41] [交易 AI] 线程已启动,间隔 90 秒 (优先级:高)。
[13:13:41] [研究 AI] 独立后台已启动,正在后台运行中... (等待触发节点)
[13:13:41] [系统] 双线程分析循环已启动 (交易 + 研究)。
[13:13:57] ✅ [记忆交接] AI 已加载昨日复盘。 🎯 关注作业:sh688603, sz300476, sz002463 | 🚫 禁忌模式:半路追高, 缩量半路板, 退潮期接力
[13:14:12] [AI调试] candidates为空 | stage=高潮 | 第二层候选池=有 | max_price=28.8元 | cash=18100
[13:14:12] [AI调试] AI返回reasoning: 市场情绪极度亢奋，涨停潮扩散，但高潮期只适合聚焦核心龙头，非核心跟风不追。
[13:14:12] [AI] 交易分析完成: stage=高潮, signals=0
[13:14:12] [AI] 持仓分析: 1 项
[13:14:12] [AI] sz300410(正业科技): 动作=HOLD, 逻辑=VALID
[13:14:12] [AI] 原始候选信号: []
[13:15:12] ✅ [记忆交接] AI 已加载昨日复盘。 🎯 关注作业:sh688603, sz300476, sz002463 | 🚫 禁忌模式:半路追高, 缩量半路板, 退潮期接力
[13:15:52] [AI调试] candidates为空 | stage=高潮 | 第二层候选池=有 | max_price=28.8元 | cash=18100
[13:15:52] [AI调试] AI返回reasoning: 涨停142只且无跌停，情绪极度亢奋，资金主攻科技成长/PCB及医药等高辨识度方向，但高潮期只适合核心龙头，严禁追杂毛。
[13:15:52] [AI] 交易分析完成: stage=高潮, signals=0
[13:15:52] [AI] 持仓分析: 1 项
[13:15:52] [AI] sz300410(正业科技): 动作=HOLD, 逻辑=VALID
[13:15:52] [AI] 原始候选信号: []
[13:16:41] ✅ [记忆交接] AI 已加载昨日复盘。 🎯 关注作业:sh688603, sz300476, sz002463 | 🚫 禁忌模式:半路追高, 缩量半路板, 退潮期接力
[13:16:56] [AI调试] candidates为空 | stage=高潮 | 第二层候选池=有 | max_price=28.8元 | cash=18100
[13:16:56] [AI调试] AI返回reasoning: 市场情绪极热，资金主攻科技成长/PCB硬件链及局部医药低价方向，但高潮期追高风险显著。
[13:16:56] [AI] 交易分析完成: stage=高潮, signals=0
[13:16:56] [AI] 持仓分析: 1 项
[13:16:56] [AI] sz300410(正业科技): 动作=HOLD, 逻辑=VALID
[13:16:56] [AI] 原始候选信号: []
[13:18:12] ✅ [记忆交接] AI 已加载昨日复盘。 🎯 关注作业:sh688603, sz300476, sz002463 | 🚫 禁忌模式:半路追高, 缩量半路板, 退潮期接力
[13:18:24] [AI调试] candidates为空 | stage=高潮 | 第二层候选池=有 | max_price=28.8元 | cash=18100
[13:18:24] [AI调试] AI返回reasoning: 市场情绪极热，资金主攻科技成长/PCB新材料及局部医药，但高潮期只适合核心龙头，需避免跟风追高。
[13:18:24] [AI] 交易分析完成: stage=高潮, signals=0
[13:18:24] [AI] 持仓分析: 1 项
[13:18:24] [AI] sz300410(正业科技): 动作=HOLD, 逻辑=VALID
[13:18:24] [AI] 原始候选信号: []
[13:19:41] ✅ [记忆交接] AI 已加载昨日复盘。 🎯 关注作业:sh688603, sz300476, sz002463 | 🚫 禁忌模式:半路追高, 缩量半路板, 退潮期接力
[13:19:54] [AI调试] candidates为空 | stage=高潮 | 第二层候选池=有 | max_price=28.8元 | cash=18100
[13:19:54] [AI调试] AI返回reasoning: 市场普涨高潮，资金主攻科技成长/PCB硬件链并扩散到医药资源，但当前不适合追非核心跟风。
[13:19:54] [AI] 交易分析完成: stage=高潮, signals=0
[13:19:54] [AI] 持仓分析: 1 项
[13:19:54] [AI] sz300410(正业科技): 动作=HOLD, 逻辑=VALID
[13:19:54] [AI] 原始候选信号: []
[13:21:10] ✅ [记忆交接] AI 已加载昨日复盘。 🎯 关注作业:sh688603, sz300476, sz002463 | 🚫 禁忌模式:半路追高, 缩量半路板, 退潮期接力
[13:21:22] [AI调试] candidates为空 | stage=高潮 | 第二层候选池=有 | max_price=28.8元 | cash=18100
[13:21:22] [AI调试] AI返回reasoning: 市场情绪极热，资金主攻科技硬件/PCB方向并扩散至局部医药，但涨停过多不适合追高。
[13:21:22] [AI] 交易分析完成: stage=高潮, signals=0
[13:21:22] [AI] 持仓分析: 1 项
[13:21:22] [AI] sz300410(正业科技): 动作=HOLD, 逻辑=VALID
[13:21:22] [AI] 原始候选信号: []
[13:22:27] [系统] 正在启动双线程分析架构...
[13:22:27] [交易 AI] 线程已启动,间隔 90 秒 (优先级:高)。
[13:22:27] [研究 AI] 独立后台已启动,正在后台运行中... (等待触发节点)
[13:22:27] [系统] 双线程分析循环已启动 (交易 + 研究)。
[13:22:28] ✅ [记忆交接] AI 已加载昨日复盘。 🎯 关注作业:sh688603, sz300476, sz002463 | 🚫 禁忌模式:半路追高, 缩量半路板, 退潮期接力
[13:22:45] [AI] 交易分析完成: stage=高潮, signals=1
[13:22:45] [AI] 持仓分析: 1 项
[13:22:45] [AI] sz300410(正业科技): 动作=HOLD, 逻辑=VALID
[13:22:45] [AI] 原始候选信号: [{'symbol': 'sh688010', 'name': '福光股份', 'score': 72, 'action': 'BUY', 'thesis': '第二层中可交易且未涨停的科技硬件弹性标的，贴近当前20cm科技成长氛围，可作为非核心小仓试错，但需避免分时缩量急拉追高。'}]
[13:22:45] [AI] 信号: 福光股份(sh688010) 动作=BUY 评分=72.0
[13:22:45] [风控] 拒绝 sh688010: [A级]单只超限：24% > 普通上限15%
[13:22:45] [风控] sh688010 福光股份 被拦截:[A级]单只超限：24% > 普通上限15%
[13:22:45] [关注] 自动加入 福光股份(sh688010) 到观察池
[13:23:58] ✅ [记忆交接] AI 已加载昨日复盘。 🎯 关注作业:sh688603, sz300476, sz002463 | 🚫 禁忌模式:半路追高, 缩量半路板, 退潮期接力
[13:24:13] [AI] 交易分析完成: stage=高潮, signals=1
[13:24:13] [AI] 持仓分析: 1 项
[13:24:13] [AI] sz300410(正业科技): 动作=HOLD, 逻辑=VALID
[13:24:13] [AI] 原始候选信号: [{'symbol': 'sh601899', 'name': '紫金矿业', 'score': 72, 'action': 'BUY', 'thesis': '第二层无可买的同主线绝对龙头且四环生物已涨停不追，紫金矿业作为资源方向容量趋势中军，适合高潮期小仓低风险试错。'}]
[13:24:13] [AI] 信号: 紫金矿业(sh601899) 动作=BUY 评分=72.0
[13:24:13] [风控] 拒绝 sh601899: [A级]单只超限：16% > 普通上限15%
[13:24:13] [风控] sh601899 紫金矿业 被拦截:[A级]单只超限：16% > 普通上限15%
[13:24:13] [关注] 自动加入 紫金矿业(sh601899) 到观察池
[13:25:28] ✅ [记忆交接] AI 已加载昨日复盘。 🎯 关注作业:sh688603, sz300476, sz002463 | 🚫 禁忌模式:半路追高, 缩量半路板, 退潮期接力
[13:25:44] [AI] 交易分析完成: stage=高潮, signals=1
[13:25:44] [AI] 持仓分析: 1 项
[13:25:44] [AI] sz300410(正业科技): 动作=HOLD, 逻辑=VALID
[13:25:44] [AI] 原始候选信号: [{'symbol': 'sz300243', 'name': '瑞丰高材', 'score': 72, 'action': 'BUY', 'thesis': '可交易池中利和兴已20cm涨停不能买，瑞丰高材作为材料方向弹性标的具备小仓试错价值，但非绝对龙头，需控制仓位并避免追高。'}]
[13:25:44] [AI] 信号: 瑞丰高材(sz300243) 动作=BUY 评分=72.0
[13:25:44] [风控] sz300243 瑞丰高材 被拦截:涨停限制(涨停价20.87)
[13:25:44] [关注] 自动加入 瑞丰高材(sz300243) 到观察池
[13:26:58] ✅ [记忆交接] AI 已加载昨日复盘。 🎯 关注作业:sh688603, sz300476, sz002463 | 🚫 禁忌模式:半路追高, 缩量半路板, 退潮期接力
[13:27:13] [AI] 交易分析完成: stage=高潮, signals=1
[13:27:13] [AI] 持仓分析: 1 项
[13:27:13] [AI] sz300410(正业科技): 动作=HOLD, 逻辑=VALID
[13:27:13] [AI] 原始候选信号: [{'symbol': 'sz300243', 'name': '瑞丰高材', 'score': 72, 'action': 'BUY', 'thesis': '新材料方向与电子化学品主线有一定扩散关联，价格符合预算，非涨停状态下可作为高潮期非核心小仓试错。'}]
[13:27:13] [AI] 信号: 瑞丰高材(sz300243) 动作=BUY 评分=72.0
[13:27:13] [风控] sz300243 瑞丰高材 被拦截:涨停限制(涨停价20.87)
[13:28:12] [系统] 正在启动双线程分析架构...
[13:28:12] [交易 AI] 线程已启动,间隔 90 秒 (优先级:高)。
[13:28:12] [研究 AI] 独立后台已启动,正在后台运行中... (等待触发节点)
[13:28:12] [系统] 双线程分析循环已启动 (交易 + 研究)。
[13:28:13] ✅ [记忆交接] AI 已加载昨日复盘。 🎯 关注作业:sh688603, sz300476, sz002463 | 🚫 禁忌模式:半路追高, 缩量半路板, 退潮期接力
[13:28:28] [AI] 交易分析完成: stage=高潮, signals=1
[13:28:28] [AI] 持仓分析: 1 项
[13:28:28] [AI] sz300410(正业科技): 动作=HOLD, 逻辑=VALID
[13:28:28] [AI] 原始候选信号: [{'symbol': 'sh601899', 'name': '紫金矿业', 'score': 72, 'action': 'BUY', 'thesis': '高潮行情下不追已涨停龙头，紫金矿业作为资源方向容量中军，流动性好、趋势承接相对稳健，适合小仓试错。'}]
[13:28:28] [AI] 信号: 紫金矿业(sh601899) 动作=BUY 评分=72.0
[13:28:28] [风控] 拒绝 sh601899: [A级]单只超限：16% > 普通上限15%
[13:28:28] [风控] sh601899 紫金矿业 被拦截:[A级]单只超限：16% > 普通上限15%
[13:29:43] ✅ [记忆交接] AI 已加载昨日复盘。 🎯 关注作业:sh688603, sz300476, sz002463 | 🚫 禁忌模式:半路追高, 缩量半路板, 退潮期接力
[13:29:57] [AI] 交易分析完成: stage=高潮, signals=1
[13:29:57] [AI] 持仓分析: 1 项
[13:29:57] [AI] sz300410(正业科技): 动作=HOLD, 逻辑=VALID
[13:29:57] [AI] 原始候选信号: [{'symbol': 'sh688010', 'name': '福光股份', 'score': 72, 'action': 'BUY', 'thesis': '核心龙头利和兴、四方达已涨停不买，福光股份作为科技硬件方向可交易标的，价格符合预算，适合小仓试错。'}]
[13:29:57] [AI] 信号: 福光股份(sh688010) 动作=BUY 评分=72.0
[13:29:57] [风控] 拒绝 sh688010: [A级]单只超限：24% > 普通上限15%
[13:29:57] [风控] sh688010 福光股份 被拦截:[A级]单只超限：24% > 普通上限15%
[13:31:12] ✅ [记忆交接] AI 已加载昨日复盘。 🎯 关注作业:sh688603, sz300476, sz002463 | 🚫 禁忌模式:半路追高, 缩量半路板, 退潮期接力
[13:31:28] [AI] 交易分析完成: stage=高潮, signals=1
[13:31:28] [AI] 持仓分析: 1 项
[13:31:28] [AI] sz300410(正业科技): 动作=HOLD, 逻辑=VALID
[13:31:28] [AI] 原始候选信号: [{'symbol': 'sz300174', 'name': '元力股份', 'score': 72, 'action': 'BUY', 'thesis': '核心龙头利和兴、四方达已涨停不买，元力股份作为可交易池内相对偏成长材料方向的非涨停标的，可小仓试错，严格控制追高。'}]
[13:31:28] [AI] 信号: 元力股份(sz300174) 动作=BUY 评分=72.0
[13:31:28] [风控] sz300174 元力股份 被拦截:涨停限制(涨停价22.92)
[13:32:42] ✅ [记忆交接] AI 已加载昨日复盘。 🎯 关注作业:sh688603, sz300476, sz002463 | 🚫 禁忌模式:半路追高, 缩量半路板, 退潮期接力
[13:32:57] [AI] 交易分析完成: stage=高潮, signals=1
[13:32:57] [AI] 持仓分析: 1 项
[13:32:57] [AI] sz300410(正业科技): 动作=HOLD, 逻辑=VALID
[13:32:57] [AI] 原始候选信号: [{'symbol': 'sz300174', 'name': '元力股份', 'score': 72, 'action': 'BUY', 'thesis': '非涨停可交易，创业板弹性较好，在高潮行情中可作为量价相对健康的形态试错标的，小仓参与。'}]
[13:32:57] [AI] 信号: 元力股份(sz300174) 动作=BUY 评分=72.0
[13:32:57] [风控] sz300174 元力股份 被拦截:涨停限制(涨停价22.92)
[13:34:10] ✅ [记忆交接] AI 已加载昨日复盘。 🎯 关注作业:sh688603, sz300476, sz002463 | 🚫 禁忌模式:半路追高, 缩量半路板, 退潮期接力
[13:34:28] [AI] 交易分析完成: stage=高潮, signals=3
[13:34:28] [AI] 持仓分析: 1 项
[13:34:28] [AI] sz300410(正业科技): 动作=HOLD, 逻辑=VALID
[13:34:28] [AI] 原始候选信号: [{'symbol': 'sz300243', 'name': '瑞丰高材', 'score': 72, 'action': 'BUY', 'thesis': '同属创业板新材料方向，承接20cm硬科技/材料扩散逻辑，未处于已知涨停状态，可小仓试错但不追缩量急拉。'}, {'symbol': 'sz300174', 'name': '元力股份', 'score': 68, 'action': 'BUY', 'thesis': '创业板材料属性符合当前高弹性偏好，作为非核心补涨观察，需量价健康且回踩承接明确再低吸。'}, {'symbol': 'sh688317', 'name': '之江生物', 'score': 64, 'action': 'BUY', 'thesis': '医药方向有四环生物涨停锚点带动，但并非核心龙头，仅适合在放量不冲板的情况下小仓博弈轮动。'}]
[13:34:28] [AI] 信号: 瑞丰高材(sz300243) 动作=BUY 评分=72.0
[13:34:28] [风控] sz300243 瑞丰高材 被拦截:涨停限制(涨停价20.87)
[13:34:28] [AI] 信号: 元力股份(sz300174) 动作=BUY 评分=68.0
[13:34:28] [风控] sz300174 元力股份 被拦截:涨停限制(涨停价22.92)
[13:34:28] [AI] 信号: 之江生物(sh688317) 动作=BUY 评分=64.0
[13:34:28] [交易] 买入 之江生物: 100股 @ 20.61
[13:35:09] [系统] 分析循环已停止。
[13:44:12] [系统] 正在启动双线程分析架构...
[13:44:12] [交易 AI] 线程已启动,间隔 90 秒 (优先级:高)。
[13:44:12] [研究 AI] 独立后台已启动,正在后台运行中... (等待触发节点)
[13:44:12] [系统] 双线程分析循环已启动 (交易 + 研究)。
[13:44:14] ✅ [记忆交接] AI 已加载昨日复盘。 🎯 关注作业:sh688603, sz300476, sz002463 | 🚫 禁忌模式:半路追高, 缩量半路板, 退潮期接力
[13:44:40] [AI] 交易分析完成: stage=高潮, signals=1
[13:44:40] [AI] 持仓分析: 2 项
[13:44:40] [AI] sz300410(正业科技): 动作=HOLD, 逻辑=VALID
[13:44:40] [AI] sh688317(之江生物): 动作=HOLD, 逻辑=VALID
[13:44:40] [AI] 原始候选信号: [{'symbol': 'sz300243', 'name': '瑞丰高材', 'score': 72, 'action': 'BUY', 'thesis': '核心龙头四方达、利和兴已涨停不追，瑞丰高材作为新材料方向可交易标的，适合高潮期小仓试错，等待量价健康承接而非缩量追高。'}]
[13:44:40] [AI] 信号: 瑞丰高材(sz300243) 动作=BUY 评分=72.0
[13:44:40] [风控] sz300243 瑞丰高材 被拦截:涨停限制(涨停价20.87)
[13:45:43] ✅ [记忆交接] AI 已加载昨日复盘。 🎯 关注作业:sh688603, sz300476, sz002463 | 🚫 禁忌模式:半路追高, 缩量半路板, 退潮期接力
[13:46:00] [AI] 交易分析完成: stage=高潮, signals=1
[13:46:00] [AI] 持仓分析: 2 项
[13:46:00] [AI] sz300410(正业科技): 动作=HOLD, 逻辑=VALID
[13:46:00] [AI] sh688317(之江生物): 动作=HOLD, 逻辑=VALID
[13:46:00] [AI] 原始候选信号: [{'symbol': 'sz301588', 'name': '美新科技', 'score': 68, 'action': 'BUY', 'thesis': '可交易池内未涨停且价格符合预算，当前高潮期核心多已涨停无法买入，选择形态相对强的非核心标的小仓试错，严格控制仓位。'}]
[13:46:00] [AI] 信号: 美新科技(sz301588) 动作=BUY 评分=68.0
[13:46:00] [风控] sz301588 美新科技 被拦截:涨停限制(涨停价40.13)
[13:46:00] [关注] 自动加入 美新科技(sz301588) 到观察池
[13:47:13] ✅ [记忆交接] AI 已加载昨日复盘。 🎯 关注作业:sh688603, sz300476, sz002463 | 🚫 禁忌模式:半路追高, 缩量半路板, 退潮期接力
[13:47:29] [AI] 交易分析完成: stage=高潮, signals=1
[13:47:29] [AI] 持仓分析: 2 项
[13:47:29] [AI] sz300410(正业科技): 动作=HOLD, 逻辑=VALID
[13:47:29] [AI] sh688317(之江生物): 动作=HOLD, 逻辑=VALID
[13:47:29] [AI] 原始候选信号: [{'symbol': 'sh601899', 'name': '紫金矿业', 'score': 72, 'action': 'BUY', 'thesis': '第二层无可买核心龙头且四方达、利和兴、四环生物均已涨停不追，紫金矿业作为资源趋势中军容量大、承接相对稳，适合高潮期小仓试错。'}]
[13:47:29] [AI] 信号: 紫金矿业(sh601899) 动作=BUY 评分=72.0
[13:47:29] [风控] 拒绝 sh601899: [A级]单只超限：16% > 普通上限15%
[13:47:29] [风控] sh601899 紫金矿业 被拦截:[A级]单只超限：16% > 普通上限15%
[13:48:37] [系统] 正在启动双线程分析架构...
[13:48:37] [交易 AI] 线程已启动,间隔 90 秒 (优先级:高)。
[13:48:37] [研究 AI] 独立后台已启动,正在后台运行中... (等待触发节点)
[13:48:37] [系统] 双线程分析循环已启动 (交易 + 研究)。
[13:48:38] ✅ [记忆交接] AI 已加载昨日复盘。 🎯 关注作业:sh688603, sz300476, sz002463 | 🚫 禁忌模式:半路追高, 缩量半路板, 退潮期接力
[13:49:00] [AI] 交易分析完成: stage=高潮, signals=1
[13:49:00] [AI] 持仓分析: 2 项
[13:49:00] [AI] sz300410(正业科技): 动作=HOLD, 逻辑=VALID
[13:49:00] [AI] sh688317(之江生物): 动作=HOLD, 逻辑=VALID
[13:49:00] [AI] 原始候选信号: [{'symbol': 'sh688317', 'name': '之江生物', 'score': 72, 'action': 'BUY', 'thesis': '四环生物已涨停不能追买，之江生物作为同医药方向的可交易补涨标的，现价未涨停且量价相对健康，可小仓试错，避免高潮期追高非核心。'}]
[13:49:00] [AI] 信号: 之江生物(sh688317) 动作=BUY 评分=72.0
[13:49:00] [风控] sh688317 加仓评分不足(72.0<85)
[13:50:08] ✅ [记忆交接] AI 已加载昨日复盘。 🎯 关注作业:sh688603, sz300476, sz002463 | 🚫 禁忌模式:半路追高, 缩量半路板, 退潮期接力
[13:50:24] [AI] 交易分析完成: stage=高潮, signals=1
[13:50:24] [AI] 持仓分析: 2 项
[13:50:24] [AI] sz300410(正业科技): 动作=HOLD, 逻辑=VALID
[13:50:24] [AI] sh688317(之江生物): 动作=HOLD, 逻辑=VALID
[13:50:24] [AI] 原始候选信号: [{'symbol': 'sh688317', 'name': '之江生物', 'score': 72, 'action': 'BUY', 'thesis': '第二层可交易池中医药方向与四环生物涨停锚点同板块，当前未显示涨停且量价相对健康，可小仓试错但不追高。'}]
[13:50:24] [AI] 信号: 之江生物(sh688317) 动作=BUY 评分=72.0
[13:50:24] [风控] sh688317 加仓评分不足(72.0<85)
[13:51:37] ✅ [记忆交接] AI 已加载昨日复盘。 🎯 关注作业:sh688603, sz300476, sz002463 | 🚫 禁忌模式:半路追高, 缩量半路板, 退潮期接力
[13:51:57] [AI] 交易分析完成: stage=高潮, signals=1
[13:51:57] [AI] 持仓分析: 2 项
[13:51:57] [AI] sz300410(正业科技): 动作=HOLD, 逻辑=VALID
[13:51:57] [AI] sh688317(之江生物): 动作=HOLD, 逻辑=VALID
[13:51:57] [AI] 原始候选信号: [{'symbol': 'sh688010', 'name': '福光股份', 'score': 72, 'action': 'BUY', 'thesis': '第二层无明确同主线绝对龙头且四环生物已涨停不买，福光股份作为科技成长方向中相对贴近AI硬件/光学链的可交易标的，适合在不追高前提下小仓试错。'}]
[13:51:57] [AI] 信号: 福光股份(sh688010) 动作=BUY 评分=72.0
[13:51:57] [风控] 拒绝 sh688010: [A级]单只超限：24% > 普通上限15%
[13:51:57] [风控] sh688010 福光股份 被拦截:[A级]单只超限：24% > 普通上限15%
[13:53:07] ✅ [记忆交接] AI 已加载昨日复盘。 🎯 关注作业:sh688603, sz300476, sz002463 | 🚫 禁忌模式:半路追高, 缩量半路板, 退潮期接力
[13:53:23] [AI] 交易分析完成: stage=高潮, signals=1
[13:53:23] [AI] 持仓分析: 2 项
[13:53:23] [AI] sz300410(正业科技): 动作=HOLD, 逻辑=VALID
[13:53:23] [AI] sh688317(之江生物): 动作=HOLD, 逻辑=VALID
[13:53:23] [AI] 原始候选信号: [{'symbol': 'sh688317', 'name': '之江生物', 'score': 70, 'action': 'BUY', 'thesis': '四环生物已涨停不可买，之江生物作为同医药方向可交易补涨标的，现价未涨停且已有承接表现，仅适合小仓试错。'}]
[13:53:23] [AI] 信号: 之江生物(sh688317) 动作=BUY 评分=70.0
[13:53:23] [风控] sh688317 加仓评分不足(70.0<85)
[13:54:37] ✅ [记忆交接] AI 已加载昨日复盘。 🎯 关注作业:sh688603, sz300476, sz002463 | 🚫 禁忌模式:半路追高, 缩量半路板, 退潮期接力
[13:54:54] [AI] 交易分析完成: stage=高潮, signals=1
[13:54:54] [AI] 持仓分析: 2 项
[13:54:54] [AI] sz300410(正业科技): 动作=HOLD, 逻辑=VALID
[13:54:54] [AI] sh688317(之江生物): 动作=HOLD, 逻辑=VALID
[13:54:54] [AI] 原始候选信号: [{'symbol': 'sz000630', 'name': '铜陵有色', 'score': 72, 'action': 'BUY', 'thesis': '当前第二层无可买绝对龙头且核心锚点多已涨停，铜陵有色作为资源方向容量中军，价格低、承接相对更适合高潮期小仓试错，避免追涨停。'}]
[13:54:54] [AI] 信号: 铜陵有色(sz000630) 动作=BUY 评分=72.0
[13:54:54] [风控] sz000630 铜陵有色 被拦截:涨停限制(涨停价6.36)
[13:54:54] [关注] 自动加入 铜陵有色(sz000630) 到观察池
[13:56:06] ✅ [记忆交接] AI 已加载昨日复盘。 🎯 关注作业:sh688603, sz300476, sz002463 | 🚫 禁忌模式:半路追高, 缩量半路板, 退潮期接力
[13:56:25] [AI] 交易分析完成: stage=高潮, signals=3
[13:56:25] [AI] 持仓分析: 2 项
[13:56:25] [AI] sz300410(正业科技): 动作=HOLD, 逻辑=VALID
[13:56:25] [AI] sh688317(之江生物): 动作=HOLD, 逻辑=VALID
[13:56:25] [AI] 原始候选信号: [{'symbol': 'sz300243', 'name': '瑞丰高材', 'score': 72, 'action': 'BUY', 'thesis': '创业板新材料方向，具备20cm弹性，虽非绝对龙头但与硬科技材料扩散逻辑相近，适合作为高潮期小仓试错，前提是未涨停且量价健康。'}, {'symbol': 'sz300174', 'name': '元力股份', 'score': 68, 'action': 'BUY', 'thesis': '创业板材料属性，价格在预算内，若分时承接强于板块且未缩量急拉，可作为非核心补涨观察仓。'}, {'symbol': 'sz002245', 'name': '蔚蓝锂芯', 'score': 66, 'action': 'BUY', 'thesis': '锂电及科技成长属性兼具，容量相对更好，适合在高潮行情中做低位趋势补涨，但不追涨停与缩量冲高。'}]
[13:56:25] [AI] 信号: 瑞丰高材(sz300243) 动作=BUY 评分=72.0
[13:56:25] [风控] sz300243 瑞丰高材 被拦截:涨停限制(涨停价20.87)
[13:56:25] [AI] 信号: 元力股份(sz300174) 动作=BUY 评分=68.0
[13:56:25] [风控] sz300174 元力股份 被拦截:涨停限制(涨停价22.92)
[13:56:25] [AI] 信号: 蔚蓝锂芯(sz002245) 动作=BUY 评分=66.0
[13:56:25] [风控] sz002245 蔚蓝锂芯 被拦截:涨停限制(涨停价20.41)
[13:56:25] [关注] 自动加入 蔚蓝锂芯(sz002245) 到观察池
[13:57:36] ✅ [记忆交接] AI 已加载昨日复盘。 🎯 关注作业:sh688603, sz300476, sz002463 | 🚫 禁忌模式:半路追高, 缩量半路板, 退潮期接力
[13:58:05] [AI] 交易分析完成: stage=高潮, signals=3
[13:58:05] [AI] 持仓分析: 2 项
[13:58:05] [AI] sz300410(正业科技): 动作=HOLD, 逻辑=VALID
[13:58:05] [AI] sh688317(之江生物): 动作=HOLD, 逻辑=BROKEN
[13:58:05] [AI] 原始候选信号: [{'symbol': 'sz300243', 'name': '瑞丰高材', 'score': 72, 'action': 'BUY', 'thesis': '新材料方向与四方达、天承科技代表的新材料/电子材料主线有一定共振，非绝对龙头，仅适合小仓试错，避免追涨停。'}, {'symbol': 'sz301588', 'name': '美新科技', 'score': 68, 'action': 'BUY', 'thesis': '属于新材料分支，若分时承接健康且未涨停，可作为主线扩散的低仓位跟随标的。'}, {'symbol': 'sh601702', 'name': '华峰铝业', 'score': 64, 'action': 'BUY', 'thesis': '资源与材料属性具备趋势中军备选特征，但并非当前科技主线核心，只适合兜底小仓参与。'}]
[13:58:05] [AI] 信号: 瑞丰高材(sz300243) 动作=BUY 评分=72.0
[13:58:05] [风控] sz300243 瑞丰高材 被拦截:涨停限制(涨停价20.87)
[13:58:05] [AI] 信号: 美新科技(sz301588) 动作=BUY 评分=68.0
[13:58:05] [风控] sz301588 美新科技 被拦截:涨停限制(涨停价40.13)
[13:58:05] [AI] 信号: 华峰铝业(sh601702) 动作=BUY 评分=64.0
[13:58:05] [风控] sh601702 华峰铝业 被拦截:涨停限制(涨停价20.23)
[13:58:05] [关注] 自动加入 华峰铝业(sh601702) 到观察池
[13:59:05] ✅ [记忆交接] AI 已加载昨日复盘。 🎯 关注作业:sh688603, sz300476, sz002463 | 🚫 禁忌模式:半路追高, 缩量半路板, 退潮期接力
[13:59:23] [AI] 交易分析完成: stage=高潮, signals=1
[13:59:23] [AI] 持仓分析: 2 项
[13:59:23] [AI] sz300410(正业科技): 动作=HOLD, 逻辑=VALID
[13:59:23] [AI] sh688317(之江生物): 动作=HOLD, 逻辑=BROKEN
[13:59:23] [AI] 原始候选信号: [{'symbol': 'sz300243', 'name': '瑞丰高材', 'score': 72, 'action': 'BUY', 'thesis': '第二层无可买核心龙头且福光股份处于冷却名单，瑞丰高材作为创业板新材料方向弹性较强，可视为非核心形态试错标的，小仓参与，避免追涨停。'}]
[13:59:23] [AI] 信号: 瑞丰高材(sz300243) 动作=BUY 评分=72.0
[13:59:23] [风控] sz300243 瑞丰高材 被拦截:涨停限制(涨停价20.87)
[14:00:35] ✅ [记忆交接] AI 已加载昨日复盘。 🎯 关注作业:sh688603, sz300476, sz002463 | 🚫 禁忌模式:半路追高, 缩量半路板, 退潮期接力
[14:02:56] [系统] 正在启动双线程分析架构...
[14:02:56] [交易 AI] 线程已启动,间隔 90 秒 (优先级:高)。
[14:02:56] [研究 AI] 独立后台已启动,正在后台运行中... (等待触发节点)
[14:02:56] [系统] 双线程分析循环已启动 (交易 + 研究)。
[14:02:57] ✅ [记忆交接] AI 已加载昨日复盘。 🎯 关注作业:sh688603, sz300476, sz002463 | 🚫 禁忌模式:半路追高, 缩量半路板, 退潮期接力
[14:03:18] [AI] 交易分析完成: stage=高潮, signals=1
[14:03:18] [AI] 持仓分析: 2 项
[14:03:18] [AI] sz300410(正业科技): 动作=HOLD, 逻辑=VALID
[14:03:18] [AI] sh688317(之江生物): 动作=HOLD, 逻辑=VALID
[14:03:18] [AI] 原始候选信号: [{'symbol': 'sh688010', 'name': '福光股份', 'score': 70, 'action': 'BUY', 'thesis': '第二层中利和兴已涨停不买，福光股份属于科技硬件扩散方向，价格符合预算，可作为非核心形态试错，小仓参与。'}]
[14:03:18] [AI] 信号: 福光股份(sh688010) 动作=BUY 评分=70.0
[14:03:18] [风控] 拒绝 sh688010: [A级]单只超限：23% > 普通上限15%
[14:03:18] [风控] sh688010 福光股份 被拦截:[A级]单只超限：23% > 普通上限15%
[14:04:26] ✅ [记忆交接] AI 已加载昨日复盘。 🎯 关注作业:sh688603, sz300476, sz002463 | 🚫 禁忌模式:半路追高, 缩量半路板, 退潮期接力
[14:04:42] [AI] 交易分析完成: stage=高潮, signals=1
[14:04:42] [AI] 持仓分析: 2 项
[14:04:42] [AI] sz300410(正业科技): 动作=HOLD, 逻辑=VALID
[14:04:42] [AI] sh688317(之江生物): 动作=HOLD, 逻辑=VALID
[14:04:42] [AI] 原始候选信号: [{'symbol': 'sz300907', 'name': '康平科技', 'score': 72, 'action': 'BUY', 'thesis': '第二层无可买绝对龙头，利和兴已20cm涨停不追，康平科技作为创业板弹性标的形态相对更适合小仓试错。'}]
[14:04:42] [AI] 信号: 康平科技(sz300907) 动作=BUY 评分=72.0
[14:04:42] [风控] sz300907 康平科技 被拦截:涨停限制(涨停价41.11)
[14:04:42] [关注] 自动加入 康平科技(sz300907) 到观察池
[14:05:56] ✅ [记忆交接] AI 已加载昨日复盘。 🎯 关注作业:sh688603, sz300476, sz002463 | 🚫 禁忌模式:半路追高, 缩量半路板, 退潮期接力
[14:06:14] [AI] 交易分析完成: stage=高潮, signals=1
[14:06:14] [AI] 持仓分析: 2 项
[14:06:14] [AI] sz300410(正业科技): 动作=HOLD, 逻辑=VALID
[14:06:14] [AI] sh688317(之江生物): 动作=HOLD, 逻辑=VALID
[14:06:14] [AI] 原始候选信号: [{'symbol': 'sz300907', 'name': '康平科技', 'score': 70, 'action': 'BUY', 'thesis': '利和兴涨停无法买入，康平科技作为智能制造方向可交易标的，价格在预算内，适合高潮期小仓试错补涨，但非核心龙头需严格控制仓位。'}]
[14:06:14] [AI] 信号: 康平科技(sz300907) 动作=BUY 评分=70.0
[14:06:14] [风控] sz300907 康平科技 被拦截:涨停限制(涨停价41.11)
[14:07:26] ✅ [记忆交接] AI 已加载昨日复盘。 🎯 关注作业:sh688603, sz300476, sz002463 | 🚫 禁忌模式:半路追高, 缩量半路板, 退潮期接力
[14:08:08] [AI] 交易分析完成: stage=高潮, signals=1
[14:08:08] [AI] 持仓分析: 2 项
[14:08:08] [AI] sz300410(正业科技): 动作=HOLD, 逻辑=VALID
[14:08:08] [AI] sh688317(之江生物): 动作=HOLD, 逻辑=VALID
[14:08:08] [AI] 原始候选信号: [{'symbol': 'sz300907', 'name': '康平科技', 'score': 72, 'action': 'BUY', 'thesis': '第二层中核心利和兴已20cm涨停不可买、福光股份在冷却名单不可推荐，康平科技作为创业板弹性标的更适合在高潮期小仓试错，若分时承接健康且非缩量急拉，可作为非核心兜底方向参与。'}]
[14:08:08] [AI] 信号: 康平科技(sz300907) 动作=BUY 评分=72.0
[14:08:08] [风控] sz300907 康平科技 被拦截:涨停限制(涨停价41.11)
[14:08:55] ✅ [记忆交接] AI 已加载昨日复盘。 🎯 关注作业:sh688603, sz300476, sz002463 | 🚫 禁忌模式:半路追高, 缩量半路板, 退潮期接力
[14:09:23] [AI] 交易分析完成: stage=高潮, signals=1
[14:09:23] [AI] 持仓分析: 2 项
[14:09:23] [AI] sz300410(正业科技): 动作=HOLD, 逻辑=VALID
[14:09:23] [AI] sh688317(之江生物): 动作=HOLD, 逻辑=VALID
[14:09:23] [AI] 原始候选信号: [{'symbol': 'sz002245', 'name': '蔚蓝锂芯', 'score': 72, 'action': 'BUY', 'thesis': '核心20cm龙头利和兴已涨停不可买、福光股份处于冷却名单，蔚蓝锂芯作为可交易池内容量较好的科技成长/锂电方向标的，可作为非核心小仓试错，若盘中冲击涨停则放弃追买。'}]
[14:09:23] [AI] 信号: 蔚蓝锂芯(sz002245) 动作=BUY 评分=72.0
[14:09:23] [风控] sz002245 蔚蓝锂芯 被拦截:涨停限制(涨停价20.41)
[14:10:25] ✅ [记忆交接] AI 已加载昨日复盘。 🎯 关注作业:sh688603, sz300476, sz002463 | 🚫 禁忌模式:半路追高, 缩量半路板, 退潮期接力
[14:10:46] [AI] 交易分析完成: stage=高潮, signals=1
[14:10:46] [AI] 持仓分析: 2 项
[14:10:46] [AI] sz300410(正业科技): 动作=HOLD, 逻辑=VALID
[14:10:46] [AI] sh688317(之江生物): 动作=HOLD, 逻辑=VALID
[14:10:46] [AI] 原始候选信号: [{'symbol': 'sz300174', 'name': '元力股份', 'score': 68, 'action': 'BUY', 'thesis': '第二层中核心龙头利和兴已20cm涨停不可买、福光股份在冷却名单不可推荐，元力股份作为创业板材料方向非核心补涨标的，适合在高潮扩散期以小仓试错参与，严格避免分时缩量急拉追高。'}]
[14:10:46] [AI] 信号: 元力股份(sz300174) 动作=BUY 评分=68.0
[14:10:46] [风控] sz300174 元力股份 被拦截:涨停限制(涨停价22.92)
[14:11:55] ✅ [记忆交接] AI 已加载昨日复盘。 🎯 关注作业:sh688603, sz300476, sz002463 | 🚫 禁忌模式:半路追高, 缩量半路板, 退潮期接力
[14:12:12] [AI] 交易分析完成: stage=高潮, signals=1
[14:12:12] [AI] 持仓分析: 2 项
[14:12:12] [AI] sz300410(正业科技): 动作=HOLD, 逻辑=VALID
[14:12:12] [AI] sh688317(之江生物): 动作=HOLD, 逻辑=VALID
[14:12:12] [AI] 原始候选信号: [{'symbol': 'sz301588', 'name': '美新科技', 'score': 68, 'action': 'BUY', 'thesis': '第二层无可买核心龙头且利和兴已涨停不可追，选择候选池内形态相对更强、价格符合预算的非核心标的小仓试错，高潮期控制仓位不追高。'}]
[14:12:12] [AI] 信号: 美新科技(sz301588) 动作=BUY 评分=68.0
[14:12:12] [风控] sz301588 美新科技 被拦截:涨停限制(涨停价40.13)
[14:13:24] ✅ [记忆交接] AI 已加载昨日复盘。 🎯 关注作业:sh688603, sz300476, sz002463 | 🚫 禁忌模式:半路追高, 缩量半路板, 退潮期接力
[14:13:55] [AI] 交易分析完成: stage=高潮, signals=1
[14:13:55] [AI] 持仓分析: 2 项
[14:13:55] [AI] sz300410(正业科技): 动作=HOLD, 逻辑=VALID
[14:13:55] [AI] sh688317(之江生物): 动作=HOLD, 逻辑=VALID
[14:13:55] [AI] 原始候选信号: [{'symbol': 'sz002245', 'name': '蔚蓝锂芯', 'score': 70, 'action': 'BUY', 'thesis': '第二层无明确PCB/半导体核心龙头，蔚蓝锂芯作为可交易池中偏成长属性标的，适合在未涨停且量价承接健康时小仓试错。'}]
[14:13:55] [AI] 信号: 蔚蓝锂芯(sz002245) 动作=BUY 评分=70.0
[14:13:55] [风控] sz002245 蔚蓝锂芯 被拦截:涨停限制(涨停价20.41)
[14:14:54] ✅ [记忆交接] AI 已加载昨日复盘。 🎯 关注作业:sh688603, sz300476, sz002463 | 🚫 禁忌模式:半路追高, 缩量半路板, 退潮期接力
[14:15:11] [AI] 交易分析完成: stage=高潮, signals=1
[14:15:11] [AI] 持仓分析: 2 项
[14:15:11] [AI] sz300410(正业科技): 动作=HOLD, 逻辑=VALID
[14:15:11] [AI] sh688317(之江生物): 动作=HOLD, 逻辑=VALID
[14:15:11] [AI] 原始候选信号: [{'symbol': 'sz300243', 'name': '瑞丰高材', 'score': 72, 'action': 'BUY', 'thesis': '第二层无明确同主线绝对龙头，瑞丰高材属于材料方向，能弱映射电子化学品/新材料主线，价格在预算内，适合作为高潮期非核心小仓试错，避免追涨停。'}]
[14:15:11] [AI] 信号: 瑞丰高材(sz300243) 动作=BUY 评分=72.0
[14:15:11] [风控] sz300243 瑞丰高材 被拦截:涨停限制(涨停价20.87)
[14:16:23] ✅ [记忆交接] AI 已加载昨日复盘。 🎯 关注作业:sh688603, sz300476, sz002463 | 🚫 禁忌模式:半路追高, 缩量半路板, 退潮期接力
[14:16:40] [AI] 交易分析完成: stage=高潮, signals=1
[14:16:40] [AI] 持仓分析: 2 项
[14:16:40] [AI] sz300410(正业科技): 动作=HOLD, 逻辑=VALID
[14:16:40] [AI] sh688317(之江生物): 动作=HOLD, 逻辑=VALID
[14:16:40] [AI] 原始候选信号: [{'symbol': 'sz300243', 'name': '瑞丰高材', 'score': 72, 'action': 'BUY', 'thesis': '第二层暂无PCB绝对核心可买，瑞丰高材具备创业板弹性与新材料属性，适合作为高潮期非核心小仓试错，前提是未涨停且分时放量承接健康。'}]
[14:16:40] [AI] 信号: 瑞丰高材(sz300243) 动作=BUY 评分=72.0
[14:16:40] [风控] sz300243 瑞丰高材 被拦截:涨停限制(涨停价20.87)
[14:17:53] ✅ [记忆交接] AI 已加载昨日复盘。 🎯 关注作业:sh688603, sz300476, sz002463 | 🚫 禁忌模式:半路追高, 缩量半路板, 退潮期接力
[14:19:01] [AI] 交易分析完成: stage=高潮, signals=1
[14:19:01] [AI] 持仓分析: 2 项
[14:19:01] [AI] sz300410(正业科技): 动作=HOLD, 逻辑=VALID
[14:19:01] [AI] sh688317(之江生物): 动作=HOLD, 逻辑=VALID
[14:19:01] [AI] 原始候选信号: [{'symbol': 'sz300243', 'name': '瑞丰高材', 'score': 72, 'action': 'BUY', 'thesis': '第二层中避开已涨停核心与冷却标的后，瑞丰高材属于材料方向弹性品种，可作为电子化学品/新材料主线扩散的小仓试错，高潮期评分控制不宜过高。'}]
[14:19:01] [AI] 信号: 瑞丰高材(sz300243) 动作=BUY 评分=72.0
[14:19:01] [风控] sz300243 瑞丰高材 被拦截:涨停限制(涨停价20.87)
[14:19:23] ✅ [记忆交接] AI 已加载昨日复盘。 🎯 关注作业:sh688603, sz300476, sz002463 | 🚫 禁忌模式:半路追高, 缩量半路板, 退潮期接力
[14:19:35] [AI] 交易分析完成: stage=高潮, signals=1
[14:19:35] [AI] 持仓分析: 2 项
[14:19:35] [AI] sz300410(正业科技): 动作=HOLD, 逻辑=VALID
[14:19:35] [AI] sh688317(之江生物): 动作=HOLD, 逻辑=VALID
[14:19:35] [AI] 原始候选信号: [{'symbol': 'sh688010', 'name': '福光股份', 'score': 72, 'action': 'BUY', 'thesis': '可交易池中最接近科技成长方向的科创标的，适合作为非核心趋势试错；但非全市场龙头且当前处于高潮期，只适合小仓参与，避免追高。'}]
[14:19:35] [AI] 信号: 福光股份(sh688010) 动作=BUY 评分=72.0
[14:19:35] [风控] 拒绝 sh688010: [A级]单只超限：23% > 普通上限15%
[14:19:35] [风控] sh688010 福光股份 被拦截:[A级]单只超限：23% > 普通上限15%
[14:20:52] ✅ [记忆交接] AI 已加载昨日复盘。 🎯 关注作业:sh688603, sz300476, sz002463 | 🚫 禁忌模式:半路追高, 缩量半路板, 退潮期接力
[14:21:09] [AI] 交易分析完成: stage=高潮, signals=1
[14:21:09] [AI] 持仓分析: 2 项
[14:21:09] [AI] sz300410(正业科技): 动作=HOLD, 逻辑=VALID
[14:21:09] [AI] sh688317(之江生物): 动作=HOLD, 逻辑=VALID
[14:21:09] [AI] 原始候选信号: [{'symbol': 'sz301588', 'name': '美新科技', 'score': 68, 'action': 'BUY', 'thesis': '第二层中核心龙头利和兴已涨停不可买，选择未涨停且价格符合预算的强形态标的作小仓试错，严格控制仓位，避免高潮期追高。'}]
[14:21:09] [AI] 信号: 美新科技(sz301588) 动作=BUY 评分=68.0
[14:21:09] [风控] sz301588 美新科技 被拦截:涨停限制(涨停价40.13)
[14:22:22] ✅ [记忆交接] AI 已加载昨日复盘。 🎯 关注作业:sh688603, sz300476, sz002463 | 🚫 禁忌模式:半路追高, 缩量半路板, 退潮期接力
[14:22:47] [AI] 交易分析完成: stage=高潮, signals=1
[14:22:47] [AI] 持仓分析: 2 项
[14:22:47] [AI] sz300410(正业科技): 动作=HOLD, 逻辑=VALID
[14:22:47] [AI] sh688317(之江生物): 动作=HOLD, 逻辑=VALID
[14:22:47] [AI] 原始候选信号: [{'symbol': 'sz300907', 'name': '康平科技', 'score': 70, 'action': 'BUY', 'thesis': '第二层中非涨停、价格符合预算的创业板科技制造弹性标的，可作为高潮期不追板前提下的小仓试错，需等待分时回踩承接而非缩量直线追高。'}]
[14:22:47] [AI] 信号: 康平科技(sz300907) 动作=BUY 评分=70.0
[14:22:47] [风控] sz300907 康平科技 被拦截:涨停限制(涨停价41.11)
[14:23:51] ✅ [记忆交接] AI 已加载昨日复盘。 🎯 关注作业:sh688603, sz300476, sz002463 | 🚫 禁忌模式:半路追高, 缩量半路板, 退潮期接力
[14:24:32] [系统] 正在启动双线程分析架构...
[14:24:32] [交易 AI] 线程已启动,间隔 90 秒 (优先级:高)。
[14:24:32] [研究 AI] 独立后台已启动,正在后台运行中... (等待触发节点)
[14:24:32] [系统] 双线程分析循环已启动 (交易 + 研究)。
[14:24:34] ✅ [记忆交接] AI 已加载昨日复盘。 🎯 关注作业:sh688603, sz300476, sz002463 | 🚫 禁忌模式:半路追高, 缩量半路板, 退潮期接力
[14:24:52] [AI] 交易分析完成: stage=高潮, signals=3
[14:24:52] [AI] 持仓分析: 2 项
[14:24:52] [AI] sz300410(正业科技): 动作=HOLD, 逻辑=VALID
[14:24:52] [AI] sh688317(之江生物): 动作=HOLD, 逻辑=VALID
[14:24:52] [AI] 原始候选信号: [{'symbol': 'sz002230', 'name': '科大讯飞', 'score': 75, 'action': 'BUY', 'thesis': 'AI主线内的容量中军，未涨停且流动性好，适合作为高潮日不追板情况下的小仓趋势试错。'}, {'symbol': 'sh688458', 'name': '美芯晟', 'score': 70, 'action': 'BUY', 'thesis': '半导体方向与盘面科技主线一致，若分时量价健康可作为未封板弹性标的低仓参与。'}, {'symbol': 'sz000630', 'name': '铜陵有色', 'score': 65, 'action': 'BUY', 'thesis': '资源股具备容量和趋势属性，作为科技核心多数涨停后的防守型趋势兜底选择。'}]
[14:24:52] [AI] 信号: 科大讯飞(sz002230) 动作=BUY 评分=75.0
[14:24:52] [风控] 拒绝 sz002230: [A级]单只超限：24% > 普通上限15%
[14:24:52] [风控] sz002230 科大讯飞 被拦截:[A级]单只超限：24% > 普通上限15%
[14:24:52] [关注] 自动加入 科大讯飞(sz002230) 到观察池
[14:24:52] [AI] 信号: 美芯晟(sh688458) 动作=BUY 评分=70.0
[14:24:52] [风控] 拒绝 sh688458: [A级]单只超限：24% > 普通上限15%
[14:24:52] [风控] sh688458 美芯晟 被拦截:[A级]单只超限：24% > 普通上限15%
[14:24:52] [关注] 自动加入 美芯晟(sh688458) 到观察池
[14:24:52] [AI] 信号: 铜陵有色(sz000630) 动作=BUY 评分=65.0
[14:24:52] [风控] sz000630 铜陵有色 被拦截:涨停限制(涨停价6.36)
[14:26:04] ✅ [记忆交接] AI 已加载昨日复盘。 🎯 关注作业:sh688603, sz300476, sz002463 | 🚫 禁忌模式:半路追高, 缩量半路板, 退潮期接力
[14:26:29] [AI] 交易分析完成: stage=高潮, signals=1
[14:26:29] [AI] 持仓分析: 2 项
[14:26:29] [AI] sz300410(正业科技): 动作=HOLD, 逻辑=VALID
[14:26:29] [AI] sh688317(之江生物): 动作=HOLD, 逻辑=VALID
[14:26:29] [AI] 原始候选信号: [{'symbol': 'sz300721', 'name': '怡达股份', 'score': 72, 'action': 'BUY', 'thesis': '半导体方向核心慧智微已涨停但不可买，怡达股份作为同方向可交易补涨标的，价格在预算内且未进冷却名单，适合小仓试错，避免追涨停。'}]
[14:26:29] [AI] 信号: 怡达股份(sz300721) 动作=BUY 评分=72.0
[14:26:29] [风控] 拒绝 sz300721: [A级]单只超限：16% > 普通上限15%
[14:26:29] [风控] sz300721 怡达股份 被拦截:[A级]单只超限：16% > 普通上限15%
[14:26:29] [关注] 自动加入 怡达股份(sz300721) 到观察池
[14:27:33] ✅ [记忆交接] AI 已加载昨日复盘。 🎯 关注作业:sh688603, sz300476, sz002463 | 🚫 禁忌模式:半路追高, 缩量半路板, 退潮期接力
[14:27:59] [AI] 交易分析完成: stage=高潮, signals=3
[14:27:59] [AI] 持仓分析: 2 项
[14:27:59] [AI] sz300410(正业科技): 动作=HOLD, 逻辑=VALID
[14:27:59] [AI] sh688317(之江生物): 动作=HOLD, 逻辑=VALID
[14:27:59] [AI] 原始候选信号: [{'symbol': 'sh688010', 'name': '福光股份', 'score': 72, 'action': 'BUY', 'thesis': '核心龙头多已涨停不可追，福光股份属于科技成长链条内可交易标的，价格未超预算，适合小仓试错等待资金从半导体、AI硬件方向扩散。'}, {'symbol': 'sh601899', 'name': '紫金矿业', 'score': 70, 'action': 'BUY', 'thesis': '资源方向具备容量中军属性，当前市场高潮下更适合选择流动性好、趋势承接强的大票做低风险跟随。'}, {'symbol': 'sh600545', 'name': '卓郎智能', 'score': 66, 'action': 'BUY', 'thesis': 'AI/智能制造方向仍处主线扩散阶段，达实智能涨停后可关注同板块低价补涨，但非核心龙头仅适合小仓。'}]
[14:27:59] [AI] 信号: 福光股份(sh688010) 动作=BUY 评分=72.0
[14:27:59] [风控] 拒绝 sh688010: [A级]单只超限：23% > 普通上限15%
[14:27:59] [风控] sh688010 福光股份 被拦截:[A级]单只超限：23% > 普通上限15%
[14:27:59] [AI] 信号: 紫金矿业(sh601899) 动作=BUY 评分=70.0
[14:27:59] [风控] 拒绝 sh601899: [A级]单只超限：15% > 普通上限15%
[14:27:59] [风控] sh601899 紫金矿业 被拦截:[A级]单只超限：15% > 普通上限15%
[14:27:59] [AI] 信号: 卓郎智能(sh600545) 动作=BUY 评分=66.0
[14:27:59] [风控] sh600545 卓郎智能 被拦截:涨停限制(涨停价6.38)
[14:27:59] [关注] 自动加入 卓郎智能(sh600545) 到观察池
[14:29:03] ✅ [记忆交接] AI 已加载昨日复盘。 🎯 关注作业:sh688603, sz300476, sz002463 | 🚫 禁忌模式:半路追高, 缩量半路板, 退潮期接力
[14:29:25] [AI] 交易分析完成: stage=高潮, signals=1
[14:29:25] [AI] 持仓分析: 2 项
[14:29:25] [AI] sz300410(正业科技): 动作=HOLD, 逻辑=VALID
[14:29:25] [AI] sh688317(之江生物): 动作=HOLD, 逻辑=VALID
[14:29:25] [AI] 原始候选信号: [{'symbol': 'sh600545', 'name': '卓郎智能', 'score': 72, 'action': 'BUY', 'thesis': 'AI/智能制造方向的低价补涨标的，未触及涨停且价格容量适合小仓试错；但非绝对核心，高潮期只能轻仓参与。'}]
[14:29:25] [AI] 信号: 卓郎智能(sh600545) 动作=BUY 评分=72.0
[14:29:25] [风控] sh600545 卓郎智能 被拦截:涨停限制(涨停价6.38)
[14:30:32] ✅ [记忆交接] AI 已加载昨日复盘。 🎯 关注作业:sh688603, sz300476, sz002463 | 🚫 禁忌模式:半路追高, 缩量半路板, 退潮期接力
[14:30:58] [AI] 交易分析完成: stage=高潮, signals=1
[14:30:58] [AI] 持仓分析: 2 项
[14:30:58] [AI] sz300410(正业科技): 动作=HOLD, 逻辑=VALID
[14:30:58] [AI] sh688317(之江生物): 动作=HOLD, 逻辑=VALID
[14:30:58] [AI] 原始候选信号: [{'symbol': 'sh600545', 'name': '卓郎智能', 'score': 72, 'action': 'BUY', 'thesis': 'AI/智能制造方向低位补涨标的，未触及涨停且价格低、仓位可控，可作为核心龙头买不到时的小仓试错。'}]
[14:30:58] [AI] 信号: 卓郎智能(sh600545) 动作=BUY 评分=72.0
[14:30:58] [风控] sh600545 卓郎智能 被拦截:涨停限制(涨停价6.38)
[14:32:03] ✅ [记忆交接] AI 已加载昨日复盘。 🎯 关注作业:sh688603, sz300476, sz002463 | 🚫 禁忌模式:半路追高, 缩量半路板, 退潮期接力
[14:32:28] [AI] 交易分析完成: stage=高潮, signals=1
[14:32:28] [AI] 持仓分析: 2 项
[14:32:28] [AI] sz300410(正业科技): 动作=HOLD, 逻辑=VALID
[14:32:28] [AI] sh688317(之江生物): 动作=HOLD, 逻辑=VALID
[14:32:28] [AI] 原始候选信号: [{'symbol': 'sh600545', 'name': '卓郎智能', 'score': 68, 'action': 'BUY', 'thesis': 'AI/人工智能方向低价弹性标的，核心达实智能已涨停无法买入，卓郎智能作为同板块非核心兜底小仓试错，只适合分时回落承接时低吸，严禁追高。'}]
[14:32:28] [AI] 信号: 卓郎智能(sh600545) 动作=BUY 评分=68.0
[14:32:28] [风控] sh600545 卓郎智能 被拦截:涨停限制(涨停价6.38)
[14:33:31] ✅ [记忆交接] AI 已加载昨日复盘。 🎯 关注作业:sh688603, sz300476, sz002463 | 🚫 禁忌模式:半路追高, 缩量半路板, 退潮期接力
[14:33:57] [AI] 交易分析完成: stage=高潮, signals=1
[14:33:57] [AI] 持仓分析: 2 项
[14:33:57] [AI] sz300410(正业科技): 动作=HOLD, 逻辑=VALID
[14:33:57] [AI] sh688317(之江生物): 动作=HOLD, 逻辑=VALID
[14:33:57] [AI] 原始候选信号: [{'symbol': 'sh600545', 'name': '卓郎智能', 'score': 72, 'action': 'BUY', 'thesis': 'AI/智能方向补涨标的，价格低、容量尚可，在核心龙头涨停无法买入时可作为非核心小仓试错，需避免分时缩量急拉追高。'}]
[14:33:57] [AI] 信号: 卓郎智能(sh600545) 动作=BUY 评分=72.0
[14:33:57] [风控] sh600545 卓郎智能 被拦截:涨停限制(涨停价6.38)
[14:35:01] ✅ [记忆交接] AI 已加载昨日复盘。 🎯 关注作业:sh688603, sz300476, sz002463 | 🚫 禁忌模式:半路追高, 缩量半路板, 退潮期接力
[14:35:20] [AI] 交易分析完成: stage=高潮, signals=3
[14:35:20] [AI] 持仓分析: 2 项
[14:35:20] [AI] sz300410(正业科技): 动作=HOLD, 逻辑=VALID
[14:35:20] [AI] sh688317(之江生物): 动作=HOLD, 逻辑=VALID
[14:35:20] [AI] 原始候选信号: [{'symbol': 'sh600545', 'name': '卓郎智能', 'score': 72, 'action': 'BUY', 'thesis': 'AI/智能方向未涨停的低价扩散标的，处于市场高潮下的主线补涨候选，适合小仓试错但不宜追高。'}, {'symbol': 'sz000630', 'name': '铜陵有色', 'score': 70, 'action': 'BUY', 'thesis': '资源有色方向容量较大、价格低且未触及涨停，适合作为高潮行情中的趋势中军型补充配置。'}, {'symbol': 'sz300174', 'name': '元力股份', 'score': 68, 'action': 'BUY', 'thesis': '创业板弹性品种且未涨停，在普涨高潮中具备形态试错价值，但非绝对核心，仓位需控制。'}]
[14:35:20] [AI] 信号: 卓郎智能(sh600545) 动作=BUY 评分=72.0
[14:35:20] [风控] sh600545 卓郎智能 被拦截:涨停限制(涨停价6.38)
[14:35:20] [AI] 信号: 铜陵有色(sz000630) 动作=BUY 评分=70.0
[14:35:20] [风控] sz000630 铜陵有色 被拦截:涨停限制(涨停价6.36)
[14:35:20] [AI] 信号: 元力股份(sz300174) 动作=BUY 评分=68.0
[14:35:20] [风控] sz300174 元力股份 被拦截:涨停限制(涨停价22.92)
[14:36:30] ✅ [记忆交接] AI 已加载昨日复盘。 🎯 关注作业:sh688603, sz300476, sz002463 | 🚫 禁忌模式:半路追高, 缩量半路板, 退潮期接力
[14:36:58] [AI] 交易分析完成: stage=高潮, signals=3
[14:36:58] [AI] 持仓分析: 2 项
[14:36:58] [AI] sz300410(正业科技): 动作=HOLD, 逻辑=VALID
[14:36:58] [AI] sh688317(之江生物): 动作=HOLD, 逻辑=VALID
[14:36:58] [AI] 原始候选信号: [{'symbol': 'sh600545', 'name': '卓郎智能', 'score': 72, 'action': 'BUY', 'thesis': 'AI/智能制造低价容量标的，达实智能已涨停带动板块情绪，卓郎智能未在冷却名单且适合作为非涨停方向的小仓试错。'}, {'symbol': 'sz000630', 'name': '铜陵有色', 'score': 68, 'action': 'BUY', 'thesis': '资源有色方向在高潮行情中具备趋势中军属性，股价低、容量足，适合在不追涨停前提下做小仓趋势跟随。'}, {'symbol': 'sh600021', 'name': '上海电力', 'score': 64, 'action': 'BUY', 'thesis': '电力板块具备防守与趋势轮动属性，市场高潮下可作为低波动补涨试错，但非主线核心，仓位需轻。'}]
[14:36:58] [AI] 信号: 卓郎智能(sh600545) 动作=BUY 评分=72.0
[14:36:58] [风控] sh600545 卓郎智能 被拦截:涨停限制(涨停价6.38)
[14:36:58] [AI] 信号: 铜陵有色(sz000630) 动作=BUY 评分=68.0
[14:36:58] [风控] sz000630 铜陵有色 被拦截:涨停限制(涨停价6.36)
[14:36:58] [AI] 信号: 上海电力(sh600021) 动作=BUY 评分=64.0
[14:36:58] [交易] 买入 上海电力: 100股 @ 17.6
[14:37:59] ✅ [记忆交接] AI 已加载昨日复盘。 🎯 关注作业:sh688603, sz300476, sz002463 | 🚫 禁忌模式:半路追高, 缩量半路板, 退潮期接力
[14:38:26] [AI] 交易分析完成: stage=高潮, signals=1
[14:38:26] [AI] 持仓分析: 3 项
[14:38:26] [AI] sz300410(正业科技): 动作=HOLD, 逻辑=VALID
[14:38:26] [AI] sh688317(之江生物): 动作=HOLD, 逻辑=VALID
[14:38:26] [AI] sh600021(上海电力): 动作=HOLD, 逻辑=BROKEN
[14:38:26] [AI] 原始候选信号: [{'symbol': 'sh600545', 'name': '卓郎智能', 'score': 72, 'action': 'BUY', 'thesis': 'AI/智能制造方向的低位弹性标的，核心龙头达实智能已涨停无法买入，卓郎智能可作为同方向非核心小仓试错，需避免分时缩量急拉追高。'}]
[14:38:26] [AI] 信号: 卓郎智能(sh600545) 动作=BUY 评分=72.0
[14:38:26] [风控] sh600545 卓郎智能 被拦截:涨停限制(涨停价6.38)
[14:39:28] ✅ [记忆交接] AI 已加载昨日复盘。 🎯 关注作业:sh688603, sz300476, sz002463 | 🚫 禁忌模式:半路追高, 缩量半路板, 退潮期接力
[14:39:46] [AI] 交易分析完成: stage=高潮, signals=1
[14:39:46] [AI] 持仓分析: 3 项
[14:39:46] [AI] sz300410(正业科技): 动作=HOLD, 逻辑=VALID
[14:39:46] [AI] sh688317(之江生物): 动作=HOLD, 逻辑=VALID
[14:39:46] [AI] sh600021(上海电力): 动作=HOLD, 逻辑=BROKEN
[14:39:46] [AI] 原始候选信号: [{'symbol': 'sz000630', 'name': '铜陵有色', 'score': 72, 'action': 'BUY', 'thesis': '资源有色方向在高潮盘面中具备容量承接属性，股价低、非涨停，适合作为趋势中军小仓试错。'}]
[14:39:46] [AI] 信号: 铜陵有色(sz000630) 动作=BUY 评分=72.0
[14:39:46] [风控] sz000630 铜陵有色 被拦截:涨停限制(涨停价6.36)
[14:40:59] ✅ [记忆交接] AI 已加载昨日复盘。 🎯 关注作业:sh688603, sz300476, sz002463 | 🚫 禁忌模式:半路追高, 缩量半路板, 退潮期接力
[14:41:23] [AI] 交易分析完成: stage=高潮期, signals=1
[14:41:23] [AI] 持仓分析: 3 项
[14:41:23] [AI] sz300410(正业科技): 动作=HOLD, 逻辑=VALID
[14:41:23] [AI] sh688317(之江生物): 动作=HOLD, 逻辑=VALID
[14:41:23] [AI] sh600021(上海电力): 动作=HOLD, 逻辑=BROKEN
[14:41:23] [AI] 原始候选信号: [{'symbol': 'sh688458', 'name': '美芯晟', 'score': 72, 'action': 'BUY', 'thesis': '半导体方向有慧智微-U涨停作为强锚点，美芯晟未涨停且价格符合预算，可作为同主线非核心标的小仓试错，避免追涨停。'}]
[14:41:23] [AI] 信号: 美芯晟(sh688458) 动作=BUY 评分=72.0
[14:41:23] [风控] 拒绝 sh688458: [A级]单只超限：24% > 普通上限15%
[14:41:23] [风控] sh688458 美芯晟 被拦截:[A级]单只超限：24% > 普通上限15%
[14:42:29] ✅ [记忆交接] AI 已加载昨日复盘。 🎯 关注作业:sh688603, sz300476, sz002463 | 🚫 禁忌模式:半路追高, 缩量半路板, 退潮期接力
[14:42:55] [AI] 交易分析完成: stage=高潮, signals=1
[14:42:55] [AI] 持仓分析: 3 项
[14:42:55] [AI] sz300410(正业科技): 动作=HOLD, 逻辑=VALID
[14:42:55] [AI] sh688317(之江生物): 动作=HOLD, 逻辑=VALID
[14:42:55] [AI] sh600021(上海电力): 动作=HOLD, 逻辑=VALID
[14:42:55] [AI] 原始候选信号: [{'symbol': 'sz002230', 'name': '科大讯飞', 'score': 75, 'action': 'BUY', 'thesis': 'AI方向容量中军，未触及涨停，适合作为高潮期无法买入核心涨停龙头后的低仓位趋势试错标的。'}]
[14:42:55] [AI] 信号: 科大讯飞(sz002230) 动作=BUY 评分=75.0
[14:42:55] [风控] 拒绝 sz002230: [A级]单只超限：24% > 普通上限15%
[14:42:55] [风控] sz002230 科大讯飞 被拦截:[A级]单只超限：24% > 普通上限15%
[14:43:57] ✅ [记忆交接] AI 已加载昨日复盘。 🎯 关注作业:sh688603, sz300476, sz002463 | 🚫 禁忌模式:半路追高, 缩量半路板, 退潮期接力
[14:44:24] [AI] 交易分析完成: stage=高潮, signals=1
[14:44:24] [AI] 持仓分析: 3 项
[14:44:24] [AI] sz300410(正业科技): 动作=HOLD, 逻辑=VALID
[14:44:24] [AI] sh688317(之江生物): 动作=HOLD, 逻辑=VALID
[14:44:24] [AI] sh600021(上海电力): 动作=HOLD, 逻辑=BROKEN
[14:44:24] [AI] 原始候选信号: [{'symbol': 'sz300721', 'name': '怡达股份', 'score': 72, 'action': 'BUY', 'thesis': '半导体材料方向与当前科技高潮主线相对贴近，未处于明确涨停锚点，作为非核心补涨品种仅适合小仓试错，避免追高。'}]
[14:44:24] [AI] 信号: 怡达股份(sz300721) 动作=BUY 评分=72.0
[14:44:24] [风控] 拒绝 sz300721: [A级]单只超限：16% > 普通上限15%
[14:44:24] [风控] sz300721 怡达股份 被拦截:[A级]单只超限：16% > 普通上限15%
[14:45:27] ✅ [记忆交接] AI 已加载昨日复盘。 🎯 关注作业:sh688603, sz300476, sz002463 | 🚫 禁忌模式:半路追高, 缩量半路板, 退潮期接力
[14:45:54] [AI] 交易分析完成: stage=高潮, signals=1
[14:45:54] [AI] 持仓分析: 3 项
[14:45:54] [AI] sz300410(正业科技): 动作=HOLD, 逻辑=VALID
[14:45:54] [AI] sh688317(之江生物): 动作=HOLD, 逻辑=VALID
[14:45:54] [AI] sh600021(上海电力): 动作=HOLD, 逻辑=VALID
[14:45:54] [AI] 原始候选信号: [{'symbol': 'sh688010', 'name': '福光股份', 'score': 72, 'action': 'BUY', 'thesis': '核心龙头多已涨停不可追，福光股份作为科创科技方向的非涨停容量标的，承接AI硬件与光学科技扩散，小仓试错。'}]
[14:45:54] [AI] 信号: 福光股份(sh688010) 动作=BUY 评分=72.0
[14:45:54] [风控] 拒绝 sh688010: [A级]单只超限：23% > 普通上限15%
[14:45:54] [风控] sh688010 福光股份 被拦截:[A级]单只超限：23% > 普通上限15%
[14:46:57] ✅ [记忆交接] AI 已加载昨日复盘。 🎯 关注作业:sh688603, sz300476, sz002463 | 🚫 禁忌模式:半路追高, 缩量半路板, 退潮期接力
[14:47:14] [AI] 交易分析完成: stage=高潮, signals=1
[14:47:14] [AI] 持仓分析: 3 项
[14:47:14] [AI] sz300410(正业科技): 动作=HOLD, 逻辑=VALID
[14:47:14] [AI] sh688317(之江生物): 动作=HOLD, 逻辑=VALID
[14:47:14] [AI] sh600021(上海电力): 动作=HOLD, 逻辑=VALID
[14:47:14] [AI] 原始候选信号: [{'symbol': 'sh600545', 'name': '卓郎智能', 'score': 68, 'action': 'BUY', 'thesis': 'AI/智能制造方向仍有达实智能涨停作为情绪锚点，核心已涨停不可追，卓郎智能作为同板块未涨停补涨标的小仓试错。'}]
[14:47:14] [AI] 信号: 卓郎智能(sh600545) 动作=BUY 评分=68.0
[14:47:14] [风控] sh600545 卓郎智能 被拦截:涨停限制(涨停价6.38)
[14:48:26] ✅ [记忆交接] AI 已加载昨日复盘。 🎯 关注作业:sh688603, sz300476, sz002463 | 🚫 禁忌模式:半路追高, 缩量半路板, 退潮期接力
[14:48:54] [AI] 交易分析完成: stage=高潮, signals=1
[14:48:54] [AI] 持仓分析: 3 项
[14:48:54] [AI] sz300410(正业科技): 动作=HOLD, 逻辑=VALID
[14:48:54] [AI] sh688317(之江生物): 动作=HOLD, 逻辑=VALID
[14:48:54] [AI] sh600021(上海电力): 动作=HOLD, 逻辑=VALID
[14:48:54] [AI] 原始候选信号: [{'symbol': 'sh600545', 'name': '卓郎智能', 'score': 68, 'action': 'BUY', 'thesis': 'AI/智能方向核心达实智能已涨停不宜追买，卓郎智能作为同方向低位非涨停补涨标的小仓试错，需严格控制仓位并避免缩量拉升追高。'}]
[14:48:54] [AI] 信号: 卓郎智能(sh600545) 动作=BUY 评分=68.0
[14:48:54] [风控] sh600545 卓郎智能 被拦截:涨停限制(涨停价6.38)
[14:49:55] ✅ [记忆交接] AI 已加载昨日复盘。 🎯 关注作业:sh688603, sz300476, sz002463 | 🚫 禁忌模式:半路追高, 缩量半路板, 退潮期接力
[14:50:13] [AI] 交易分析完成: stage=高潮, signals=1
[14:50:13] [AI] 持仓分析: 3 项
[14:50:13] [AI] sz300410(正业科技): 动作=HOLD, 逻辑=VALID
[14:50:13] [AI] sh688317(之江生物): 动作=HOLD, 逻辑=VALID
[14:50:13] [AI] sh600021(上海电力): 动作=HOLD, 逻辑=VALID
[14:50:13] [AI] 原始候选信号: [{'symbol': 'sh600545', 'name': '卓郎智能', 'score': 72, 'action': 'BUY', 'thesis': 'AI/智能制造方向仍处市场主线扩散期，核心龙头已涨停无法买入，卓郎智能作为未涨停低价弹性标的可小仓试错，需控制仓位并避免分时缩量追高。'}]
[14:50:13] [AI] 信号: 卓郎智能(sh600545) 动作=BUY 评分=72.0
[14:50:13] [风控] sh600545 卓郎智能 被拦截:涨停限制(涨停价6.38)
[14:51:25] ✅ [记忆交接] AI 已加载昨日复盘。 🎯 关注作业:sh688603, sz300476, sz002463 | 🚫 禁忌模式:半路追高, 缩量半路板, 退潮期接力
[14:51:43] [AI] 交易分析完成: stage=高潮, signals=1
[14:51:43] [AI] 持仓分析: 3 项
[14:51:43] [AI] sz300410(正业科技): 动作=HOLD, 逻辑=VALID
[14:51:43] [AI] sh688317(之江生物): 动作=HOLD, 逻辑=VALID
[14:51:43] [AI] sh600021(上海电力): 动作=HOLD, 逻辑=BROKEN
[14:51:43] [AI] 原始候选信号: [{'symbol': 'sh600545', 'name': '卓郎智能', 'score': 72, 'action': 'BUY', 'thesis': 'AI/智能方向低价弹性标的，避开已涨停核心与冷却名单，作为非核心兜底小仓试错，需控制仓位并避免分时缩量急拉追高。'}]
[14:51:43] [AI] 信号: 卓郎智能(sh600545) 动作=BUY 评分=72.0
[14:51:43] [风控] sh600545 卓郎智能 被拦截:涨停限制(涨停价6.38)
[14:52:54] ✅ [记忆交接] AI 已加载昨日复盘。 🎯 关注作业:sh688603, sz300476, sz002463 | 🚫 禁忌模式:半路追高, 缩量半路板, 退潮期接力
[14:53:22] [AI] 交易分析完成: stage=高潮, signals=1
[14:53:22] [AI] 持仓分析: 3 项
[14:53:22] [AI] sz300410(正业科技): 动作=HOLD, 逻辑=VALID
[14:53:22] [AI] sh688317(之江生物): 动作=HOLD, 逻辑=VALID
[14:53:22] [AI] sh600021(上海电力): 动作=HOLD, 逻辑=BROKEN
[14:53:22] [AI] 原始候选信号: [{'symbol': 'sh600545', 'name': '卓郎智能', 'score': 72, 'action': 'BUY', 'thesis': 'AI/智能制造方向受达实智能涨停带动，价格低、容量尚可，作为非涨停同方向补涨标的小仓试错，避免追已涨停核心。'}]
[14:53:22] [AI] 信号: 卓郎智能(sh600545) 动作=BUY 评分=72.0
[14:53:22] [风控] sh600545 卓郎智能 被拦截:涨停限制(涨停价6.38)
[14:54:25] ✅ [记忆交接] AI 已加载昨日复盘。 🎯 关注作业:sh688603, sz300476, sz002463 | 🚫 禁忌模式:半路追高, 缩量半路板, 退潮期接力
[14:54:44] [AI] 交易分析完成: stage=高潮, signals=1
[14:54:44] [AI] 持仓分析: 3 项
[14:54:44] [AI] sz300410(正业科技): 动作=HOLD, 逻辑=VALID
[14:54:44] [AI] sh688317(之江生物): 动作=HOLD, 逻辑=VALID
[14:54:44] [AI] sh600021(上海电力): 动作=HOLD, 逻辑=VALID
[14:54:44] [AI] 原始候选信号: [{'symbol': 'sz000938', 'name': '紫光股份', 'score': 74, 'action': 'BUY', 'thesis': 'AI/算力硬件方向容量中军，未在冷却名单且未显示涨停，适合作为主线高潮期无法买入涨停龙头后的趋势中军小仓试错。'}]
[14:54:44] [AI] 信号: 紫光股份(sz000938) 动作=BUY 评分=74.0
[14:54:44] [交易] 买入 紫光股份: 100股 @ 29.91
[14:55:53] ✅ [记忆交接] AI 已加载昨日复盘。 🎯 关注作业:sh688603, sz300476, sz002463 | 🚫 禁忌模式:半路追高, 缩量半路板, 退潮期接力
[14:56:22] [AI] 交易分析完成: stage=高潮, signals=1
[14:56:22] [AI] 持仓分析: 4 项
[14:56:22] [AI] sz300410(正业科技): 动作=HOLD, 逻辑=VALID
[14:56:22] [AI] sh688317(之江生物): 动作=HOLD, 逻辑=VALID
[14:56:22] [AI] sh600021(上海电力): 动作=HOLD, 逻辑=BROKEN
[14:56:22] [AI] sz000938(紫光股份): 动作=HOLD, 逻辑=VALID
[14:56:22] [AI] 原始候选信号: [{'symbol': 'sh600545', 'name': '卓郎智能', 'score': 70, 'action': 'BUY', 'thesis': 'AI/人工智能方向低价弹性标的，避开已涨停的达实智能和冷却名单品种，适合作为高潮期主线扩散的小仓试错。'}]
[14:56:22] [AI] 信号: 卓郎智能(sh600545) 动作=BUY 评分=70.0
[14:56:22] [风控] sh600545 卓郎智能 被拦截:涨停限制(涨停价6.38)
[14:57:22] ✅ [记忆交接] AI 已加载昨日复盘。 🎯 关注作业:sh688603, sz300476, sz002463 | 🚫 禁忌模式:半路追高, 缩量半路板, 退潮期接力
[14:57:43] [AI] 交易分析完成: stage=高潮, signals=3
[14:57:43] [AI] 持仓分析: 4 项
[14:57:43] [AI] sz300410(正业科技): 动作=HOLD, 逻辑=VALID
[14:57:43] [AI] sh688317(之江生物): 动作=HOLD, 逻辑=VALID
[14:57:43] [AI] sh600021(上海电力): 动作=HOLD, 逻辑=VALID
[14:57:43] [AI] sz000938(紫光股份): 动作=HOLD, 逻辑=VALID
[14:57:43] [AI] 原始候选信号: [{'symbol': 'sh688458', 'name': '美芯晟', 'score': 74, 'action': 'BUY', 'thesis': '半导体方向受慧智微-U涨停锚定带动，个股未标记涨停且价格符合预算，可作为同主线非涨停弹性标的小仓试错。'}, {'symbol': 'sh600545', 'name': '卓郎智能', 'score': 70, 'action': 'BUY', 'thesis': 'AI/智能制造分支受达实智能涨停锚定强化，低价容量相对友好，适合在高潮期轻仓跟随但不追高。'}, {'symbol': 'sz300174', 'name': '元力股份', 'score': 66, 'action': 'BUY', 'thesis': '创业板方向整体强势，作为非涨停候选具备轮动补涨可能，评分控制在兜底试错区间。'}]
[14:57:43] [AI] 信号: 美芯晟(sh688458) 动作=BUY 评分=74.0
[14:57:43] [风控] 拒绝 sh688458: [A级]单只超限：24% > 普通上限15%
[14:57:43] [风控] sh688458 美芯晟 被拦截:[A级]单只超限：24% > 普通上限15%
[14:57:43] [AI] 信号: 卓郎智能(sh600545) 动作=BUY 评分=70.0
[14:57:43] [风控] sh600545 卓郎智能 被拦截:涨停限制(涨停价6.38)
[14:57:43] [AI] 信号: 元力股份(sz300174) 动作=BUY 评分=66.0
[14:57:43] [风控] sz300174 元力股份 被拦截:涨停限制(涨停价22.92)
[14:58:52] ✅ [记忆交接] AI 已加载昨日复盘。 🎯 关注作业:sh688603, sz300476, sz002463 | 🚫 禁忌模式:半路追高, 缩量半路板, 退潮期接力
[14:59:32] [AI] 交易分析完成: stage=高潮, signals=3
[14:59:32] [AI] 持仓分析: 4 项
[14:59:32] [AI] sz300410(正业科技): 动作=HOLD, 逻辑=VALID
[14:59:32] [AI] sh688317(之江生物): 动作=HOLD, 逻辑=VALID
[14:59:32] [AI] sh600021(上海电力): 动作=HOLD, 逻辑=VALID
[14:59:32] [AI] sz000938(紫光股份): 动作=HOLD, 逻辑=VALID
[14:59:32] [AI] 原始候选信号: [{'symbol': 'sz000938', 'name': '紫光股份', 'score': 78, 'action': 'BUY', 'thesis': 'AI/算力方向容量中军，未处于涨停，适合作为高潮期不追板的趋势承接标的。'}, {'symbol': 'sz300174', 'name': '元力股份', 'score': 72, 'action': 'BUY', 'thesis': '创业板弹性标的，价格处于预算内，若分时量价健康可小仓试错，但非绝对龙头需控制仓位。'}, {'symbol': 'sh600021', 'name': '上海电力', 'score': 68, 'action': 'BUY', 'thesis': '电力板块趋势相对稳健，作为非科技主线的防守型趋势补充，仅适合低吸不追高。'}]
[14:59:32] [AI] 信号: 紫光股份(sz000938) 动作=BUY 评分=78.0
[14:59:32] [风控] sz000938 加仓评分不足(78.0<85)
[14:59:32] [AI] 信号: 元力股份(sz300174) 动作=BUY 评分=72.0
[14:59:32] [风控] sz300174 元力股份 被拦截:涨停限制(涨停价22.92)
[14:59:32] [AI] 信号: 上海电力(sh600021) 动作=BUY 评分=68.0
[14:59:32] [风控] sh600021 加仓评分不足(68.0<85)
[15:00:21] ✅ [记忆交接] AI 已加载昨日复盘。 🎯 关注作业:sh688603, sz300476, sz002463 | 🚫 禁忌模式:半路追高, 缩量半路板, 退潮期接力
[15:00:40] [AI] 交易分析完成: stage=高潮, signals=1
[15:00:40] [AI] 持仓分析: 4 项
[15:00:40] [AI] sz300410(正业科技): 动作=HOLD, 逻辑=VALID
[15:00:40] [AI] sh688317(之江生物): 动作=HOLD, 逻辑=VALID
[15:00:40] [AI] sh600021(上海电力): 动作=HOLD, 逻辑=VALID
[15:00:40] [AI] sz000938(紫光股份): 动作=HOLD, 逻辑=VALID
[15:00:40] [AI] 原始候选信号: [{'symbol': 'sz000938', 'name': '紫光股份', 'score': 78, 'action': 'BUY', 'thesis': 'AI/算力硬件方向容量中军，未处于涨停状态，若明日竞价强于指数且板块核心继续高开，可作为主线趋势加仓观察标的。'}]
[15:00:40] [AI] 信号: 紫光股份(sz000938) 动作=BUY 评分=78.0
[15:00:40] [风控] sz000938 加仓评分不足(78.0<85)
[15:02:14] ✅ [记忆交接] AI 已加载昨日复盘。 🎯 关注作业:sh688603, sz300476, sz002463 | 🚫 禁忌模式:半路追高, 缩量半路板, 退潮期接力
[15:02:46] [AI] 交易分析完成: stage=高潮, signals=3
[15:02:46] [AI] 持仓分析: 4 项
[15:02:46] [AI] sz300410(正业科技): 动作=HOLD, 逻辑=VALID
[15:02:46] [AI] sh688317(之江生物): 动作=HOLD, 逻辑=VALID
[15:02:46] [AI] sh600021(上海电力): 动作=HOLD, 逻辑=VALID
[15:02:46] [AI] sz000938(紫光股份): 动作=HOLD, 逻辑=VALID
[15:02:46] [AI] 原始候选信号: [{'symbol': 'sz000938', 'name': '紫光股份', 'score': 80, 'action': 'BUY', 'thesis': 'AI/算力方向容量中军，符合当前科技成长主线；盘后仅观察，需等竞价确认板块高开且核心锚点胜宏科技、沪电股份承接强，避免缩量追高。'}, {'symbol': 'sz300721', 'name': '怡达股份', 'score': 76, 'action': 'BUY', 'thesis': '半导体/电子材料方向可承接天承科技等高辨识度锚点的扩散情绪，若非涨停且放量高开承接健康，可作为主线内弹性补涨观察。'}, {'symbol': 'sh688010', 'name': '福光股份', 'score': 75, 'action': 'BUY', 'thesis': '科创板科技属性较强，适合作为高潮行情下的第三层形态试错标的；必须确认未涨停、竞价有量且不出现缩量急拉再考虑。'}]
[15:02:46] [AI] 信号: 紫光股份(sz000938) 动作=BUY 评分=80.0
[15:02:46] [风控] sz000938 加仓评分不足(80.0<85)
[15:02:46] [AI] 信号: 怡达股份(sz300721) 动作=BUY 评分=76.0
[15:02:46] [风控] 拒绝 sz300721: [A级]单只超限：16% > 普通上限15%
[15:02:46] [风控] sz300721 怡达股份 被拦截:[A级]单只超限：16% > 普通上限15%
[15:02:46] [AI] 信号: 福光股份(sh688010) 动作=BUY 评分=75.0
[15:02:46] [风控] sh688010 福光股份 被拦截:涨停限制(涨停价47.04)
[15:03:41] ✅ [记忆交接] AI 已加载昨日复盘。 🎯 关注作业:sh688603, sz300476, sz002463 | 🚫 禁忌模式:半路追高, 缩量半路板, 退潮期接力
[15:04:04] [AI] 交易分析完成: stage=高潮, signals=3
[15:04:04] [AI] 持仓分析: 4 项
[15:04:04] [AI] sz300410(正业科技): 动作=HOLD, 逻辑=VALID
[15:04:04] [AI] sh688317(之江生物): 动作=HOLD, 逻辑=VALID
[15:04:04] [AI] sh600021(上海电力): 动作=HOLD, 逻辑=VALID
[15:04:04] [AI] sz000938(紫光股份): 动作=HOLD, 逻辑=VALID
[15:04:04] [AI] 原始候选信号: [{'symbol': 'sz000938', 'name': '紫光股份', 'score': 82, 'action': 'BUY', 'thesis': 'AI/算力方向容量中军，适合作为高潮后主线是否持续的观察买点；盘后仅列为候选，次日需确认板块集体高开且自身不涨停、放量承接健康才考虑。'}, {'symbol': 'sh688010', 'name': '福光股份', 'score': 78, 'action': 'BUY', 'thesis': '科创板弹性标的，契合当前20cm科技成长扩散氛围，若次日竞价高开不过热且开盘换手承接强，可作为非涨停状态下的小仓试错。'}, {'symbol': 'sz000630', 'name': '铜陵有色', 'score': 75, 'action': 'BUY', 'thesis': '资源方向容量较大、价格低且更适合承接高潮后的资金轮动，若科技主线分歧而有色板块集体高开，可作为第三层兜底的形态与容量选择。'}]
[15:04:04] [AI] 信号: 紫光股份(sz000938) 动作=BUY 评分=82.0
[15:04:04] [风控] sz000938 加仓评分不足(82.0<85)
[15:04:04] [AI] 信号: 福光股份(sh688010) 动作=BUY 评分=78.0
[15:04:04] [风控] sh688010 福光股份 被拦截:涨停限制(涨停价47.04)
[15:04:04] [AI] 信号: 铜陵有色(sz000630) 动作=BUY 评分=75.0
[15:04:04] [风控] sz000630 铜陵有色 被拦截:涨停限制(涨停价6.36)
[15:04:50] ✅ [记忆交接] AI 已加载昨日复盘。 🎯 关注作业:sh688603, sz300476, sz002463 | 🚫 禁忌模式:半路追高, 缩量半路板, 退潮期接力
[15:05:13] [AI] 交易分析完成: stage=高潮, signals=3
[15:05:13] [AI] 持仓分析: 4 项
[15:05:13] [AI] sz300410(正业科技): 动作=HOLD, 逻辑=VALID
[15:05:13] [AI] sh688317(之江生物): 动作=HOLD, 逻辑=VALID
[15:05:13] [AI] sh600021(上海电力): 动作=HOLD, 逻辑=VALID
[15:05:13] [AI] sz000938(紫光股份): 动作=HOLD, 逻辑=VALID
[15:05:13] [AI] 原始候选信号: [{'symbol': 'sz000938', 'name': '紫光股份', 'score': 82, 'action': 'BUY', 'thesis': 'AI/算力方向容量中军，适合作为高潮期不追涨停时的观察核心；盘后仅列为次日竞价确认标的，若板块集体高开且个股放量强于指数再考虑。'}, {'symbol': 'sh688010', 'name': '福光股份', 'score': 78, 'action': 'BUY', 'thesis': '科创成长方向受市场风险偏好抬升带动，股价在预算内且未列入冷却；需观察次日是否随半导体/科技主线集体高开，避免缩量追高。'}, {'symbol': 'sz002245', 'name': '蔚蓝锂芯', 'score': 75, 'action': 'BUY', 'thesis': '资源与锂电方向具备轮动弹性，可作为主线外的形态兜底观察标的；仅适合小仓试错，若低开弱承接则放弃。'}]
[15:05:13] [AI] 信号: 紫光股份(sz000938) 动作=BUY 评分=82.0
[15:05:13] [风控] sz000938 加仓评分不足(82.0<85)
[15:05:13] [AI] 信号: 福光股份(sh688010) 动作=BUY 评分=78.0
[15:05:13] [风控] sh688010 福光股份 被拦截:涨停限制(涨停价47.04)
[15:05:13] [AI] 信号: 蔚蓝锂芯(sz002245) 动作=BUY 评分=75.0
[15:05:13] [风控] sz002245 蔚蓝锂芯 被拦截:涨停限制(涨停价20.41)
[15:06:19] ✅ [记忆交接] AI 已加载昨日复盘。 🎯 关注作业:sh688603, sz300476, sz002463 | 🚫 禁忌模式:半路追高, 缩量半路板, 退潮期接力
[15:06:42] [AI] 交易分析完成: stage=高潮, signals=3
[15:06:42] [AI] 持仓分析: 4 项
[15:06:42] [AI] sz300410(正业科技): 动作=HOLD, 逻辑=VALID
[15:06:42] [AI] sh688317(之江生物): 动作=HOLD, 逻辑=VALID
[15:06:42] [AI] sh600021(上海电力): 动作=HOLD, 逻辑=VALID
[15:06:42] [AI] sz000938(紫光股份): 动作=HOLD, 逻辑=VALID
[15:06:42] [AI] 原始候选信号: [{'symbol': 'sz000938', 'name': '紫光股份', 'score': 80, 'action': 'BUY', 'thesis': 'AI/算力方向的容量趋势中军，适合作为龙头涨停无法买入后的观察标的；若集合竞价温和高开且量价健康，可验证资金继续回流AI硬件。'}, {'symbol': 'sz002203', 'name': '海亮股份', 'score': 76, 'action': 'BUY', 'thesis': '资源有色方向在高潮行情中具备轮动承接潜力，若铜铝链条集体高开且非缩量冲高，可作为趋势轮动观察；不追涨停。'}, {'symbol': 'sh600021', 'name': '上海电力', 'score': 75, 'action': 'BUY', 'thesis': '电力板块具备防守与容量属性，在科技主线过热时可作为低波动趋势兜底；若集合竞价稳健高开且板块同步走强，可小仓试错。'}]
[15:06:42] [AI] 信号: 紫光股份(sz000938) 动作=BUY 评分=80.0
[15:06:42] [风控] sz000938 加仓评分不足(80.0<85)
[15:06:42] [AI] 信号: 海亮股份(sz002203) 动作=BUY 评分=76.0
[15:06:42] [交易] 获取到池外股票 sz002203 价格: 21.42
[15:06:42] [交易] 买入 海亮股份: 100股 @ 21.42
[15:06:42] [AI] 信号: 上海电力(sh600021) 动作=BUY 评分=75.0
[15:06:42] [风控] sh600021 加仓评分不足(75.0<85)
[15:07:49] ✅ [记忆交接] AI 已加载昨日复盘。 🎯 关注作业:sh688603, sz300476, sz002463 | 🚫 禁忌模式:半路追高, 缩量半路板, 退潮期接力
[15:08:24] [AI] 交易分析完成: stage=高潮, signals=3
[15:08:24] [AI] 持仓分析: 5 项
[15:08:24] [AI] sz300410(正业科技): 动作=HOLD, 逻辑=VALID
[15:08:24] [AI] sh688317(之江生物): 动作=HOLD, 逻辑=VALID
[15:08:24] [AI] sh600021(上海电力): 动作=HOLD, 逻辑=VALID
[15:08:24] [AI] sz000938(紫光股份): 动作=HOLD, 逻辑=VALID
[15:08:24] [AI] sz002203(海亮股份): 动作=HOLD, 逻辑=VALID
[15:08:24] [AI] 原始候选信号: [{'symbol': 'sh688010', 'name': '福光股份', 'score': 82, 'action': 'BUY', 'thesis': '科技成长高潮扩散下，福光股份属于可交易的科创硬件方向，非已知涨停标的，次日仅在竞价温和高开且放量承接健康时小仓参与。'}, {'symbol': 'sz000938', 'name': '紫光股份', 'score': 80, 'action': 'BUY', 'thesis': 'AI/算力方向容量中军，适合作为龙头涨停买不到时的第二层选择；若次日板块集体高开且紫光股份强于指数，可考虑加仓但避免追缩量急拉。'}, {'symbol': 'sz002245', 'name': '蔚蓝锂芯', 'score': 76, 'action': 'BUY', 'thesis': '资源与锂电分支在普涨高潮中具备轮动补涨可能，形态若保持放量上行且未涨停，可作为第三层小仓试错标的。'}]
[15:08:24] [AI] 信号: 福光股份(sh688010) 动作=BUY 评分=82.0
[15:08:24] [风控] sh688010 福光股份 被拦截:涨停限制(涨停价47.04)
[15:08:24] [AI] 信号: 紫光股份(sz000938) 动作=BUY 评分=80.0
[15:08:24] [风控] sz000938 加仓评分不足(80.0<85)
[15:08:24] [AI] 信号: 蔚蓝锂芯(sz002245) 动作=BUY 评分=76.0
[15:08:24] [风控] sz002245 蔚蓝锂芯 被拦截:涨停限制(涨停价20.41)
[15:09:18] ✅ [记忆交接] AI 已加载昨日复盘。 🎯 关注作业:sh688603, sz300476, sz002463 | 🚫 禁忌模式:半路追高, 缩量半路板, 退潮期接力
[15:09:52] [AI] 交易分析完成: stage=高潮, signals=3
[15:09:52] [AI] 持仓分析: 5 项
[15:09:52] [AI] sz300410(正业科技): 动作=HOLD, 逻辑=VALID
[15:09:52] [AI] sh688317(之江生物): 动作=HOLD, 逻辑=VALID
[15:09:52] [AI] sh600021(上海电力): 动作=HOLD, 逻辑=VALID
[15:09:52] [AI] sz000938(紫光股份): 动作=HOLD, 逻辑=VALID
[15:09:52] [AI] sz002203(海亮股份): 动作=HOLD, 逻辑=VALID
[15:09:52] [AI] 原始候选信号: [{'symbol': 'sz000938', 'name': '紫光股份', 'score': 79, 'action': 'BUY', 'thesis': 'AI/算力方向容量中军，适合作为科技主线趋势确认标的；仅在次日未涨停、竞价高开不过热且放量承接时考虑小幅加仓。'}, {'symbol': 'sh688010', 'name': '福光股份', 'score': 76, 'action': 'BUY', 'thesis': '科创板科技弹性标的，受半导体、光学、AI硬件情绪扩散带动；非龙头但形态若强于板块，可作为第二层趋势补涨观察。'}, {'symbol': 'sz002245', 'name': '蔚蓝锂芯', 'score': 75, 'action': 'BUY', 'thesis': '锂电资源方向中形态相对活跃，作为科技主线外的兜底强势标的；只适合小仓试错，若竞价不及预期则放弃。'}]
[15:09:52] [AI] 信号: 紫光股份(sz000938) 动作=BUY 评分=79.0
[15:09:52] [风控] sz000938 加仓评分不足(79.0<85)
[15:09:52] [AI] 信号: 福光股份(sh688010) 动作=BUY 评分=76.0
[15:09:52] [风控] sh688010 福光股份 被拦截:涨停限制(涨停价47.04)
[15:09:52] [AI] 信号: 蔚蓝锂芯(sz002245) 动作=BUY 评分=75.0
[15:09:52] [风控] sz002245 蔚蓝锂芯 被拦截:涨停限制(涨停价20.41)
[15:10:48] ✅ [记忆交接] AI 已加载昨日复盘。 🎯 关注作业:sh688603, sz300476, sz002463 | 🚫 禁忌模式:半路追高, 缩量半路板, 退潮期接力
[15:11:13] [AI] 交易分析完成: stage=高潮, signals=3
[15:11:13] [AI] 持仓分析: 5 项
[15:11:13] [AI] sz300410(正业科技): 动作=HOLD, 逻辑=VALID
[15:11:13] [AI] sh688317(之江生物): 动作=HOLD, 逻辑=VALID
[15:11:13] [AI] sh600021(上海电力): 动作=HOLD, 逻辑=VALID
[15:11:13] [AI] sz000938(紫光股份): 动作=HOLD, 逻辑=VALID
[15:11:13] [AI] sz002203(海亮股份): 动作=HOLD, 逻辑=VALID
[15:11:13] [AI] 原始候选信号: [{'symbol': 'sz000938', 'name': '紫光股份', 'score': 78, 'action': 'BUY', 'thesis': 'AI/算力方向容量中军，适合作为高潮期不追涨停的趋势观察标的；仅在次日未涨停、竞价高开温和且放量承接健康时考虑低吸或跟随。'}, {'symbol': 'sh600021', 'name': '上海电力', 'score': 74, 'action': 'BUY', 'thesis': '电力容量品种具备防守与趋势属性，若科技高潮后出现分歧，资金可能轮动至低位容量方向；仅观察未涨停且量价稳定时的小仓机会。'}, {'symbol': 'sz000630', 'name': '铜陵有色', 'score': 72, 'action': 'BUY', 'thesis': '资源有色方向低价容量标的，适合作为主线外扩散的兜底观察对象；需确认板块集体高开且个股未涨停，避免高潮日缩量追高。'}]
[15:11:13] [AI] 信号: 紫光股份(sz000938) 动作=BUY 评分=78.0
[15:11:13] [风控] sz000938 加仓评分不足(78.0<85)
[15:11:13] [AI] 信号: 上海电力(sh600021) 动作=BUY 评分=74.0
[15:11:13] [风控] sh600021 加仓评分不足(74.0<85)
[15:11:13] [AI] 信号: 铜陵有色(sz000630) 动作=BUY 评分=72.0
[15:11:13] [风控] sz000630 铜陵有色 被拦截:涨停限制(涨停价6.36)
[15:12:18] ✅ [记忆交接] AI 已加载昨日复盘。 🎯 关注作业:sh688603, sz300476, sz002463 | 🚫 禁忌模式:半路追高, 缩量半路板, 退潮期接力
[15:12:49] [AI] 交易分析完成: stage=高潮, signals=3
[15:12:49] [AI] 持仓分析: 5 项
[15:12:49] [AI] sz300410(正业科技): 动作=HOLD, 逻辑=VALID
[15:12:49] [AI] sh688317(之江生物): 动作=HOLD, 逻辑=VALID
[15:12:49] [AI] sh600021(上海电力): 动作=HOLD, 逻辑=VALID
[15:12:49] [AI] sz000938(紫光股份): 动作=HOLD, 逻辑=VALID
[15:12:49] [AI] sz002203(海亮股份): 动作=HOLD, 逻辑=VALID
[15:12:49] [AI] 原始候选信号: [{'symbol': 'sz000938', 'name': '紫光股份', 'score': 82, 'action': 'BUY', 'thesis': 'AI/算力方向趋势中军，容量较大且未显示涨停，若次日竞价高开不极端、放量承接强，可作为科技主线的趋势加仓观察标的。'}, {'symbol': 'sz000630', 'name': '铜陵有色', 'score': 78, 'action': 'BUY', 'thesis': '资源有色方向容量中军，价格低、流动性好，若资源板块集体高开且铜铝链继续放量，可作为非涨停趋势承接标的。'}, {'symbol': 'sh688010', 'name': '福光股份', 'score': 75, 'action': 'BUY', 'thesis': '科创成长方向形态相对可观察，若半导体/科技板块延续高潮且未涨停，可小仓试错，避免缩量追高。'}]
[15:12:49] [AI] 信号: 紫光股份(sz000938) 动作=BUY 评分=82.0
[15:12:49] [风控] sz000938 加仓评分不足(82.0<85)
[15:12:49] [AI] 信号: 铜陵有色(sz000630) 动作=BUY 评分=78.0
[15:12:49] [风控] sz000630 铜陵有色 被拦截:涨停限制(涨停价6.36)
[15:12:49] [AI] 信号: 福光股份(sh688010) 动作=BUY 评分=75.0
[15:12:49] [风控] sh688010 福光股份 被拦截:涨停限制(涨停价47.04)
[15:13:48] ✅ [记忆交接] AI 已加载昨日复盘。 🎯 关注作业:sh688603, sz300476, sz002463 | 🚫 禁忌模式:半路追高, 缩量半路板, 退潮期接力
[15:14:11] [AI] 交易分析完成: stage=高潮, signals=3
[15:14:11] [AI] 持仓分析: 5 项
[15:14:11] [AI] sz300410(正业科技): 动作=HOLD, 逻辑=VALID
[15:14:11] [AI] sh688317(之江生物): 动作=HOLD, 逻辑=VALID
[15:14:11] [AI] sh600021(上海电力): 动作=HOLD, 逻辑=VALID
[15:14:11] [AI] sz000938(紫光股份): 动作=HOLD, 逻辑=VALID
[15:14:11] [AI] sz002203(海亮股份): 动作=HOLD, 逻辑=VALID
[15:14:11] [AI] 原始候选信号: [{'symbol': 'sh688010', 'name': '福光股份', 'score': 78, 'action': 'BUY', 'thesis': '科技成长高潮下，光学/科创属性贴近AI硬件扩散方向，未明确涨停且价格符合预算，适合作为主线趋势补涨观察标的。'}, {'symbol': 'sh688458', 'name': '美芯晟', 'score': 76, 'action': 'BUY', 'thesis': '半导体为当前强势分支之一，若次日板块集体高开且个股放量承接，可作为非涨停趋势弹性标的小仓试错。'}, {'symbol': 'sz002421', 'name': '达实智能', 'score': 72, 'action': 'BUY', 'thesis': 'AI/人工智能方向辨识度较高，但今日接近涨停，若次日一字或涨停不买，仅在开板后放量强承接且未触及涨停时观察低吸机会。'}]
[15:14:11] [AI] 信号: 福光股份(sh688010) 动作=BUY 评分=78.0
[15:14:11] [风控] sh688010 福光股份 被拦截:涨停限制(涨停价47.04)
[15:14:11] [AI] 信号: 美芯晟(sh688458) 动作=BUY 评分=76.0
[15:14:11] [风控] 拒绝 sh688458: [A级]单只超限：24% > 普通上限15%
[15:14:11] [风控] sh688458 美芯晟 被拦截:[A级]单只超限：24% > 普通上限15%
[15:14:11] [AI] 信号: 达实智能(sz002421) 动作=BUY 评分=72.0
[15:14:11] [风控] sz002421 达实智能 被拦截:涨停限制(涨停价4.36)
[15:14:11] [关注] 自动加入 达实智能(sz002421) 到观察池
[15:15:17] ✅ [记忆交接] AI 已加载昨日复盘。 🎯 关注作业:sh688603, sz300476, sz002463 | 🚫 禁忌模式:半路追高, 缩量半路板, 退潮期接力
[15:15:50] [AI] 交易分析完成: stage=高潮/盘后观察, signals=3
[15:15:50] [AI] 持仓分析: 5 项
[15:15:50] [AI] sz300410(正业科技): 动作=HOLD, 逻辑=VALID
[15:15:50] [AI] sh688317(之江生物): 动作=HOLD, 逻辑=VALID
[15:15:50] [AI] sh600021(上海电力): 动作=HOLD, 逻辑=VALID
[15:15:50] [AI] sz000938(紫光股份): 动作=HOLD, 逻辑=VALID
[15:15:50] [AI] sz002203(海亮股份): 动作=HOLD, 逻辑=VALID
[15:15:50] [AI] 原始候选信号: [{'symbol': 'sz000938', 'name': '紫光股份', 'score': 82, 'action': 'BUY', 'thesis': 'AI/算力方向容量中军，当前市场科技线高潮，若次日竞价高开且胜宏科技、沪电股份维持强趋势，可作为主线中军观察。'}, {'symbol': 'sh688010', 'name': '福光股份', 'score': 78, 'action': 'BUY', 'thesis': '科创硬件方向弹性标的，受科技成长主线扩散带动，需观察是否放量高开而非缩量冲高。'}, {'symbol': 'sz002245', 'name': '蔚蓝锂芯', 'score': 75, 'action': 'BUY', 'thesis': '资源与锂电分支具备轮动可能，作为非涨停形态兜底观察标的，仅适合小仓试错，需等待竞价确认承接。'}]
[15:15:50] [AI] 信号: 紫光股份(sz000938) 动作=BUY 评分=82.0
[15:15:50] [风控] sz000938 加仓评分不足(82.0<85)
[15:15:50] [AI] 信号: 福光股份(sh688010) 动作=BUY 评分=78.0
[15:15:50] [风控] sh688010 福光股份 被拦截:涨停限制(涨停价47.04)
[15:15:50] [AI] 信号: 蔚蓝锂芯(sz002245) 动作=BUY 评分=75.0
[15:15:50] [风控] sz002245 蔚蓝锂芯 被拦截:涨停限制(涨停价20.41)
[15:16:46] ✅ [记忆交接] AI 已加载昨日复盘。 🎯 关注作业:sh688603, sz300476, sz002463 | 🚫 禁忌模式:半路追高, 缩量半路板, 退潮期接力
[15:17:17] [AI] 交易分析完成: stage=高潮, signals=3
[15:17:17] [AI] 持仓分析: 5 项
[15:17:17] [AI] sz300410(正业科技): 动作=HOLD, 逻辑=VALID
[15:17:17] [AI] sh688317(之江生物): 动作=HOLD, 逻辑=VALID
[15:17:17] [AI] sh600021(上海电力): 动作=HOLD, 逻辑=VALID
[15:17:17] [AI] sz000938(紫光股份): 动作=HOLD, 逻辑=VALID
[15:17:17] [AI] sz002203(海亮股份): 动作=HOLD, 逻辑=VALID
[15:17:17] [AI] 原始候选信号: [{'symbol': 'sz000938', 'name': '紫光股份', 'score': 84, 'action': 'BUY', 'thesis': 'AI/算力方向容量中军，适合作为主线趋势承接观察标的；非交易时段仅列入观察，明日需竞价高开不炸、放量健康且未涨停时才考虑加仓。'}, {'symbol': 'sh688010', 'name': '福光股份', 'score': 78, 'action': 'BUY', 'thesis': '科创科技方向弹性标的，受半导体与科技成长情绪带动；需观察明日是否随科创板集体高开并保持承接，避免缩量追高。'}, {'symbol': 'sz002421', 'name': '达实智能', 'score': 75, 'action': 'BUY', 'thesis': 'AI/智能化方向辨识度较高，但今日已接近涨停，严格遵守涨停不买；仅在明日未涨停、充分换手且竞价承接强时小仓试错。'}]
[15:17:17] [AI] 信号: 紫光股份(sz000938) 动作=BUY 评分=84.0
[15:17:17] [风控] sz000938 加仓评分不足(84.0<85)
[15:17:17] [AI] 信号: 福光股份(sh688010) 动作=BUY 评分=78.0
[15:17:17] [风控] sh688010 福光股份 被拦截:涨停限制(涨停价47.04)
[15:17:17] [AI] 信号: 达实智能(sz002421) 动作=BUY 评分=75.0
[15:17:17] [风控] sz002421 达实智能 被拦截:涨停限制(涨停价4.36)
[15:18:16] ✅ [记忆交接] AI 已加载昨日复盘。 🎯 关注作业:sh688603, sz300476, sz002463 | 🚫 禁忌模式:半路追高, 缩量半路板, 退潮期接力
[15:18:49] [AI] 交易分析完成: stage=高潮, signals=3
[15:18:49] [AI] 持仓分析: 5 项
[15:18:49] [AI] sz300410(正业科技): 动作=HOLD, 逻辑=VALID
[15:18:49] [AI] sh688317(之江生物): 动作=HOLD, 逻辑=VALID
[15:18:49] [AI] sh600021(上海电力): 动作=HOLD, 逻辑=VALID
[15:18:49] [AI] sz000938(紫光股份): 动作=HOLD, 逻辑=VALID
[15:18:49] [AI] sz002203(海亮股份): 动作=HOLD, 逻辑=VALID
[15:18:49] [AI] 原始候选信号: [{'symbol': 'sz000938', 'name': '紫光股份', 'score': 82, 'action': 'BUY', 'thesis': 'AI/算力硬件方向的容量中军，未涨停且价格符合预算，盘后仅列为次日竞价观察标的，若板块集体高开且自身放量强承接可考虑低吸，避免缩量追高。'}, {'symbol': 'sh688010', 'name': '福光股份', 'score': 78, 'action': 'BUY', 'thesis': '科创成长方向具备补涨弹性，价格低于单票预算且未涨停，适合作为半导体/科技扩散的观察标的，次日必须看高开承接与量能确认。'}, {'symbol': 'sz300721', 'name': '怡达股份', 'score': 75, 'action': 'BUY', 'thesis': '半导体材料链条的可交易弹性标的，主线热度较高但非绝对龙头，若核心龙头继续一字或高位强承接，可小仓试错，严禁缩量拉升时半路追高。'}]
[15:18:49] [AI] 信号: 紫光股份(sz000938) 动作=BUY 评分=82.0
[15:18:49] [风控] sz000938 加仓评分不足(82.0<85)
[15:18:49] [AI] 信号: 福光股份(sh688010) 动作=BUY 评分=78.0
[15:18:49] [风控] sh688010 福光股份 被拦截:涨停限制(涨停价47.04)
[15:18:49] [AI] 信号: 怡达股份(sz300721) 动作=BUY 评分=75.0
[15:18:49] [风控] 拒绝 sz300721: [A级]单只超限：16% > 普通上限15%
[15:18:49] [风控] sz300721 怡达股份 被拦截:[A级]单只超限：16% > 普通上限15%
[15:19:45] ✅ [记忆交接] AI 已加载昨日复盘。 🎯 关注作业:sh688603, sz300476, sz002463 | 🚫 禁忌模式:半路追高, 缩量半路板, 退潮期接力
[15:20:10] [AI] 交易分析完成: stage=高潮, signals=3
[15:20:10] [AI] 持仓分析: 5 项
[15:20:10] [AI] sz300410(正业科技): 动作=HOLD, 逻辑=VALID
[15:20:10] [AI] sh688317(之江生物): 动作=HOLD, 逻辑=VALID
[15:20:10] [AI] sh600021(上海电力): 动作=HOLD, 逻辑=VALID
[15:20:10] [AI] sz000938(紫光股份): 动作=HOLD, 逻辑=VALID
[15:20:10] [AI] sz002203(海亮股份): 动作=HOLD, 逻辑=VALID
[15:20:10] [AI] 原始候选信号: [{'symbol': 'sz000938', 'name': '紫光股份', 'score': 82, 'action': 'BUY', 'thesis': 'AI/算力方向容量中军，当前科技成长为市场主攻，若明日未涨停且高开后承接健康，可作为第二层趋势中军观察低吸，不追缩量拉升。'}, {'symbol': 'sh688010', 'name': '福光股份', 'score': 78, 'action': 'BUY', 'thesis': '科创方向情绪强，若半导体/科技股集体高开且福光股份放量承接、未触及涨停，可作为科技扩散的弹性观察标的。'}, {'symbol': 'sz000630', 'name': '铜陵有色', 'score': 75, 'action': 'BUY', 'thesis': '有色资源容量较好、股价适配资金约束，若科技主线分歧而资源板块集体高开走强，可作为兜底方向小仓试错，严禁追高涨停。'}]
[15:20:10] [AI] 信号: 紫光股份(sz000938) 动作=BUY 评分=82.0
[15:20:10] [风控] sz000938 加仓评分不足(82.0<85)
[15:20:10] [AI] 信号: 福光股份(sh688010) 动作=BUY 评分=78.0
[15:20:10] [风控] sh688010 福光股份 被拦截:涨停限制(涨停价47.04)
[15:20:10] [AI] 信号: 铜陵有色(sz000630) 动作=BUY 评分=75.0
[15:20:10] [风控] sz000630 铜陵有色 被拦截:涨停限制(涨停价6.36)
[15:21:15] ✅ [记忆交接] AI 已加载昨日复盘。 🎯 关注作业:sh688603, sz300476, sz002463 | 🚫 禁忌模式:半路追高, 缩量半路板, 退潮期接力
[15:21:45] [AI] 交易分析完成: stage=高潮, signals=1
[15:21:45] [AI] 持仓分析: 5 项
[15:21:45] [AI] sz300410(正业科技): 动作=HOLD, 逻辑=VALID
[15:21:45] [AI] sh688317(之江生物): 动作=HOLD, 逻辑=VALID
[15:21:45] [AI] sh600021(上海电力): 动作=HOLD, 逻辑=VALID
[15:21:45] [AI] sz000938(紫光股份): 动作=HOLD, 逻辑=VALID
[15:21:45] [AI] sz002203(海亮股份): 动作=HOLD, 逻辑=VALID
[15:21:45] [AI] 原始候选信号: [{'symbol': 'sz000938', 'name': '紫光股份', 'score': 78, 'action': 'BUY', 'thesis': 'AI/算力方向趋势中军，价格在预算内且容量较好；盘后仅列为明日观察候选，需竞价高开不涨停、量价健康且板块集体强承接时才考虑小幅加仓，避免高潮次日追高。'}]
[15:21:45] [AI] 信号: 紫光股份(sz000938) 动作=BUY 评分=78.0
[15:21:45] [风控] sz000938 加仓评分不足(78.0<85)
[15:22:45] ✅ [记忆交接] AI 已加载昨日复盘。 🎯 关注作业:sh688603, sz300476, sz002463 | 🚫 禁忌模式:半路追高, 缩量半路板, 退潮期接力
[15:23:09] [AI] 交易分析完成: stage=高潮, signals=3
[15:23:09] [AI] 持仓分析: 5 项
[15:23:09] [AI] sz300410(正业科技): 动作=HOLD, 逻辑=VALID
[15:23:09] [AI] sh688317(之江生物): 动作=HOLD, 逻辑=VALID
[15:23:09] [AI] sh600021(上海电力): 动作=HOLD, 逻辑=VALID
[15:23:09] [AI] sz000938(紫光股份): 动作=HOLD, 逻辑=VALID
[15:23:09] [AI] sz002203(海亮股份): 动作=HOLD, 逻辑=VALID
[15:23:09] [AI] 原始候选信号: [{'symbol': 'sh688010', 'name': '福光股份', 'score': 78, 'action': 'BUY', 'thesis': '科创成长属性叠加AI硬件/光学方向，未处于明确涨停不可买状态，作为科技主线分化后承接观察标的，需等竞价不缩量冲高且有资金主动承接。'}, {'symbol': 'sz000630', 'name': '铜陵有色', 'score': 76, 'action': 'BUY', 'thesis': '资源有色容量中军，适合在高潮后分歧阶段观察是否出现资金从高弹性科技向低位容量品种切换，需确认板块集体高开且量价健康。'}, {'symbol': 'sh600545', 'name': '卓郎智能', 'score': 75, 'action': 'BUY', 'thesis': 'AI/智能制造低价弹性标的，作为第三层形态试错备选，仅在非涨停、竞价强于同板块且放量承接时小仓观察，避免缩量半路追高。'}]
[15:23:09] [AI] 信号: 福光股份(sh688010) 动作=BUY 评分=78.0
[15:23:09] [风控] sh688010 福光股份 被拦截:涨停限制(涨停价47.04)
[15:23:09] [AI] 信号: 铜陵有色(sz000630) 动作=BUY 评分=76.0
[15:23:09] [风控] sz000630 铜陵有色 被拦截:涨停限制(涨停价6.36)
[15:23:09] [AI] 信号: 卓郎智能(sh600545) 动作=BUY 评分=75.0
[15:23:09] [风控] sh600545 卓郎智能 被拦截:涨停限制(涨停价6.38)
[15:24:15] ✅ [记忆交接] AI 已加载昨日复盘。 🎯 关注作业:sh688603, sz300476, sz002463 | 🚫 禁忌模式:半路追高, 缩量半路板, 退潮期接力
[15:24:45] [AI] 交易分析完成: stage=高潮期盘后观察, signals=3
[15:24:45] [AI] 持仓分析: 5 项
[15:24:45] [AI] sz300410(正业科技): 动作=HOLD, 逻辑=VALID
[15:24:45] [AI] sh688317(之江生物): 动作=HOLD, 逻辑=VALID
[15:24:45] [AI] sh600021(上海电力): 动作=HOLD, 逻辑=VALID
[15:24:45] [AI] sz000938(紫光股份): 动作=HOLD, 逻辑=VALID
[15:24:45] [AI] sz002203(海亮股份): 动作=HOLD, 逻辑=VALID
[15:24:45] [AI] 原始候选信号: [{'symbol': 'sh688010', 'name': '福光股份', 'score': 78, 'action': 'BUY', 'thesis': '科创成长方向具备AI硬件/光学属性，未列为涨停且价格在预算内，若次日不涨停并放量高开承接强，可作为半导体与AI扩散方向的趋势试错。'}, {'symbol': 'sz000630', 'name': '铜陵有色', 'score': 76, 'action': 'BUY', 'thesis': '有色资源方向具备容量中军属性，适合高潮期不追涨停时寻找量价健康标的，若次日板块集体高开且个股不缩量冲高，可小仓跟随。'}, {'symbol': 'sz300243', 'name': '瑞丰高材', 'score': 75, 'action': 'BUY', 'thesis': '创业板弹性标的，适合作为核心龙头涨停买不到后的形态兜底选择，仅在次日竞价强于板块且非缩量急拉时小仓试错。'}]
[15:24:45] [AI] 信号: 福光股份(sh688010) 动作=BUY 评分=78.0
[15:24:45] [风控] sh688010 福光股份 被拦截:涨停限制(涨停价47.04)
[15:24:45] [AI] 信号: 铜陵有色(sz000630) 动作=BUY 评分=76.0
[15:24:45] [风控] sz000630 铜陵有色 被拦截:涨停限制(涨停价6.36)
[15:24:45] [AI] 信号: 瑞丰高材(sz300243) 动作=BUY 评分=75.0
[15:24:45] [风控] sz300243 瑞丰高材 被拦截:涨停限制(涨停价20.87)
[15:25:46] ✅ [记忆交接] AI 已加载昨日复盘。 🎯 关注作业:sh688603, sz300476, sz002463 | 🚫 禁忌模式:半路追高, 缩量半路板, 退潮期接力
[15:26:11] [AI] 交易分析完成: stage=高潮, signals=3
[15:26:11] [AI] 持仓分析: 5 项
[15:26:11] [AI] sz300410(正业科技): 动作=HOLD, 逻辑=VALID
[15:26:11] [AI] sh688317(之江生物): 动作=HOLD, 逻辑=VALID
[15:26:11] [AI] sh600021(上海电力): 动作=HOLD, 逻辑=VALID
[15:26:11] [AI] sz000938(紫光股份): 动作=HOLD, 逻辑=VALID
[15:26:11] [AI] sz002203(海亮股份): 动作=HOLD, 逻辑=VALID
[15:26:11] [AI] 原始候选信号: [{'symbol': 'sz000938', 'name': '紫光股份', 'score': 78, 'action': 'BUY', 'thesis': 'AI/算力方向容量中军，未处于涨停状态，若次日竞价高开且板块集体强承接，可作为主线趋势中军观察加仓。'}, {'symbol': 'sh601899', 'name': '紫金矿业', 'score': 76, 'action': 'BUY', 'thesis': '资源方向容量核心，市场高潮期可作为高流动性趋势品种承接资金，适合在不追涨停且量价健康时小仓参与。'}, {'symbol': 'sz000630', 'name': '铜陵有色', 'score': 75, 'action': 'BUY', 'thesis': '有色金属板块趋势中军之一，价格低、容量较好，若资源股次日继续集体高开并放量，可作为兜底形态试错标的。'}]
[15:26:11] [AI] 信号: 紫光股份(sz000938) 动作=BUY 评分=78.0
[15:26:11] [风控] sz000938 加仓评分不足(78.0<85)
[15:26:11] [AI] 信号: 紫金矿业(sh601899) 动作=BUY 评分=76.0
[15:26:11] [风控] 拒绝 sh601899: [A级]单只超限：15% > 普通上限15%
[15:26:11] [风控] sh601899 紫金矿业 被拦截:[A级]单只超限：15% > 普通上限15%
[15:26:11] [AI] 信号: 铜陵有色(sz000630) 动作=BUY 评分=75.0
[15:26:11] [风控] sz000630 铜陵有色 被拦截:涨停限制(涨停价6.36)
[15:27:13] ✅ [记忆交接] AI 已加载昨日复盘。 🎯 关注作业:sh688603, sz300476, sz002463 | 🚫 禁忌模式:半路追高, 缩量半路板, 退潮期接力
[15:27:50] [AI] 交易分析完成: stage=高潮, signals=3
[15:27:50] [AI] 持仓分析: 5 项
[15:27:50] [AI] sz300410(正业科技): 动作=HOLD, 逻辑=VALID
[15:27:50] [AI] sh688317(之江生物): 动作=HOLD, 逻辑=VALID
[15:27:50] [AI] sh600021(上海电力): 动作=HOLD, 逻辑=VALID
[15:27:50] [AI] sz000938(紫光股份): 动作=HOLD, 逻辑=VALID
[15:27:50] [AI] sz002203(海亮股份): 动作=HOLD, 逻辑=VALID
[15:27:50] [AI] 原始候选信号: [{'symbol': 'sz000938', 'name': '紫光股份', 'score': 82, 'action': 'BUY', 'thesis': 'AI/算力方向容量中军，未涨停且价格符合预算，若次日板块集体高开且自身放量承接，可作为趋势加仓观察标的，避免缩量追高。'}, {'symbol': 'sh688010', 'name': '福光股份', 'score': 78, 'action': 'BUY', 'thesis': '科创硬件与光学方向具备科技补涨属性，当前未列入冷却且价格符合预算，适合作为主线核心涨停无法买入后的二层趋势备选。'}, {'symbol': 'sz000630', 'name': '铜陵有色', 'score': 75, 'action': 'BUY', 'thesis': '有色资源线在高潮行情中具备容量与趋势承接，若科技主线分歧而资源板块继续集体高开，可作为低价容量中军的小仓试错选择。'}]
[15:27:50] [AI] 信号: 紫光股份(sz000938) 动作=BUY 评分=82.0
[15:27:50] [风控] sz000938 加仓评分不足(82.0<85)
[15:27:50] [AI] 信号: 福光股份(sh688010) 动作=BUY 评分=78.0
[15:27:50] [风控] sh688010 福光股份 被拦截:涨停限制(涨停价47.04)
[15:27:50] [AI] 信号: 铜陵有色(sz000630) 动作=BUY 评分=75.0
[15:27:50] [风控] sz000630 铜陵有色 被拦截:涨停限制(涨停价6.36)
[15:28:43] ✅ [记忆交接] AI 已加载昨日复盘。 🎯 关注作业:sh688603, sz300476, sz002463 | 🚫 禁忌模式:半路追高, 缩量半路板, 退潮期接力
[15:29:08] [AI] 交易分析完成: stage=高潮, signals=3
[15:29:08] [AI] 持仓分析: 5 项
[15:29:08] [AI] sz300410(正业科技): 动作=HOLD, 逻辑=VALID
[15:29:08] [AI] sh688317(之江生物): 动作=HOLD, 逻辑=VALID
[15:29:08] [AI] sh600021(上海电力): 动作=HOLD, 逻辑=VALID
[15:29:08] [AI] sz000938(紫光股份): 动作=HOLD, 逻辑=VALID
[15:29:08] [AI] sz002203(海亮股份): 动作=HOLD, 逻辑=VALID
[15:29:08] [AI] 原始候选信号: [{'symbol': 'sz300174', 'name': '元力股份', 'score': 78, 'action': 'BUY', 'thesis': '创业板方向情绪最强但核心20cm多已涨停不可追，元力股份若次日不涨停且高开后放量承接，可作为同风格扩散的低吸试错标的。'}, {'symbol': 'sh688010', 'name': '福光股份', 'score': 76, 'action': 'BUY', 'thesis': '科创成长线受天承科技、慧智微-U等强锚点带动，福光股份价格符合预算且未列入冷却，若集合竞价强于板块且不封涨停，可小仓跟随科技主线。'}, {'symbol': 'sz002245', 'name': '蔚蓝锂芯', 'score': 75, 'action': 'BUY', 'thesis': '资源与锂电方向有补涨属性，当前高潮期优先看主线扩散，若科技高位分歧而锂电资源集体高开承接，可作为形态兜底的小仓试错。'}]
[15:29:08] [AI] 信号: 元力股份(sz300174) 动作=BUY 评分=78.0
[15:29:08] [风控] sz300174 元力股份 被拦截:涨停限制(涨停价22.92)
[15:29:08] [AI] 信号: 福光股份(sh688010) 动作=BUY 评分=76.0
[15:29:08] [风控] sh688010 福光股份 被拦截:涨停限制(涨停价47.04)
[15:29:08] [AI] 信号: 蔚蓝锂芯(sz002245) 动作=BUY 评分=75.0
[15:29:08] [风控] sz002245 蔚蓝锂芯 被拦截:涨停限制(涨停价20.41)
[15:30:13] ✅ [记忆交接] AI 已加载昨日复盘。 🎯 关注作业:sh688603, sz300476, sz002463 | 🚫 禁忌模式:半路追高, 缩量半路板, 退潮期接力
[15:30:45] [AI] 交易分析完成: stage=高潮, signals=3
[15:30:45] [AI] 持仓分析: 5 项
[15:30:45] [AI] sz300410(正业科技): 动作=HOLD, 逻辑=VALID
[15:30:45] [AI] sh688317(之江生物): 动作=HOLD, 逻辑=VALID
[15:30:45] [AI] sh600021(上海电力): 动作=HOLD, 逻辑=VALID
[15:30:45] [AI] sz000938(紫光股份): 动作=HOLD, 逻辑=VALID
[15:30:45] [AI] sz002203(海亮股份): 动作=HOLD, 逻辑=VALID
[15:30:45] [AI] 原始候选信号: [{'symbol': 'sz000938', 'name': '紫光股份', 'score': 82, 'action': 'BUY', 'thesis': 'AI/算力方向容量中军，未涨停且价格在预算内，若次日竞价高开不缩量、承接强于指数，可作为科技主线趋势加仓观察。'}, {'symbol': 'sh688458', 'name': '美芯晟', 'score': 78, 'action': 'BUY', 'thesis': '半导体方向受慧智微-U等20cm强势锚点带动，若次日不直接涨停且放量高开后回踩承接健康，可小仓跟随主线扩散。'}, {'symbol': 'sz002245', 'name': '蔚蓝锂芯', 'score': 75, 'action': 'BUY', 'thesis': '资源与锂电方向具备趋势弹性，作为非涨停的形态兜底标的，若次日板块集体高开且个股量价健康，可小仓试错。'}]
[15:30:45] [AI] 信号: 紫光股份(sz000938) 动作=BUY 评分=82.0
[15:30:45] [风控] sz000938 加仓评分不足(82.0<85)
[15:30:45] [AI] 信号: 美芯晟(sh688458) 动作=BUY 评分=78.0
[15:30:45] [风控] 拒绝 sh688458: [A级]单只超限：24% > 普通上限15%
[15:30:45] [风控] sh688458 美芯晟 被拦截:[A级]单只超限：24% > 普通上限15%
[15:30:45] [AI] 信号: 蔚蓝锂芯(sz002245) 动作=BUY 评分=75.0
[15:30:45] [风控] sz002245 蔚蓝锂芯 被拦截:涨停限制(涨停价20.41)
[15:31:40] [交易 AI] 正在休市,等待开盘自动运行...
[15:35:33] [研究 AI] 触发节点 [收盘后深度复盘],开始调用进行工作...
[15:36:15] [研究 AI] [收盘后深度复盘] 工作完成。提示: 明日以确认主线强弱为核心，保留AI算力/PCB等更贴近弹性主线的仓位，弱化医药、电力、有色等轮动属性仓位，所有非核心标的若不能放量站上关键价位应优先降仓。
[15:36:15] [研究 AI] 今日复盘日记已成功写入数据库。
[17:04:37] [系统] 正在启动双线程分析架构...
[17:04:37] [交易 AI] 线程已启动,间隔 90 秒 (优先级:高)。
[17:04:37] [系统] 双线程分析循环已启动 (交易 + 研究)。
[17:04:37] [研究 AI] 独立后台已启动,正在后台运行中... (等待触发节点)
[17:04:37] [交易 AI] 正在休市,等待开盘自动运行...
[21:43:22] [系统] 正在启动双线程分析架构...
[21:43:22] [交易 AI] 线程已启动,间隔 90 秒 (优先级:高)。
[21:43:22] [研究 AI] 独立后台已启动,正在后台运行中... (等待触发节点)
[21:43:22] [系统] 双线程分析循环已启动 (交易 + 研究)。
[21:43:22] [交易 AI] 正在休市,等待开盘自动运行...
[01:25:38] [系统] 正在启动双线程分析架构...
[01:25:38] [交易 AI] 线程已启动,间隔 90 秒 (优先级:高)。
[01:25:38] [研究 AI] 独立后台已启动,正在后台运行中... (等待触发节点)
[01:25:38] [系统] 双线程分析循环已启动 (交易 + 研究)。
[01:25:38] [交易 AI] 正在休市,等待开盘自动运行...
[01:25:38] [研究 AI] 启动补检:错过早盘窗口,立即补做 [早盘前预判(补)]
[01:26:10] [系统] 分析循环已停止。
[09:10:27] [系统] 正在启动双线程分析架构...
[09:10:27] [交易 AI] 线程已启动,间隔 90 秒 (优先级:高)。
[09:10:27] [研究 AI] 独立后台已启动,正在后台运行中... (等待触发节点)
[09:10:27] [系统] 双线程分析循环已启动 (交易 + 研究)。
[09:10:27] [交易 AI] 正在休市,等待开盘自动运行...
[09:10:27] [研究 AI] 启动补检:错过早盘窗口,立即补做 [早盘前预判(补)]
[10:00:27] [研究 AI] 触发节点 [周末复盘],开始调用进行工作...
[10:00:28] [研究 AI] [周末复盘] 异常: {'message': 'Invalid URL (POST /v1/chat/chat/completions)', 'type': 'invalid_request_error', 'param': '', 'code': ''}
[18:01:16] [系统] 正在启动双线程分析架构...
[18:01:16] [交易 AI] 线程已启动,间隔 90 秒 (优先级:高)。
[18:01:16] [系统] 双线程分析循环已启动 (交易 + 研究)。
[18:01:16] [研究 AI] 独立后台已启动,正在后台运行中... (等待触发节点)
[18:01:16] [交易 AI] 正在休市,等待开盘自动运行...
[08:30:18] [研究 AI] 触发节点 [早盘前预判],开始调用进行工作...
[08:30:20] [研究 AI] [早盘前预判] 异常: {'message': 'Invalid URL (POST /v1/chat/chat/completions)', 'type': 'invalid_request_error', 'param': '', 'code': ''}
[09:10:15] [系统] 分析循环已停止。
[09:11:08] [系统] 正在启动双线程分析架构...
[09:11:08] [交易 AI] 线程已启动,间隔 90 秒 (优先级:高)。
[09:11:08] [研究 AI] 独立后台已启动,正在后台运行中... (等待触发节点)
[09:11:08] [系统] 双线程分析循环已启动 (交易 + 研究)。
[09:11:08] [交易 AI] 正在休市,等待开盘自动运行...
[09:11:08] [研究 AI] 启动补检:错过早盘窗口,立即补做 [早盘前预判(补)]
[09:11:08] [研究 AI] 触发节点 [早盘前预判],开始调用进行工作...
[09:11:14] [研究 AI] [早盘前预判] 异常: Expecting ',' delimiter: line 35 column 6 (char 973)
[09:13:58] [系统] 正在启动双线程分析架构...
[09:13:58] [交易 AI] 线程已启动,间隔 90 秒 (优先级:高)。
[09:13:58] [研究 AI] 独立后台已启动,正在后台运行中... (等待触发节点)
[09:13:58] [系统] 双线程分析循环已启动 (交易 + 研究)。
[09:13:58] [交易 AI] 正在休市,等待开盘自动运行...
[09:13:58] [研究 AI] 启动补检:错过早盘窗口,立即补做 [早盘前预判(补)]
[09:13:58] [研究 AI] 触发节点 [早盘前预判],开始调用进行工作...
[09:14:04] [研究 AI] [早盘前预判] 异常: Expecting ',' delimiter: line 35 column 6 (char 941)
[09:15:59] ✅ [记忆交接] AI 已加载昨日复盘。 🎯 关注作业:sz000938, sh688317, sh688702 | 🚫 禁忌模式:半路追高, 缩量半路板, 退潮期接力
[09:16:03] [AI] 交易分析完成: stage=震荡偏多, signals=2
[09:16:03] [AI] 持仓分析: 5 项
[09:16:03] [AI] sz300410(正业科技): 动作=HOLD, 逻辑=VALID
[09:16:03] [AI] sh688317(之江生物): 动作=HOLD, 逻辑=VALID
[09:16:03] [AI] sh600021(上海电力): 动作=HOLD, 逻辑=VALID
[09:16:03] [AI] sz000938(紫光股份): 动作=HOLD, 逻辑=VALID
[09:16:03] [AI] sz002203(海亮股份): 动作=HOLD, 逻辑=VALID
[09:16:03] [AI] 原始候选信号: [{'symbol': 'sz002230', 'name': '科大讯飞', 'score': 82, 'action': 'BUY', 'thesis': 'AI主线龙头达实智能涨停带动，科大讯飞作为AI中军，集合竞价高开+1.2%，量价健康，符合升温期上车逻辑，预算内可买入'}, {'symbol': 'sh688702', 'name': '盛科通信', 'score': 80, 'action': 'BUY', 'thesis': 'AI算力链弹性标的，科创方向受菲沃泰带动，集合竞价情绪偏强，若开盘放量突破平台可小仓试错，预算内'}]
[09:16:03] [AI] 信号: 科大讯飞(sz002230) 动作=BUY 评分=82.0
[09:16:03] [风控] 拒绝 sz002230: [A级]单只超限：24% > 普通上限15%
[09:16:03] [风控] sz002230 科大讯飞 被拦截:[A级]单只超限：24% > 普通上限15%
[09:16:03] [AI] 信号: 盛科通信(sh688702) 动作=BUY 评分=80.0
[09:16:04] [交易] 获取到池外股票 sh688702 价格: 306.02
[09:16:04] [交易] sh688702 资金不足 (现价306.02, 可用现金9942)
[09:16:04] [风控] sh688702 盛科通信 被拦截:资金不足,买不起 100 股
[09:16:04] [关注] 自动加入 盛科通信(sh688702) 到观察池
[09:17:29] ✅ [记忆交接] AI 已加载昨日复盘。 🎯 关注作业:sz000938, sh688317, sh688702 | 🚫 禁忌模式:半路追高, 缩量半路板, 退潮期接力
[09:17:33] [AI] 交易分析完成: stage=震荡偏多, signals=2
[09:17:33] [AI] 持仓分析: 5 项
[09:17:33] [AI] sz300410(正业科技): 动作=HOLD, 逻辑=VALID
[09:17:33] [AI] sh688317(之江生物): 动作=HOLD, 逻辑=VALID
[09:17:33] [AI] sh600021(上海电力): 动作=HOLD, 逻辑=VALID
[09:17:33] [AI] sz000938(紫光股份): 动作=HOLD, 逻辑=VALID
[09:17:33] [AI] sz002203(海亮股份): 动作=HOLD, 逻辑=VALID
[09:17:33] [AI] 原始候选信号: [{'symbol': 'sz002047', 'name': '宝鹰股份', 'score': 82, 'action': 'BUY', 'thesis': 'AI/人工智能主线龙头达实智能涨停，宝鹰股份同属AI概念且股价低于50元，集合竞价高开，资金认可，作为同板块趋势中军，量价健康，符合升温期上车逻辑。'}, {'symbol': 'sz300410', 'name': '正业科技', 'score': 80, 'action': 'BUY', 'thesis': '创业板方向瑞丰高材领涨，正业科技属创业板且现价低于50元，集合竞价表现强势，作为同板块核心标的，具备补涨潜力。'}]
[09:17:33] [AI] 信号: 宝鹰股份(sz002047) 动作=BUY 评分=82.0
[09:17:33] [交易] 获取到池外股票 sz002047 价格: 5.19
[09:17:33] [交易] 买入 宝鹰股份: 200股 @ 5.19
[09:17:33] [AI] 信号: 正业科技(sz300410) 动作=BUY 评分=80.0
[09:17:33] [风控] sz300410 加仓评分不足(80.0<85)
[09:18:59] ✅ [记忆交接] AI 已加载昨日复盘。 🎯 关注作业:sz000938, sh688317, sh688702 | 🚫 禁忌模式:半路追高, 缩量半路板, 退潮期接力
[09:19:02] [AI] 交易分析完成: stage=震荡偏多, signals=1
[09:19:02] [AI] 持仓分析: 6 项
[09:19:02] [AI] sz300410(正业科技): 动作=HOLD, 逻辑=VALID
[09:19:02] [AI] sh688317(之江生物): 动作=HOLD, 逻辑=VALID
[09:19:02] [AI] sh600021(上海电力): 动作=HOLD, 逻辑=VALID
[09:19:02] [AI] sz000938(紫光股份): 动作=HOLD, 逻辑=VALID
[09:19:02] [AI] sz002203(海亮股份): 动作=HOLD, 逻辑=VALID
[09:19:02] [AI] sz002047(宝鹰股份): 动作=HOLD, 逻辑=VALID
[09:19:02] [AI] 原始候选信号: [{'symbol': 'sz000938', 'action': 'BUY', 'score': 82, 'thesis': '紫光股份为AI算力硬件容量中军，集合竞价平稳，若开盘放量站上30元且板块维持强势，具备中军趋势修复机会，符合升温期上车策略。'}]
[09:19:02] [AI] 信号: (sz000938) 动作=BUY 评分=82.0
[09:19:02] [风控] sz000938 加仓评分不足(82.0<85)
[09:19:05] [系统] 分析循环已停止。
[09:27:57] [系统] 正在启动双线程分析架构...
[09:27:57] [交易 AI] 线程已启动,间隔 90 秒 (优先级:高)。
[09:27:57] [研究 AI] 独立后台已启动,正在后台运行中... (等待触发节点)
[09:27:57] [系统] 双线程分析循环已启动 (交易 + 研究)。
[09:27:57] [研究 AI] 启动补检:错过早盘窗口,立即补做 [早盘前预判(补)]
[09:27:59] ✅ [记忆交接] AI 已加载昨日复盘。 🎯 关注作业:sz000938, sh688317, sh688702 | 🚫 禁忌模式:半路追高, 缩量半路板, 退潮期接力
[09:28:04] [AI] 交易分析完成: stage=震荡偏多, signals=3
[09:28:04] [AI] 持仓分析: 6 项
[09:28:04] [AI] sz300410(正业科技): 动作=HOLD, 逻辑=VALID
[09:28:04] [AI] sh688317(之江生物): 动作=HOLD, 逻辑=VALID
[09:28:04] [AI] sh600021(上海电力): 动作=HOLD, 逻辑=VALID
[09:28:04] [AI] sz000938(紫光股份): 动作=HOLD, 逻辑=VALID
[09:28:04] [AI] sz002203(海亮股份): 动作=HOLD, 逻辑=VALID
[09:28:04] [AI] sz002047(宝鹰股份): 动作=HOLD, 逻辑=VALID
[09:28:04] [AI] 原始候选信号: [{'symbol': 'sz002245', 'name': '蔚蓝锂芯', 'score': 82, 'action': 'BUY', 'thesis': '钢铁/资源板块领涨，蔚蓝锂芯高开+2.8%，换手0.2%，量价健康，属于板块核心龙头，符合第一层选股逻辑。'}, {'symbol': 'sz002421', 'name': '达实智能', 'score': 80, 'action': 'BUY', 'thesis': 'AI/人工智能板块领涨，达实智能高开+5.3%，换手1.3%，资金活跃，属于主线方向核心标的，符合第一层选股逻辑。'}, {'symbol': 'sz300410', 'name': '正业科技', 'score': 78, 'action': 'BUY', 'thesis': '创业板领涨方向，正业科技高开+6.7%，换手0.4%，弹性强，属于板块核心，但已持仓，若加仓需控制仓位。'}]
[09:28:04] [AI] 信号: 蔚蓝锂芯(sz002245) 动作=BUY 评分=82.0
[09:28:04] [交易] 买入 蔚蓝锂芯: 100股 @ 20.99
[09:28:04] [AI] 信号: 达实智能(sz002421) 动作=BUY 评分=80.0
[09:28:04] [交易] 买入 达实智能: 200股 @ 4.59
[09:28:04] [AI] 信号: 正业科技(sz300410) 动作=BUY 评分=78.0
[09:28:04] [风控] sz300410 加仓评分不足(78.0<85)
[09:29:28] ✅ [记忆交接] AI 已加载昨日复盘。 🎯 关注作业:sz000938, sh688317, sh688702 | 🚫 禁忌模式:半路追高, 缩量半路板, 退潮期接力
[09:29:32] [AI] 交易分析完成: stage=震荡偏多, signals=2
[09:29:32] [AI] 持仓分析: 8 项
[09:29:32] [AI] sz300410(正业科技): 动作=HOLD, 逻辑=VALID
[09:29:32] [AI] sh688317(之江生物): 动作=HOLD, 逻辑=VALID
[09:29:32] [AI] sh600021(上海电力): 动作=HOLD, 逻辑=VALID
[09:29:32] [AI] sz000938(紫光股份): 动作=HOLD, 逻辑=VALID
[09:29:32] [AI] sz002203(海亮股份): 动作=HOLD, 逻辑=VALID
[09:29:32] [AI] sz002047(宝鹰股份): 动作=HOLD, 逻辑=VALID
[09:29:32] [AI] sz002245(蔚蓝锂芯): 动作=HOLD, 逻辑=VALID
[09:29:32] [AI] sz002421(达实智能): 动作=HOLD, 逻辑=VALID
[09:29:32] [AI] 原始候选信号: [{'symbol': 'sz000938', 'action': 'BUY', 'thesis': '紫光股份作为AI算力中军，开盘价高于成本且板块强势，符合主线趋势，可加仓'}, {'symbol': 'sz002245', 'action': 'BUY', 'thesis': '蔚蓝锂芯领涨钢铁/资源板块，开盘价高于成本，量价健康，但T+1锁定，仅作观察'}]
[09:29:32] [AI] 信号: (sz000938) 动作=BUY 评分=0.0
[09:29:32] [风控] sz000938 单票仓位已达15.0%上限,拒绝加仓
[09:29:32] [AI] 信号: (sz002245) 动作=BUY 评分=0.0
[09:29:32] [风控] sz002245 加仓评分不足(0.0<85)
[09:30:58] ✅ [记忆交接] AI 已加载昨日复盘。 🎯 关注作业:sz000938, sh688317, sh688702 | 🚫 禁忌模式:半路追高, 缩量半路板, 退潮期接力
[09:31:02] [AI] 交易分析完成: stage=震荡偏多, signals=2
[09:31:02] [AI] 持仓分析: 8 项
[09:31:02] [AI] sz300410(正业科技): 动作=HOLD, 逻辑=VALID
[09:31:02] [AI] sh688317(之江生物): 动作=HOLD, 逻辑=VALID
[09:31:02] [AI] sh600021(上海电力): 动作=HOLD, 逻辑=VALID
[09:31:02] [AI] sz000938(紫光股份): 动作=HOLD, 逻辑=VALID
[09:31:02] [AI] sz002203(海亮股份): 动作=HOLD, 逻辑=VALID
[09:31:02] [AI] sz002047(宝鹰股份): 动作=HOLD, 逻辑=VALID
[09:31:02] [AI] sz002245(蔚蓝锂芯): 动作=HOLD, 逻辑=VALID
[09:31:02] [AI] sz002421(达实智能): 动作=HOLD, 逻辑=VALID
[09:31:02] [AI] 原始候选信号: [{'symbol': 'sz300410', 'name': '正业科技', 'score': 90, 'action': 'BUY', 'thesis': '创业板领涨龙头，换手健康，主线明确，可加仓。'}, {'symbol': 'sz000938', 'name': '紫光股份', 'score': 82, 'action': 'BUY', 'thesis': 'AI算力中军，量价健康，趋势修复，符合主线方向。'}]
[09:31:02] [AI] 信号: 正业科技(sz300410) 动作=BUY 评分=90.0
[09:31:02] [风控] 拒绝 sz300410: [A级]仓位已满：当前71% >= 市场震荡偏多最大70%
[09:31:02] [风控] sz300410 正业科技 被拦截:[A级]仓位已满：当前71% >= 市场震荡偏多最大70%
[09:31:02] [关注] 自动加入 正业科技(sz300410) 到观察池
[09:31:02] [AI] 信号: 紫光股份(sz000938) 动作=BUY 评分=82.0
[09:31:02] [风控] sz000938 加仓评分不足(82.0<85)
[09:32:27] ✅ [记忆交接] AI 已加载昨日复盘。 🎯 关注作业:sz000938, sh688317, sh688702 | 🚫 禁忌模式:半路追高, 缩量半路板, 退潮期接力
[09:32:31] [AI] 交易分析完成: stage=震荡偏多, signals=2
[09:32:31] [AI] 持仓分析: 8 项
[09:32:31] [AI] sz300410(正业科技): 动作=HOLD, 逻辑=VALID
[09:32:31] [AI] sh688317(之江生物): 动作=HOLD, 逻辑=VALID
[09:32:31] [AI] sh600021(上海电力): 动作=HOLD, 逻辑=VALID
[09:32:31] [AI] sz000938(紫光股份): 动作=HOLD, 逻辑=VALID
[09:32:31] [AI] sz002203(海亮股份): 动作=HOLD, 逻辑=VALID
[09:32:31] [AI] sz002047(宝鹰股份): 动作=HOLD, 逻辑=VALID
[09:32:31] [AI] sz002245(蔚蓝锂芯): 动作=HOLD, 逻辑=VALID
[09:32:31] [AI] sz002421(达实智能): 动作=HOLD, 逻辑=VALID
[09:32:31] [AI] 原始候选信号: [{'symbol': 'sz000938', 'name': '紫光股份', 'score': 82, 'action': 'BUY', 'thesis': 'AI算力中军，主线明确，量价健康，可加仓'}, {'symbol': 'sh688317', 'name': '之江生物', 'score': 75, 'action': 'BUY', 'thesis': '医药轮动，低位放量可试错，但非核心，小仓'}]
[09:32:31] [AI] 信号: 紫光股份(sz000938) 动作=BUY 评分=82.0
[09:32:31] [风控] sz000938 加仓评分不足(82.0<85)
[09:32:31] [AI] 信号: 之江生物(sh688317) 动作=BUY 评分=75.0
[09:32:31] [风控] sh688317 加仓评分不足(75.0<85)
[09:33:56] ✅ [记忆交接] AI 已加载昨日复盘。 🎯 关注作业:sz000938, sh688317, sh688702 | 🚫 禁忌模式:半路追高, 缩量半路板, 退潮期接力
[09:34:01] [AI] 交易分析完成: stage=震荡偏多, signals=1
[09:34:01] [AI] 持仓分析: 8 项
[09:34:01] [AI] sz300410(正业科技): 动作=HOLD, 逻辑=VALID
[09:34:01] [AI] sh688317(之江生物): 动作=HOLD, 逻辑=VALID
[09:34:01] [AI] sh600021(上海电力): 动作=HOLD, 逻辑=VALID
[09:34:01] [AI] sz000938(紫光股份): 动作=HOLD, 逻辑=VALID
[09:34:01] [AI] sz002203(海亮股份): 动作=HOLD, 逻辑=VALID
[09:34:01] [AI] sz002047(宝鹰股份): 动作=HOLD, 逻辑=VALID
[09:34:01] [AI] sz002245(蔚蓝锂芯): 动作=HOLD, 逻辑=VALID
[09:34:01] [AI] sz002421(达实智能): 动作=HOLD, 逻辑=VALID
[09:34:01] [AI] 原始候选信号: [{'symbol': 'sz000938', 'action': 'BUY', 'thesis': '紫光股份作为AI算力中军，今日换手0.7%温和放量，股价站上30元，符合主线趋势，评分80+，但仓位已重且预算有限，仅小仓加仓或持有。', 'score': 82, 'name': '紫光股份'}]
[09:34:01] [AI] 信号: 紫光股份(sz000938) 动作=BUY 评分=82.0
[09:34:01] [风控] sz000938 单票仓位已达15.2%上限,拒绝加仓
[09:35:26] ✅ [记忆交接] AI 已加载昨日复盘。 🎯 关注作业:sz000938, sh688317, sh688702 | 🚫 禁忌模式:半路追高, 缩量半路板, 退潮期接力
[09:35:30] [AI] 交易分析完成: stage=震荡偏多, signals=1
[09:35:30] [AI] 持仓分析: 8 项
[09:35:30] [AI] sz300410(正业科技): 动作=HOLD, 逻辑=VALID
[09:35:30] [AI] sh688317(之江生物): 动作=HOLD, 逻辑=VALID
[09:35:30] [AI] sh600021(上海电力): 动作=HOLD, 逻辑=VALID
[09:35:30] [AI] sz000938(紫光股份): 动作=HOLD, 逻辑=VALID
[09:35:30] [AI] sz002203(海亮股份): 动作=SELL, 逻辑=BROKEN
[09:35:30] [AI] 逻辑破坏 sz002203,触发卖出
[09:35:30] [交易] 卖出 海亮股份: 100股 @ 21.21, 盈亏=-21.00
[09:35:30] [AI] sz002047(宝鹰股份): 动作=HOLD, 逻辑=VALID
[09:35:30] [AI] sz002245(蔚蓝锂芯): 动作=HOLD, 逻辑=VALID
[09:35:30] [AI] sz002421(达实智能): 动作=HOLD, 逻辑=VALID
[09:35:30] [AI] 原始候选信号: [{'symbol': 'sz002203', 'name': '海亮股份', 'action': 'SELL', 'reason': '海亮股份微亏，非主线品种，且资源方向铜陵有色更强，换股优化。', 'risk_result': '已卖出'}, {'symbol': 'sz000938', 'action': 'BUY', 'thesis': 'AI算力硬件容量中军，今日放量站上31元，主线趋势明确，可加仓做T。', 'score': 85, 'name': '紫光股份'}]
[09:35:30] [AI] 信号: 海亮股份(sz002203) 动作=SELL 评分=0.0
[09:35:30] [AI] 信号: 海亮股份 动作=SELL 评分=0.0
[09:35:30] [AI] 信号: 紫光股份(sz000938) 动作=BUY 评分=85.0
[09:35:30] [风控] sz000938 单票仓位已达15.3%上限,拒绝加仓
[09:36:55] ✅ [记忆交接] AI 已加载昨日复盘。 🎯 关注作业:sz000938, sh688317, sh688702 | 🚫 禁忌模式:半路追高, 缩量半路板, 退潮期接力
[09:36:59] [AI] 交易分析完成: stage=震荡偏多, signals=1
[09:36:59] [AI] 持仓分析: 7 项
[09:36:59] [AI] sz300410(正业科技): 动作=HOLD, 逻辑=VALID
[09:36:59] [AI] sh688317(之江生物): 动作=HOLD, 逻辑=VALID
[09:36:59] [AI] sh600021(上海电力): 动作=HOLD, 逻辑=VALID
[09:36:59] [AI] sz000938(紫光股份): 动作=HOLD, 逻辑=VALID
[09:36:59] [AI] sz002047(宝鹰股份): 动作=HOLD, 逻辑=VALID
[09:36:59] [AI] sz002245(蔚蓝锂芯): 动作=HOLD, 逻辑=VALID
[09:36:59] [AI] sz002421(达实智能): 动作=HOLD, 逻辑=VALID
[09:36:59] [AI] 原始候选信号: [{'symbol': 'sz000938', 'action': 'BUY', 'score': 85, 'thesis': '紫光股份AI算力中军，放量站上30元，主线趋势明确，容量大且量价健康，符合升温期上车策略'}]
[09:36:59] [AI] 信号: (sz000938) 动作=BUY 评分=85.0
[09:36:59] [风控] sz000938 单票仓位已达15.4%上限,拒绝加仓
[09:38:25] ✅ [记忆交接] AI 已加载昨日复盘。 🎯 关注作业:sz000938, sh688317, sh688702 | 🚫 禁忌模式:半路追高, 缩量半路板, 退潮期接力
[09:38:30] [AI] 交易分析完成: stage=震荡偏多, signals=1
[09:38:30] [AI] 持仓分析: 7 项
[09:38:30] [AI] sz300410(正业科技): 动作=HOLD, 逻辑=VALID
[09:38:30] [AI] sh688317(之江生物): 动作=HOLD, 逻辑=VALID
[09:38:30] [AI] sh600021(上海电力): 动作=HOLD, 逻辑=VALID
[09:38:30] [AI] sz000938(紫光股份): 动作=HOLD, 逻辑=VALID
[09:38:30] [AI] sz002047(宝鹰股份): 动作=HOLD, 逻辑=VALID
[09:38:30] [AI] sz002245(蔚蓝锂芯): 动作=HOLD, 逻辑=VALID
[09:38:30] [AI] sz002421(达实智能): 动作=HOLD, 逻辑=VALID
[09:38:30] [AI] 原始候选信号: [{'symbol': 'sz000938', 'action': 'BUY', 'score': 82, 'thesis': '紫光股份作为AI算力容量中军，今日涨幅5.7%且换手1.7%健康，符合主线趋势，但仓位已重且预算有限，仅小仓加仓。'}]
[09:38:30] [AI] 信号: (sz000938) 动作=BUY 评分=82.0
[09:38:30] [风控] sz000938 单票仓位已达15.5%上限,拒绝加仓
[09:39:55] ✅ [记忆交接] AI 已加载昨日复盘。 🎯 关注作业:sz000938, sh688317, sh688702 | 🚫 禁忌模式:半路追高, 缩量半路板, 退潮期接力
[09:39:58] [AI] 交易分析完成: stage=震荡偏多, signals=1
[09:39:58] [AI] 持仓分析: 7 项
[09:39:58] [AI] sz300410(正业科技): 动作=HOLD, 逻辑=VALID
[09:39:58] [AI] sh688317(之江生物): 动作=HOLD, 逻辑=VALID
[09:39:58] [AI] sh600021(上海电力): 动作=HOLD, 逻辑=VALID
[09:39:58] [AI] sz000938(紫光股份): 动作=HOLD, 逻辑=VALID
[09:39:58] [AI] sz002047(宝鹰股份): 动作=HOLD, 逻辑=VALID
[09:39:58] [AI] sz002245(蔚蓝锂芯): 动作=HOLD, 逻辑=VALID
[09:39:58] [AI] sz002421(达实智能): 动作=HOLD, 逻辑=VALID
[09:39:58] [AI] 原始候选信号: [{'symbol': 'sz000938', 'name': '紫光股份', 'score': 85, 'action': 'BUY', 'thesis': 'AI算力硬件容量中军，主线明确，量价健康，符合升温期上车策略。'}]
[09:39:58] [AI] 信号: 紫光股份(sz000938) 动作=BUY 评分=85.0
[09:39:58] [风控] sz000938 单票仓位已达15.6%上限,拒绝加仓
[09:41:25] ✅ [记忆交接] AI 已加载昨日复盘。 🎯 关注作业:sz000938, sh688317, sh688702 | 🚫 禁忌模式:半路追高, 缩量半路板, 退潮期接力
[09:41:29] [AI] 交易分析完成: stage=震荡偏多, signals=3
[09:41:29] [AI] 持仓分析: 7 项
[09:41:29] [AI] sz300410(正业科技): 动作=SELL, 逻辑=BROKEN
[09:41:29] [AI] 逻辑破坏 sz300410,触发卖出
[09:41:29] [交易] 卖出 正业科技: 100股 @ 11.49, 盈亏=+45.00
[09:41:29] [AI] sh688317(之江生物): 动作=HOLD, 逻辑=VALID
[09:41:29] [AI] sh600021(上海电力): 动作=HOLD, 逻辑=VALID
[09:41:29] [AI] sz000938(紫光股份): 动作=HOLD, 逻辑=VALID
[09:41:29] [AI] sz002047(宝鹰股份): 动作=HOLD, 逻辑=VALID
[09:41:29] [AI] sz002245(蔚蓝锂芯): 动作=HOLD, 逻辑=VALID
[09:41:29] [AI] sz002421(达实智能): 动作=HOLD, 逻辑=VALID
[09:41:29] [AI] 原始候选信号: [{'symbol': 'sz300410', 'name': '正业科技', 'action': 'SELL', 'reason': '仓位已达上限（71%），且正业科技非主线核心，需减仓释放资金。', 'risk_result': '已卖出'}, {'symbol': 'sz000938', 'name': '紫光股份', 'score': 85, 'action': 'BUY', 'thesis': 'AI算力硬件容量中军，今日放量+5.1%站上31元，主线明确，趋势修复中，符合升温期上车条件。'}, {'symbol': 'sz002421', 'name': '达实智能', 'score': 82, 'action': 'BUY', 'thesis': 'AI/人工智能方向领涨龙头，今日+6.0%换手17.2%活跃，主线核心，但T+1锁定无法操作，仅作为候选参考。'}, {'symbol': 'sz000630', 'name': '铜陵有色', 'score': 80, 'action': 'BUY', 'thesis': '资源/钢铁主线领涨，今日+7.1%换手2.0%放量突破，趋势强劲，符合主线趋势标准。'}]
[09:41:29] [AI] 信号: 正业科技(sz300410) 动作=SELL 评分=0.0
[09:41:29] [AI] 信号: 正业科技 动作=SELL 评分=0.0
[09:41:29] [AI] 信号: 紫光股份(sz000938) 动作=BUY 评分=85.0
[09:41:29] [风控] sz000938 单票仓位已达15.4%上限,拒绝加仓
[09:41:29] [AI] 信号: 达实智能(sz002421) 动作=BUY 评分=82.0
[09:41:29] [风控] sz002421 加仓评分不足(82.0<85)
[09:41:29] [AI] 信号: 铜陵有色(sz000630) 动作=BUY 评分=80.0
[09:41:29] [交易] 买入 铜陵有色: 200股 @ 6.81
[09:42:55] ✅ [记忆交接] AI 已加载昨日复盘。 🎯 关注作业:sz000938, sh688317, sh688702 | 🚫 禁忌模式:半路追高, 缩量半路板, 退潮期接力
[09:42:58] [AI] 交易分析完成: stage=震荡偏多, signals=1
[09:42:58] [AI] 持仓分析: 7 项
[09:42:58] [AI] sh688317(之江生物): 动作=HOLD, 逻辑=VALID
[09:42:58] [AI] sh600021(上海电力): 动作=HOLD, 逻辑=VALID
[09:42:58] [AI] sz000938(紫光股份): 动作=HOLD, 逻辑=VALID
[09:42:58] [AI] sz002047(宝鹰股份): 动作=HOLD, 逻辑=VALID
[09:42:58] [AI] sz002245(蔚蓝锂芯): 动作=HOLD, 逻辑=VALID
[09:42:58] [AI] sz002421(达实智能): 动作=HOLD, 逻辑=VALID
[09:42:58] [AI] sz000630(铜陵有色): 动作=HOLD, 逻辑=VALID
[09:42:58] [AI] 原始候选信号: [{'symbol': 'sz000938', 'action': 'BUY', 'thesis': 'AI算力硬件中军，今日放量+5.2%，主线趋势明确，但仓位已重且预算有限，仅小仓加仓或观察', 'score': 82}]
[09:42:58] [AI] 信号: (sz000938) 动作=BUY 评分=82.0
[09:42:58] [风控] sz000938 单票仓位已达15.4%上限,拒绝加仓
[09:44:24] ✅ [记忆交接] AI 已加载昨日复盘。 🎯 关注作业:sz000938, sh688317, sh688702 | 🚫 禁忌模式:半路追高, 缩量半路板, 退潮期接力
[09:44:29] [AI] 交易分析完成: stage=震荡偏多, signals=2
[09:44:29] [AI] 持仓分析: 7 项
[09:44:29] [AI] sh688317(之江生物): 动作=HOLD, 逻辑=VALID
[09:44:29] [AI] sh600021(上海电力): 动作=HOLD, 逻辑=VALID
[09:44:29] [AI] sz000938(紫光股份): 动作=HOLD, 逻辑=VALID
[09:44:29] [AI] sz002047(宝鹰股份): 动作=HOLD, 逻辑=VALID
[09:44:29] [AI] sz002245(蔚蓝锂芯): 动作=HOLD, 逻辑=BROKEN
[09:44:29] [AI] sz002421(达实智能): 动作=HOLD, 逻辑=VALID
[09:44:29] [AI] sz000630(铜陵有色): 动作=HOLD, 逻辑=VALID
[09:44:29] [AI] 原始候选信号: [{'symbol': 'sz002421', 'action': 'BUY', 'thesis': 'AI主线核心龙头，今日领涨+7.8%且换手19.1%活跃，但T+1锁定无法买入，仅作参考。', 'score': 88, 'name': '达实智能'}, {'symbol': 'sz000938', 'action': 'BUY', 'thesis': 'AI算力中军，今日放量+4.8%，量价健康，趋势修复中，符合主线趋势标准，但已持仓，若未持有可加仓。', 'score': 85, 'name': '紫光股份'}]
[09:44:29] [AI] 信号: 达实智能(sz002421) 动作=BUY 评分=88.0
[09:44:29] [交易] 买入 达实智能: 100股 @ 4.7
[09:44:29] [AI] 信号: 紫光股份(sz000938) 动作=BUY 评分=85.0
[09:44:29] [风控] sz000938 单票仓位已达15.4%上限,拒绝加仓
[09:45:55] ✅ [记忆交接] AI 已加载昨日复盘。 🎯 关注作业:sz000938, sh688317, sh688702 | 🚫 禁忌模式:半路追高, 缩量半路板, 退潮期接力
[09:45:58] [AI] 交易分析完成: stage=震荡偏多, signals=1
[09:45:58] [AI] 持仓分析: 7 项
[09:45:58] [AI] sh688317(之江生物): 动作=HOLD, 逻辑=VALID
[09:45:58] [AI] sh600021(上海电力): 动作=HOLD, 逻辑=VALID
[09:45:58] [AI] sz000938(紫光股份): 动作=HOLD, 逻辑=VALID
[09:45:58] [AI] sz002047(宝鹰股份): 动作=HOLD, 逻辑=VALID
[09:45:58] [AI] sz002245(蔚蓝锂芯): 动作=HOLD, 逻辑=VALID
[09:45:58] [AI] sz002421(达实智能): 动作=HOLD, 逻辑=VALID
[09:45:58] [AI] sz000630(铜陵有色): 动作=HOLD, 逻辑=VALID
[09:45:58] [AI] 原始候选信号: [{'symbol': 'sz000938', 'name': '紫光股份', 'score': 82, 'action': 'BUY', 'thesis': 'AI算力主线核心中军，放量站上30元，趋势修复，符合升温期上车逻辑'}]
[09:45:58] [AI] 信号: 紫光股份(sz000938) 动作=BUY 评分=82.0
[09:45:58] [风控] sz000938 单票仓位已达15.4%上限,拒绝加仓
[09:47:39] ✅ [记忆交接] AI 已加载昨日复盘。 🎯 关注作业:sz000938, sh688317, sh688702 | 🚫 禁忌模式:半路追高, 缩量半路板, 退潮期接力
[09:47:42] [AI] 交易分析完成: stage=震荡, signals=1
[09:47:42] [AI] 持仓分析: 7 项
[09:47:42] [AI] sh688317(之江生物): 动作=HOLD, 逻辑=VALID
[09:47:42] [AI] sh600021(上海电力): 动作=HOLD, 逻辑=VALID
[09:47:42] [AI] sz000938(紫光股份): 动作=HOLD, 逻辑=VALID
[09:47:42] [AI] sz002047(宝鹰股份): 动作=HOLD, 逻辑=VALID
[09:47:42] [AI] sz002245(蔚蓝锂芯): 动作=HOLD, 逻辑=VALID
[09:47:42] [AI] sz002421(达实智能): 动作=HOLD, 逻辑=VALID
[09:47:42] [AI] sz000630(铜陵有色): 动作=HOLD, 逻辑=VALID
[09:47:42] [AI] 原始候选信号: [{'symbol': 'sh600021', 'name': '上海电力', 'score': 75, 'action': 'BUY', 'thesis': '电力板块领涨，上海电力今日+2.1%，换手低，趋势健康，可作为主线补涨标的低吸。'}]
[09:47:42] [AI] 信号: 上海电力(sh600021) 动作=BUY 评分=75.0
[09:47:42] [风控] sh600021 加仓评分不足(75.0<85)
[09:48:53] ✅ [记忆交接] AI 已加载昨日复盘。 🎯 关注作业:sz000938, sh688317, sh688702 | 🚫 禁忌模式:半路追高, 缩量半路板, 退潮期接力
[09:48:58] [AI] 交易分析完成: stage=震荡偏多, signals=3
[09:48:58] [AI] 持仓分析: 7 项
[09:48:58] [AI] sh688317(之江生物): 动作=HOLD, 逻辑=VALID
[09:48:58] [AI] sh600021(上海电力): 动作=HOLD, 逻辑=VALID
[09:48:58] [AI] sz000938(紫光股份): 动作=HOLD, 逻辑=VALID
[09:48:58] [AI] sz002047(宝鹰股份): 动作=HOLD, 逻辑=VALID
[09:48:58] [AI] sz002245(蔚蓝锂芯): 动作=HOLD, 逻辑=VALID
[09:48:58] [AI] sz002421(达实智能): 动作=HOLD, 逻辑=VALID
[09:48:58] [AI] sz000630(铜陵有色): 动作=HOLD, 逻辑=VALID
[09:48:58] [AI] 原始候选信号: [{'symbol': 'sz000938', 'name': '紫光股份', 'score': 85, 'action': 'BUY', 'thesis': 'AI算力硬件方向容量中军，今日放量站上30元，主线趋势明确，符合升温期上车策略，但受资金约束（股价30.96元超预算上限50.55元，实际可买1手需3096元，预算允许），优先加仓。'}, {'symbol': 'sz002421', 'name': '达实智能', 'score': 82, 'action': 'BUY', 'thesis': 'AI/人工智能板块领涨龙头，今日+7.3%换手20.5%活跃，主线核心，但T+1锁定无法操作，仅作为候选参考。'}, {'symbol': 'sz000630', 'name': '铜陵有色', 'score': 80, 'action': 'BUY', 'thesis': '钢铁/资源板块领涨，今日+6.3%换手2.5%量价健康，主线趋势中军，但T+1锁定无法操作，仅作为候选参考。'}]
[09:48:58] [AI] 信号: 紫光股份(sz000938) 动作=BUY 评分=85.0
[09:48:58] [风控] sz000938 单票仓位已达15.3%上限,拒绝加仓
[09:48:58] [AI] 信号: 达实智能(sz002421) 动作=BUY 评分=82.0
[09:48:58] [风控] sz002421 加仓评分不足(82.0<85)
[09:48:58] [AI] 信号: 铜陵有色(sz000630) 动作=BUY 评分=80.0
[09:48:58] [风控] sz000630 加仓评分不足(80.0<85)
[09:50:25] ✅ [记忆交接] AI 已加载昨日复盘。 🎯 关注作业:sz000938, sh688317, sh688702 | 🚫 禁忌模式:半路追高, 缩量半路板, 退潮期接力
[09:50:29] [AI] 交易分析完成: stage=高潮, signals=1
[09:50:29] [AI] 持仓分析: 7 项
[09:50:29] [AI] sh688317(之江生物): 动作=HOLD, 逻辑=VALID
[09:50:29] [AI] sh600021(上海电力): 动作=HOLD, 逻辑=VALID
[09:50:29] [AI] sz000938(紫光股份): 动作=HOLD, 逻辑=VALID
[09:50:29] [AI] sz002047(宝鹰股份): 动作=HOLD, 逻辑=VALID
[09:50:29] [AI] sz002245(蔚蓝锂芯): 动作=HOLD, 逻辑=VALID
[09:50:29] [AI] sz002421(达实智能): 动作=HOLD, 逻辑=VALID
[09:50:29] [AI] sz000630(铜陵有色): 动作=HOLD, 逻辑=VALID
[09:50:29] [AI] 原始候选信号: [{'symbol': 'sz300275', 'name': '梅安森', 'score': 78, 'action': 'BUY', 'thesis': '创业板领涨龙头，今日涨幅+20.0%，换手2.9%健康，主线方向一致，资金聚焦，小仓试错。'}]
[09:50:29] [AI] 信号: 梅安森(sz300275) 动作=BUY 评分=78.0
[09:50:29] [风控] sz300275 梅安森 被拦截:涨停限制(涨停价11.7)
[09:50:29] [关注] 自动加入 梅安森(sz300275) 到观察池
[09:51:52] ✅ [记忆交接] AI 已加载昨日复盘。 🎯 关注作业:sz000938, sh688317, sh688702 | 🚫 禁忌模式:半路追高, 缩量半路板, 退潮期接力
[09:51:56] [AI] 交易分析完成: stage=高潮, signals=2
[09:51:56] [AI] 持仓分析: 7 项
[09:51:56] [AI] sh688317(之江生物): 动作=HOLD, 逻辑=VALID
[09:51:56] [AI] sh600021(上海电力): 动作=HOLD, 逻辑=VALID
[09:51:56] [AI] sz000938(紫光股份): 动作=HOLD, 逻辑=VALID
[09:51:56] [AI] sz002047(宝鹰股份): 动作=HOLD, 逻辑=VALID
[09:51:56] [AI] sz002245(蔚蓝锂芯): 动作=HOLD, 逻辑=VALID
[09:51:56] [AI] sz002421(达实智能): 动作=HOLD, 逻辑=VALID
[09:51:56] [AI] sz000630(铜陵有色): 动作=HOLD, 逻辑=VALID
[09:51:56] [AI] 原始候选信号: [{'symbol': 'sz300275', 'name': '梅安森', 'score': 78, 'action': 'BUY', 'thesis': '创业板领涨龙头，今日+20%涨停，换手仅3.0%，资金高度控盘，符合高潮期做核心龙头的策略，虽涨停但未封死可小仓试错。'}, {'symbol': 'sh688317', 'name': '之江生物', 'action': 'BUY', 'thesis': '医药方向领涨，今日+10.7%放量突破，换手健康，可作为主线补涨标的加仓，但需控制仓位。', 'score': 75}]
[09:51:56] [AI] 信号: 梅安森(sz300275) 动作=BUY 评分=78.0
[09:51:56] [风控] sz300275 梅安森 被拦截:涨停限制(涨停价11.7)
[09:51:56] [AI] 信号: 之江生物(sh688317) 动作=BUY 评分=75.0
[09:51:56] [风控] sh688317 加仓评分不足(75.0<85)
[09:53:21] ✅ [记忆交接] AI 已加载昨日复盘。 🎯 关注作业:sz000938, sh688317, sh688702 | 🚫 禁忌模式:半路追高, 缩量半路板, 退潮期接力
[09:53:25] [AI] 交易分析完成: stage=高潮, signals=1
[09:53:25] [AI] 持仓分析: 7 项
[09:53:25] [AI] sh688317(之江生物): 动作=HOLD, 逻辑=VALID
[09:53:25] [AI] sh600021(上海电力): 动作=HOLD, 逻辑=VALID
[09:53:25] [AI] sz000938(紫光股份): 动作=HOLD, 逻辑=VALID
[09:53:25] [AI] sz002047(宝鹰股份): 动作=HOLD, 逻辑=VALID
[09:53:25] [AI] sz002245(蔚蓝锂芯): 动作=HOLD, 逻辑=VALID
[09:53:25] [AI] sz002421(达实智能): 动作=HOLD, 逻辑=VALID
[09:53:25] [AI] sz000630(铜陵有色): 动作=HOLD, 逻辑=VALID
[09:53:25] [AI] 原始候选信号: [{'symbol': 'sz300593', 'name': '新雷能', 'score': 85, 'action': 'BUY', 'thesis': '创业板领涨股之一，与主线（成长/军工电源）一致，换手充分，资金认可度高，符合高潮期做龙头的策略。'}]
[09:53:25] [AI] 信号: 新雷能(sz300593) 动作=BUY 评分=85.0
[09:53:25] [风控] 拒绝 sz300593: [A级]单只超限：19% > 普通上限15%
[09:53:25] [风控] sz300593 新雷能 被拦截:[A级]单只超限：19% > 普通上限15%
[09:53:25] [关注] 自动加入 新雷能(sz300593) 到观察池
[09:54:50] ✅ [记忆交接] AI 已加载昨日复盘。 🎯 关注作业:sz000938, sh688317, sh688702 | 🚫 禁忌模式:半路追高, 缩量半路板, 退潮期接力
[09:54:55] [AI] 交易分析完成: stage=高潮, signals=1
[09:54:55] [AI] 持仓分析: 7 项
[09:54:55] [AI] sh688317(之江生物): 动作=HOLD, 逻辑=VALID
[09:54:55] [AI] sh600021(上海电力): 动作=HOLD, 逻辑=VALID
[09:54:55] [AI] sz000938(紫光股份): 动作=HOLD, 逻辑=VALID
[09:54:55] [AI] sz002047(宝鹰股份): 动作=HOLD, 逻辑=VALID
[09:54:55] [AI] sz002245(蔚蓝锂芯): 动作=HOLD, 逻辑=VALID
[09:54:55] [AI] sz002421(达实智能): 动作=HOLD, 逻辑=VALID
[09:54:55] [AI] sz000630(铜陵有色): 动作=HOLD, 逻辑=VALID
[09:54:55] [AI] 原始候选信号: [{'symbol': 'sz300137', 'name': '梅安森', 'score': 78, 'action': 'BUY', 'thesis': '创业板领涨股，涨停20%且换手仅3%，资金锁仓明显，主线方向（创业板成长），符合高潮期做龙头策略，小仓试错。'}]
[09:54:55] [AI] 信号: 梅安森(sz300137) 动作=BUY 评分=78.0
[09:54:55] [交易] 获取到池外股票 sz300137 价格: 19.29
[09:54:55] [交易] 买入 先河环保: 100股 @ 19.29
[09:56:20] ✅ [记忆交接] AI 已加载昨日复盘。 🎯 关注作业:sz000938, sh688317, sh688702 | 🚫 禁忌模式:半路追高, 缩量半路板, 退潮期接力
[09:56:25] [AI] 交易分析完成: stage=高潮, signals=3
[09:56:25] [AI] 持仓分析: 8 项
[09:56:25] [AI] sh688317(之江生物): 动作=HOLD, 逻辑=VALID
[09:56:25] [AI] sh600021(上海电力): 动作=HOLD, 逻辑=VALID
[09:56:25] [AI] sz000938(紫光股份): 动作=HOLD, 逻辑=VALID
[09:56:25] [AI] sz002047(宝鹰股份): 动作=HOLD, 逻辑=VALID
[09:56:25] [AI] sz002245(蔚蓝锂芯): 动作=HOLD, 逻辑=BROKEN
[09:56:25] [AI] sz002421(达实智能): 动作=HOLD, 逻辑=VALID
[09:56:25] [AI] sz000630(铜陵有色): 动作=HOLD, 逻辑=VALID
[09:56:25] [AI] sz300137(先河环保): 动作=HOLD, 逻辑=VALID
[09:56:25] [AI] 原始候选信号: [{'symbol': 'sz300137', 'action': 'BUY', 'score': 75, 'thesis': '先河环保已持仓但T+1锁定，此处不重复推荐。'}, {'symbol': 'sz002421', 'action': 'BUY', 'score': 75, 'thesis': '达实智能已持仓但T+1锁定，此处不重复推荐。'}, {'symbol': 'sz000630', 'action': 'BUY', 'score': 75, 'thesis': '铜陵有色已持仓但T+1锁定，此处不重复推荐。'}]
[09:56:25] [AI] 信号: (sz300137) 动作=BUY 评分=75.0
[09:56:25] [风控] sz300137 加仓评分不足(75.0<85)
[09:56:25] [AI] 信号: (sz002421) 动作=BUY 评分=75.0
[09:56:25] [风控] sz002421 加仓评分不足(75.0<85)
[09:56:25] [AI] 信号: (sz000630) 动作=BUY 评分=75.0
[09:56:25] [风控] sz000630 加仓评分不足(75.0<85)
[09:57:50] ✅ [记忆交接] AI 已加载昨日复盘。 🎯 关注作业:sz000938, sh688317, sh688702 | 🚫 禁忌模式:半路追高, 缩量半路板, 退潮期接力
[09:57:54] [AI] 交易分析完成: stage=升温, signals=2
[09:57:54] [AI] 持仓分析: 8 项
[09:57:54] [AI] sh688317(之江生物): 动作=HOLD, 逻辑=VALID
[09:57:54] [AI] sh600021(上海电力): 动作=HOLD, 逻辑=VALID
[09:57:54] [AI] sz000938(紫光股份): 动作=HOLD, 逻辑=VALID
[09:57:54] [AI] sz002047(宝鹰股份): 动作=HOLD, 逻辑=VALID
[09:57:54] [AI] sz002245(蔚蓝锂芯): 动作=HOLD, 逻辑=VALID
[09:57:54] [AI] sz002421(达实智能): 动作=HOLD, 逻辑=VALID
[09:57:54] [AI] sz000630(铜陵有色): 动作=HOLD, 逻辑=VALID
[09:57:54] [AI] sz300137(先河环保): 动作=HOLD, 逻辑=VALID
[09:57:54] [AI] 原始候选信号: [{'symbol': 'sh600021', 'action': 'BUY', 'score': 82, 'thesis': '电力主线核心趋势股，京能电力领涨带动，上海电力量价健康，现价18.37元低于预算上限，可加仓'}, {'symbol': 'sh688317', 'action': 'BUY', 'score': 75, 'thesis': '医药轮动方向，之江生物盈利中，若板块继续扩散可小仓加仓，现价22.76元符合预算'}]
[09:57:54] [AI] 信号: (sh600021) 动作=BUY 评分=82.0
[09:57:54] [风控] sh600021 加仓评分不足(82.0<85)
[09:57:54] [AI] 信号: (sh688317) 动作=BUY 评分=75.0
[09:57:54] [风控] sh688317 加仓评分不足(75.0<85)
[09:59:20] ✅ [记忆交接] AI 已加载昨日复盘。 🎯 关注作业:sz000938, sh688317, sh688702 | 🚫 禁忌模式:半路追高, 缩量半路板, 退潮期接力
[09:59:24] [AI] 交易分析完成: stage=升温, signals=3
[09:59:24] [AI] 持仓分析: 8 项
[09:59:24] [AI] sh688317(之江生物): 动作=HOLD, 逻辑=VALID
[09:59:24] [AI] sh600021(上海电力): 动作=HOLD, 逻辑=VALID
[09:59:24] [AI] sz000938(紫光股份): 动作=HOLD, 逻辑=VALID
[09:59:24] [AI] sz002047(宝鹰股份): 动作=HOLD, 逻辑=VALID
[09:59:24] [AI] sz002245(蔚蓝锂芯): 动作=HOLD, 逻辑=VALID
[09:59:24] [AI] sz002421(达实智能): 动作=HOLD, 逻辑=VALID
[09:59:24] [AI] sz000630(铜陵有色): 动作=HOLD, 逻辑=VALID
[09:59:24] [AI] sz300137(先河环保): 动作=HOLD, 逻辑=VALID
[09:59:24] [AI] 原始候选信号: [{'symbol': 'sh600021', 'name': '上海电力', 'score': 82, 'action': 'BUY', 'thesis': '电力板块领涨，京能电力涨停带动，上海电力量价健康，趋势中军，符合主线趋势标准。'}, {'symbol': 'sz000938', 'name': '紫光股份', 'score': 80, 'action': 'BUY', 'thesis': 'AI算力硬件方向容量中军，指数放量上行，紫光股份放量站回30元，具备中军趋势修复机会。'}, {'symbol': 'sh688317', 'name': '之江生物', 'score': 75, 'action': 'BUY', 'thesis': '医药方向轮动博弈，四环生物等情绪锚点强势，之江生物放量突破，可作为补涨试错。'}]
[09:59:24] [AI] 信号: 上海电力(sh600021) 动作=BUY 评分=82.0
[09:59:24] [风控] sh600021 加仓评分不足(82.0<85)
[09:59:24] [AI] 信号: 紫光股份(sz000938) 动作=BUY 评分=80.0
[09:59:24] [风控] sz000938 单票仓位已达15.2%上限,拒绝加仓
[09:59:24] [AI] 信号: 之江生物(sh688317) 动作=BUY 评分=75.0
[09:59:24] [风控] sh688317 加仓评分不足(75.0<85)
[10:00:49] ✅ [记忆交接] AI 已加载昨日复盘。 🎯 关注作业:sz000938, sh688317, sh688702 | 🚫 禁忌模式:半路追高, 缩量半路板, 退潮期接力
[10:00:54] [AI] 交易分析完成: stage=高潮, signals=2
[10:00:54] [AI] 持仓分析: 8 项
[10:00:54] [AI] sh688317(之江生物): 动作=HOLD, 逻辑=VALID
[10:00:54] [AI] sh600021(上海电力): 动作=HOLD, 逻辑=VALID
[10:00:54] [AI] sz000938(紫光股份): 动作=HOLD, 逻辑=VALID
[10:00:54] [AI] sz002047(宝鹰股份): 动作=HOLD, 逻辑=VALID
[10:00:54] [AI] sz002245(蔚蓝锂芯): 动作=HOLD, 逻辑=VALID
[10:00:54] [AI] sz002421(达实智能): 动作=HOLD, 逻辑=VALID
[10:00:54] [AI] sz000630(铜陵有色): 动作=HOLD, 逻辑=VALID
[10:00:54] [AI] sz300137(先河环保): 动作=HOLD, 逻辑=VALID
[10:00:54] [AI] 原始候选信号: [{'symbol': 'sh600021', 'name': '上海电力', 'score': 75, 'action': 'BUY', 'thesis': '电力板块领涨，上海电力量价健康，作为趋势中军可小仓补仓。'}, {'symbol': 'sz000938', 'name': '紫光股份', 'score': 80, 'action': 'BUY', 'thesis': 'AI算力中军，量价健康，若放量突破30元可加仓，符合主线趋势。'}]
[10:00:54] [AI] 信号: 上海电力(sh600021) 动作=BUY 评分=75.0
[10:00:54] [风控] sh600021 加仓评分不足(75.0<85)
[10:00:54] [AI] 信号: 紫光股份(sz000938) 动作=BUY 评分=80.0
[10:00:54] [风控] sz000938 单票仓位已达15.3%上限,拒绝加仓
[10:02:19] ✅ [记忆交接] AI 已加载昨日复盘。 🎯 关注作业:sz000938, sh688317, sh688702 | 🚫 禁忌模式:半路追高, 缩量半路板, 退潮期接力
[10:02:24] [AI] 交易分析完成: stage=高潮, signals=1
[10:02:24] [AI] 持仓分析: 8 项
[10:02:24] [AI] sh688317(之江生物): 动作=HOLD, 逻辑=VALID
[10:02:24] [AI] sh600021(上海电力): 动作=HOLD, 逻辑=VALID
[10:02:24] [AI] sz000938(紫光股份): 动作=HOLD, 逻辑=VALID
[10:02:24] [AI] sz002047(宝鹰股份): 动作=HOLD, 逻辑=VALID
[10:02:24] [AI] sz002245(蔚蓝锂芯): 动作=HOLD, 逻辑=VALID
[10:02:24] [AI] sz002421(达实智能): 动作=HOLD, 逻辑=VALID
[10:02:24] [AI] sz000630(铜陵有色): 动作=HOLD, 逻辑=VALID
[10:02:24] [AI] sz300137(先河环保): 动作=HOLD, 逻辑=VALID
[10:02:24] [AI] 原始候选信号: [{'symbol': 'sz300137', 'name': '梅安森', 'score': 78, 'action': 'BUY', 'thesis': '创业板领涨股，换手低，资金锁仓明显，作为创业板方向补涨龙头，小仓试错。'}]
[10:02:24] [AI] 信号: 梅安森(sz300137) 动作=BUY 评分=78.0
[10:02:24] [风控] sz300137 加仓评分不足(78.0<85)
[10:03:48] ✅ [记忆交接] AI 已加载昨日复盘。 🎯 关注作业:sz000938, sh688317, sh688702 | 🚫 禁忌模式:半路追高, 缩量半路板, 退潮期接力
[10:03:53] [AI] 交易分析完成: stage=高潮, signals=3
[10:03:53] [AI] 持仓分析: 8 项
[10:03:53] [AI] sh688317(之江生物): 动作=HOLD, 逻辑=VALID
[10:03:53] [AI] sh600021(上海电力): 动作=HOLD, 逻辑=VALID
[10:03:53] [AI] sz000938(紫光股份): 动作=HOLD, 逻辑=VALID
[10:03:53] [AI] sz002047(宝鹰股份): 动作=HOLD, 逻辑=VALID
[10:03:53] [AI] sz002245(蔚蓝锂芯): 动作=HOLD, 逻辑=VALID
[10:03:53] [AI] sz002421(达实智能): 动作=HOLD, 逻辑=VALID
[10:03:53] [AI] sz000630(铜陵有色): 动作=HOLD, 逻辑=VALID
[10:03:53] [AI] sz300137(先河环保): 动作=HOLD, 逻辑=VALID
[10:03:53] [AI] 原始候选信号: [{'symbol': 'sz300137', 'name': '梅安森', 'score': 78, 'action': 'BUY', 'thesis': '创业板领涨股，今日+20.0%强势涨停，换手3.1%健康，属于主线方向补涨龙头，小仓试错。'}, {'symbol': 'sh688317', 'name': '之江生物', 'score': 75, 'action': 'BUY', 'thesis': '医药领涨股，今日+11.3%放量突破，换手4.0%健康，主线方向核心标的，可加仓。'}, {'symbol': 'sz000938', 'name': '紫光股份', 'score': 72, 'action': 'BUY', 'thesis': 'AI算力中军，今日+3.1%放量站回30元，量价健康，主线趋势修复，小仓加仓。'}]
[10:03:53] [AI] 信号: 梅安森(sz300137) 动作=BUY 评分=78.0
[10:03:53] [风控] sz300137 加仓评分不足(78.0<85)
[10:03:53] [AI] 信号: 之江生物(sh688317) 动作=BUY 评分=75.0
[10:03:53] [风控] sh688317 加仓评分不足(75.0<85)
[10:03:53] [AI] 信号: 紫光股份(sz000938) 动作=BUY 评分=72.0
[10:03:53] [风控] sz000938 单票仓位已达15.3%上限,拒绝加仓
[10:05:18] ✅ [记忆交接] AI 已加载昨日复盘。 🎯 关注作业:sz000938, sh688317, sh688702 | 🚫 禁忌模式:半路追高, 缩量半路板, 退潮期接力
[10:05:22] [AI] 交易分析完成: stage=高潮, signals=1
[10:05:22] [AI] 持仓分析: 8 项
[10:05:22] [AI] sh688317(之江生物): 动作=HOLD, 逻辑=VALID
[10:05:22] [AI] sh600021(上海电力): 动作=HOLD, 逻辑=VALID
[10:05:22] [AI] sz000938(紫光股份): 动作=HOLD, 逻辑=VALID
[10:05:22] [AI] sz002047(宝鹰股份): 动作=HOLD, 逻辑=VALID
[10:05:22] [AI] sz002245(蔚蓝锂芯): 动作=HOLD, 逻辑=VALID
[10:05:22] [AI] sz002421(达实智能): 动作=HOLD, 逻辑=VALID
[10:05:22] [AI] sz000630(铜陵有色): 动作=HOLD, 逻辑=VALID
[10:05:22] [AI] sz300137(先河环保): 动作=HOLD, 逻辑=VALID
[10:05:22] [AI] 原始候选信号: [{'symbol': 'sz300137', 'action': 'BUY', 'score': 75, 'thesis': '先河环保属于环保方向，今日涨幅0.1%但换手低，形态稳健，作为补涨标的试错，符合兜底机制。'}]
[10:05:22] [AI] 信号: (sz300137) 动作=BUY 评分=75.0
[10:05:22] [风控] sz300137 加仓评分不足(75.0<85)
[10:06:48] ✅ [记忆交接] AI 已加载昨日复盘。 🎯 关注作业:sz000938, sh688317, sh688702 | 🚫 禁忌模式:半路追高, 缩量半路板, 退潮期接力
[10:06:53] [AI] 交易分析完成: stage=高潮, signals=3
[10:06:53] [AI] 持仓分析: 8 项
[10:06:53] [AI] sh688317(之江生物): 动作=HOLD, 逻辑=VALID
[10:06:53] [AI] sh600021(上海电力): 动作=HOLD, 逻辑=VALID
[10:06:53] [AI] sz000938(紫光股份): 动作=HOLD, 逻辑=VALID
[10:06:53] [AI] sz002047(宝鹰股份): 动作=HOLD, 逻辑=VALID
[10:06:53] [AI] sz002245(蔚蓝锂芯): 动作=HOLD, 逻辑=VALID
[10:06:53] [AI] sz002421(达实智能): 动作=HOLD, 逻辑=VALID
[10:06:53] [AI] sz000630(铜陵有色): 动作=HOLD, 逻辑=VALID
[10:06:53] [AI] sz300137(先河环保): 动作=HOLD, 逻辑=VALID
[10:06:53] [AI] 原始候选信号: [{'symbol': 'sh600021', 'name': '上海电力', 'score': 82, 'action': 'BUY', 'thesis': '电力板块领涨股，今日放量上涨，趋势健康，作为主线核心龙头，符合高潮期做龙头策略。'}, {'symbol': 'sz000938', 'name': '紫光股份', 'score': 78, 'action': 'BUY', 'thesis': 'AI算力方向容量中军，今日小幅上涨但量价健康，若指数继续上行有望修复，作为补涨标的试错。'}, {'symbol': 'sh688317', 'name': '之江生物', 'score': 75, 'action': 'BUY', 'thesis': '医药方向领涨股，今日涨幅较大但换手健康，作为主线补涨标的，小仓参与。'}]
[10:06:53] [AI] 信号: 上海电力(sh600021) 动作=BUY 评分=82.0
[10:06:53] [风控] sh600021 加仓评分不足(82.0<85)
[10:06:53] [AI] 信号: 紫光股份(sz000938) 动作=BUY 评分=78.0
[10:06:53] [风控] sz000938 单票仓位已达15.1%上限,拒绝加仓
[10:06:53] [AI] 信号: 之江生物(sh688317) 动作=BUY 评分=75.0
[10:06:53] [风控] sh688317 加仓评分不足(75.0<85)
[10:08:18] ✅ [记忆交接] AI 已加载昨日复盘。 🎯 关注作业:sz000938, sh688317, sh688702 | 🚫 禁忌模式:半路追高, 缩量半路板, 退潮期接力
[10:08:22] [AI] 交易分析完成: stage=高潮, signals=1
[10:08:22] [AI] 持仓分析: 8 项
[10:08:22] [AI] sh688317(之江生物): 动作=HOLD, 逻辑=VALID
[10:08:22] [AI] sh600021(上海电力): 动作=HOLD, 逻辑=VALID
[10:08:22] [AI] sz000938(紫光股份): 动作=HOLD, 逻辑=VALID
[10:08:22] [AI] sz002047(宝鹰股份): 动作=HOLD, 逻辑=VALID
[10:08:22] [AI] sz002245(蔚蓝锂芯): 动作=HOLD, 逻辑=VALID
[10:08:22] [AI] sz002421(达实智能): 动作=HOLD, 逻辑=VALID
[10:08:22] [AI] sz000630(铜陵有色): 动作=HOLD, 逻辑=VALID
[10:08:22] [AI] sz300137(先河环保): 动作=HOLD, 逻辑=VALID
[10:08:22] [AI] 原始候选信号: [{'symbol': 'sz300137', 'name': '先河环保', 'score': 72, 'action': 'BUY', 'thesis': '创业板环保方向补涨，今日+0.2%量价平稳，形态健康，小仓试错。'}]
[10:08:22] [AI] 信号: 先河环保(sz300137) 动作=BUY 评分=72.0
[10:08:22] [风控] sz300137 加仓评分不足(72.0<85)
[10:09:47] ✅ [记忆交接] AI 已加载昨日复盘。 🎯 关注作业:sz000938, sh688317, sh688702 | 🚫 禁忌模式:半路追高, 缩量半路板, 退潮期接力
[10:09:51] [AI] 交易分析完成: stage=高潮, signals=1
[10:09:51] [AI] 持仓分析: 8 项
[10:09:51] [AI] sh688317(之江生物): 动作=HOLD, 逻辑=VALID
[10:09:51] [AI] sh600021(上海电力): 动作=HOLD, 逻辑=VALID
[10:09:51] [AI] sz000938(紫光股份): 动作=HOLD, 逻辑=VALID
[10:09:51] [AI] sz002047(宝鹰股份): 动作=HOLD, 逻辑=VALID
[10:09:51] [AI] sz002245(蔚蓝锂芯): 动作=HOLD, 逻辑=VALID
[10:09:51] [AI] sz002421(达实智能): 动作=HOLD, 逻辑=VALID
[10:09:51] [AI] sz000630(铜陵有色): 动作=HOLD, 逻辑=VALID
[10:09:51] [AI] sz300137(先河环保): 动作=HOLD, 逻辑=VALID
[10:09:51] [AI] 原始候选信号: [{'symbol': 'sz300129', 'name': '长海股份', 'score': 85, 'action': 'BUY', 'thesis': '创业板领涨龙头，今日涨幅20%且换手充分，主线方向明确，资金聚焦，可小仓参与。'}]
[10:09:51] [AI] 信号: 长海股份(sz300129) 动作=BUY 评分=85.0
[10:09:51] [交易] 获取到池外股票 sz300129 价格: 10.9
[10:09:51] [风控] 拒绝 sz300129: [A级]仓位已满：当前73% >= 市场高潮最大70%
[10:09:51] [风控] sz300129 长海股份 被拦截:[A级]仓位已满：当前73% >= 市场高潮最大70%
[10:09:51] [关注] 自动加入 长海股份(sz300129) 到观察池
[10:11:17] ✅ [记忆交接] AI 已加载昨日复盘。 🎯 关注作业:sz000938, sh688317, sh688702 | 🚫 禁忌模式:半路追高, 缩量半路板, 退潮期接力
[10:11:22] [AI] 交易分析完成: stage=高潮, signals=1
[10:11:22] [AI] 持仓分析: 8 项
[10:11:22] [AI] sh688317(之江生物): 动作=HOLD, 逻辑=VALID
[10:11:22] [AI] sh600021(上海电力): 动作=HOLD, 逻辑=VALID
[10:11:22] [AI] sz000938(紫光股份): 动作=HOLD, 逻辑=VALID
[10:11:22] [AI] sz002047(宝鹰股份): 动作=HOLD, 逻辑=VALID
[10:11:22] [AI] sz002245(蔚蓝锂芯): 动作=HOLD, 逻辑=VALID
[10:11:22] [AI] sz002421(达实智能): 动作=HOLD, 逻辑=VALID
[10:11:22] [AI] sz000630(铜陵有色): 动作=HOLD, 逻辑=VALID
[10:11:22] [AI] sz300137(先河环保): 动作=HOLD, 逻辑=VALID
[10:11:22] [AI] 原始候选信号: [{'symbol': 'sz300137', 'name': '先河环保', 'score': 72, 'action': 'BUY', 'thesis': '先河环保属于创业板环保方向，今日涨幅+0.6%但换手较低，形态上处于平台整理，作为非核心标的兜底选择，小仓试错，等待轮动。'}]
[10:11:22] [AI] 信号: 先河环保(sz300137) 动作=BUY 评分=72.0
[10:11:22] [风控] sz300137 加仓评分不足(72.0<85)
[10:12:47] ✅ [记忆交接] AI 已加载昨日复盘。 🎯 关注作业:sz000938, sh688317, sh688702 | 🚫 禁忌模式:半路追高, 缩量半路板, 退潮期接力
[10:12:51] [AI] 交易分析完成: stage=高潮, signals=1
[10:12:51] [AI] 持仓分析: 8 项
[10:12:51] [AI] sh688317(之江生物): 动作=HOLD, 逻辑=VALID
[10:12:51] [AI] sh600021(上海电力): 动作=HOLD, 逻辑=VALID
[10:12:51] [AI] sz000938(紫光股份): 动作=HOLD, 逻辑=VALID
[10:12:51] [AI] sz002047(宝鹰股份): 动作=HOLD, 逻辑=VALID
[10:12:51] [AI] sz002245(蔚蓝锂芯): 动作=HOLD, 逻辑=VALID
[10:12:51] [AI] sz002421(达实智能): 动作=HOLD, 逻辑=VALID
[10:12:51] [AI] sz000630(铜陵有色): 动作=HOLD, 逻辑=VALID
[10:12:51] [AI] sz300137(先河环保): 动作=HOLD, 逻辑=VALID
[10:12:51] [AI] 原始候选信号: [{'symbol': 'sz300137', 'name': '先河环保', 'score': 72, 'action': 'BUY', 'thesis': '环保方向有长海股份领涨，先河环保虽T+1锁定但可考虑加仓，量价健康，小仓试错补涨。'}]
[10:12:51] [AI] 信号: 先河环保(sz300137) 动作=BUY 评分=72.0
[10:12:51] [风控] sz300137 加仓评分不足(72.0<85)
[10:14:16] ✅ [记忆交接] AI 已加载昨日复盘。 🎯 关注作业:sz000938, sh688317, sh688702 | 🚫 禁忌模式:半路追高, 缩量半路板, 退潮期接力
[10:14:21] [AI] 交易分析完成: stage=高潮, signals=1
[10:14:21] [AI] 持仓分析: 8 项
[10:14:21] [AI] sh688317(之江生物): 动作=HOLD, 逻辑=VALID
[10:14:21] [AI] sh600021(上海电力): 动作=HOLD, 逻辑=VALID
[10:14:21] [AI] sz000938(紫光股份): 动作=HOLD, 逻辑=VALID
[10:14:21] [AI] sz002047(宝鹰股份): 动作=HOLD, 逻辑=VALID
[10:14:21] [AI] sz002245(蔚蓝锂芯): 动作=HOLD, 逻辑=VALID
[10:14:21] [AI] sz002421(达实智能): 动作=HOLD, 逻辑=VALID
[10:14:21] [AI] sz000630(铜陵有色): 动作=HOLD, 逻辑=VALID
[10:14:21] [AI] sz300137(先河环保): 动作=HOLD, 逻辑=VALID
[10:14:21] [AI] 原始候选信号: [{'symbol': 'sz300137', 'name': '先河环保', 'score': 72, 'action': 'BUY', 'thesis': '环保板块补涨，今日涨幅1.1%，换手温和，形态健康，作为小仓试错标的，符合高潮期补涨逻辑。'}]
[10:14:21] [AI] 信号: 先河环保(sz300137) 动作=BUY 评分=72.0
[10:14:21] [风控] sz300137 加仓评分不足(72.0<85)
[10:15:46] ✅ [记忆交接] AI 已加载昨日复盘。 🎯 关注作业:sz000938, sh688317, sh688702 | 🚫 禁忌模式:半路追高, 缩量半路板, 退潮期接力
[10:15:50] [AI] 交易分析完成: stage=高潮, signals=1
[10:15:50] [AI] 持仓分析: 8 项
[10:15:50] [AI] sh688317(之江生物): 动作=HOLD, 逻辑=VALID
[10:15:50] [AI] sh600021(上海电力): 动作=HOLD, 逻辑=VALID
[10:15:50] [AI] sz000938(紫光股份): 动作=HOLD, 逻辑=VALID
[10:15:50] [AI] sz002047(宝鹰股份): 动作=HOLD, 逻辑=VALID
[10:15:50] [AI] sz002245(蔚蓝锂芯): 动作=HOLD, 逻辑=VALID
[10:15:50] [AI] sz002421(达实智能): 动作=HOLD, 逻辑=VALID
[10:15:50] [AI] sz000630(铜陵有色): 动作=HOLD, 逻辑=VALID
[10:15:50] [AI] sz300137(先河环保): 动作=HOLD, 逻辑=VALID
[10:15:50] [AI] 原始候选信号: [{'symbol': 'sz300137', 'name': '先河环保', 'score': 72, 'action': 'BUY', 'thesis': '环保方向补涨，换手适中，形态健康，小仓试错。'}]
[10:15:50] [AI] 信号: 先河环保(sz300137) 动作=BUY 评分=72.0
[10:15:50] [风控] sz300137 加仓评分不足(72.0<85)
[10:17:16] ✅ [记忆交接] AI 已加载昨日复盘。 🎯 关注作业:sz000938, sh688317, sh688702 | 🚫 禁忌模式:半路追高, 缩量半路板, 退潮期接力
[10:17:21] [AI] 交易分析完成: stage=高潮, signals=1
[10:17:21] [AI] 持仓分析: 8 项
[10:17:21] [AI] sh688317(之江生物): 动作=HOLD, 逻辑=VALID
[10:17:21] [AI] sh600021(上海电力): 动作=HOLD, 逻辑=VALID
[10:17:21] [AI] sz000938(紫光股份): 动作=HOLD, 逻辑=VALID
[10:17:21] [AI] sz002047(宝鹰股份): 动作=HOLD, 逻辑=VALID
[10:17:21] [AI] sz002245(蔚蓝锂芯): 动作=HOLD, 逻辑=BROKEN
[10:17:21] [AI] sz002421(达实智能): 动作=HOLD, 逻辑=VALID
[10:17:21] [AI] sz000630(铜陵有色): 动作=HOLD, 逻辑=VALID
[10:17:21] [AI] sz300137(先河环保): 动作=HOLD, 逻辑=VALID
[10:17:21] [AI] 原始候选信号: [{'symbol': 'sz300196', 'name': '长海股份', 'score': 85, 'action': 'BUY', 'thesis': '创业板领涨龙头，今日+20%涨停，换手充分，资金主攻方向，符合高潮期做核心龙头策略。'}]
[10:17:21] [AI] 信号: 长海股份(sz300196) 动作=BUY 评分=85.0
[10:17:21] [风控] sz300196 长海股份 被拦截:涨停限制(涨停价23.92)
[10:17:21] [关注] 自动加入 长海股份(sz300196) 到观察池
[10:18:46] ✅ [记忆交接] AI 已加载昨日复盘。 🎯 关注作业:sz000938, sh688317, sh688702 | 🚫 禁忌模式:半路追高, 缩量半路板, 退潮期接力
[10:18:49] [AI] 交易分析完成: stage=高潮, signals=1
[10:18:49] [AI] 持仓分析: 8 项
[10:18:49] [AI] sh688317(之江生物): 动作=HOLD, 逻辑=VALID
[10:18:49] [AI] sh600021(上海电力): 动作=HOLD, 逻辑=VALID
[10:18:49] [AI] sz000938(紫光股份): 动作=HOLD, 逻辑=VALID
[10:18:49] [AI] sz002047(宝鹰股份): 动作=HOLD, 逻辑=VALID
[10:18:49] [AI] sz002245(蔚蓝锂芯): 动作=HOLD, 逻辑=VALID
[10:18:49] [AI] sz002421(达实智能): 动作=HOLD, 逻辑=VALID
[10:18:49] [AI] sz000630(铜陵有色): 动作=HOLD, 逻辑=VALID
[10:18:49] [AI] sz300137(先河环保): 动作=HOLD, 逻辑=VALID
[10:18:49] [AI] 原始候选信号: [{'symbol': 'sz300137', 'name': '先河环保', 'score': 72, 'action': 'BUY', 'thesis': '环保方向有补涨潜力，形态健康，小仓试错。'}]
[10:18:49] [AI] 信号: 先河环保(sz300137) 动作=BUY 评分=72.0
[10:18:49] [风控] sz300137 加仓评分不足(72.0<85)
[10:20:15] ✅ [记忆交接] AI 已加载昨日复盘。 🎯 关注作业:sz000938, sh688317, sh688702 | 🚫 禁忌模式:半路追高, 缩量半路板, 退潮期接力
[10:20:20] [AI] 交易分析完成: stage=高潮, signals=2
[10:20:20] [AI] 持仓分析: 8 项
[10:20:20] [AI] sh688317(之江生物): 动作=HOLD, 逻辑=VALID
[10:20:20] [AI] sh600021(上海电力): 动作=HOLD, 逻辑=VALID
[10:20:20] [AI] sz000938(紫光股份): 动作=HOLD, 逻辑=VALID
[10:20:20] [AI] sz002047(宝鹰股份): 动作=HOLD, 逻辑=VALID
[10:20:20] [AI] sz002245(蔚蓝锂芯): 动作=HOLD, 逻辑=VALID
[10:20:20] [AI] sz002421(达实智能): 动作=HOLD, 逻辑=VALID
[10:20:20] [AI] sz000630(铜陵有色): 动作=HOLD, 逻辑=VALID
[10:20:20] [AI] sz300137(先河环保): 动作=HOLD, 逻辑=VALID
[10:20:20] [AI] 原始候选信号: [{'symbol': 'sz300129', 'action': 'BUY', 'score': 75, 'thesis': '泰胜风能虽被风控拒绝，但作为风电方向补涨标的，若仓位允许可考虑小仓试错，但当前仓位已满，暂不推荐。'}, {'symbol': 'sh600021', 'action': 'BUY', 'score': 80, 'thesis': '上海电力作为电力板块趋势中军，量价健康，高潮期可继续加仓，但当前已持有，需控制仓位。'}]
[10:20:20] [AI] 信号: (sz300129) 动作=BUY 评分=75.0
[10:20:20] [风控] 拒绝 sz300129: [A级]仓位已满：当前74% >= 市场高潮最大70%
[10:20:20] [风控] sz300129  被拦截:[A级]仓位已满：当前74% >= 市场高潮最大70%
[10:20:20] [AI] 信号: (sh600021) 动作=BUY 评分=80.0
[10:20:20] [风控] sh600021 加仓评分不足(80.0<85)
[10:21:47] ✅ [记忆交接] AI 已加载昨日复盘。 🎯 关注作业:sz000938, sh688317, sh688702 | 🚫 禁忌模式:半路追高, 缩量半路板, 退潮期接力
[10:21:51] [AI] 交易分析完成: stage=高潮, signals=1
[10:21:51] [AI] 持仓分析: 8 项
[10:21:51] [AI] sh688317(之江生物): 动作=HOLD, 逻辑=VALID
[10:21:51] [AI] sh600021(上海电力): 动作=HOLD, 逻辑=VALID
[10:21:51] [AI] sz000938(紫光股份): 动作=HOLD, 逻辑=VALID
[10:21:51] [AI] sz002047(宝鹰股份): 动作=HOLD, 逻辑=VALID
[10:21:51] [AI] sz002245(蔚蓝锂芯): 动作=HOLD, 逻辑=VALID
[10:21:51] [AI] sz002421(达实智能): 动作=HOLD, 逻辑=VALID
[10:21:51] [AI] sz000630(铜陵有色): 动作=HOLD, 逻辑=VALID
[10:21:51] [AI] sz300137(先河环保): 动作=HOLD, 逻辑=VALID
[10:21:51] [AI] 原始候选信号: [{'symbol': 'sz300137', 'name': '先河环保', 'score': 72, 'action': 'BUY', 'thesis': '环保板块补涨，量价健康，小仓试错，但非主线核心，评分较低。'}]
[10:21:51] [AI] 信号: 先河环保(sz300137) 动作=BUY 评分=72.0
[10:21:51] [风控] sz300137 加仓评分不足(72.0<85)
[10:23:14] ✅ [记忆交接] AI 已加载昨日复盘。 🎯 关注作业:sz000938, sh688317, sh688702 | 🚫 禁忌模式:半路追高, 缩量半路板, 退潮期接力
[10:23:18] [AI] 交易分析完成: stage=高潮, signals=1
[10:23:18] [AI] 持仓分析: 8 项
[10:23:18] [AI] sh688317(之江生物): 动作=HOLD, 逻辑=VALID
[10:23:18] [AI] sh600021(上海电力): 动作=HOLD, 逻辑=VALID
[10:23:18] [AI] sz000938(紫光股份): 动作=HOLD, 逻辑=VALID
[10:23:18] [AI] sz002047(宝鹰股份): 动作=HOLD, 逻辑=VALID
[10:23:18] [AI] sz002245(蔚蓝锂芯): 动作=HOLD, 逻辑=VALID
[10:23:18] [AI] sz002421(达实智能): 动作=HOLD, 逻辑=VALID
[10:23:18] [AI] sz000630(铜陵有色): 动作=HOLD, 逻辑=VALID
[10:23:18] [AI] sz300137(先河环保): 动作=HOLD, 逻辑=VALID
[10:23:18] [AI] 原始候选信号: [{'symbol': 'sz300196', 'name': '长海股份', 'score': 85, 'action': 'BUY', 'thesis': '创业板领涨龙头，涨幅20%且换手充分，主线方向明确，符合高潮期做核心龙头的策略。'}]
[10:23:18] [AI] 信号: 长海股份(sz300196) 动作=BUY 评分=85.0
[10:23:18] [风控] sz300196 长海股份 被拦截:涨停限制(涨停价23.92)
[10:24:43] ✅ [记忆交接] AI 已加载昨日复盘。 🎯 关注作业:sz000938, sh688317, sh688702 | 🚫 禁忌模式:半路追高, 缩量半路板, 退潮期接力
[10:24:48] [AI] 交易分析完成: stage=高潮, signals=1
[10:24:48] [AI] 持仓分析: 8 项
[10:24:48] [AI] sh688317(之江生物): 动作=HOLD, 逻辑=VALID
[10:24:48] [AI] sh600021(上海电力): 动作=HOLD, 逻辑=VALID
[10:24:48] [AI] sz000938(紫光股份): 动作=HOLD, 逻辑=VALID
[10:24:48] [AI] sz002047(宝鹰股份): 动作=HOLD, 逻辑=VALID
[10:24:48] [AI] sz002245(蔚蓝锂芯): 动作=HOLD, 逻辑=VALID
[10:24:48] [AI] sz002421(达实智能): 动作=HOLD, 逻辑=VALID
[10:24:48] [AI] sz000630(铜陵有色): 动作=HOLD, 逻辑=VALID
[10:24:48] [AI] sz300137(先河环保): 动作=HOLD, 逻辑=VALID
[10:24:48] [AI] 原始候选信号: [{'symbol': 'sz300137', 'name': '先河环保', 'score': 72, 'action': 'BUY', 'thesis': '环保方向补涨，量价健康，小仓试错。'}]
[10:24:48] [AI] 信号: 先河环保(sz300137) 动作=BUY 评分=72.0
[10:24:48] [风控] sz300137 加仓评分不足(72.0<85)
[10:26:13] ✅ [记忆交接] AI 已加载昨日复盘。 🎯 关注作业:sz000938, sh688317, sh688702 | 🚫 禁忌模式:半路追高, 缩量半路板, 退潮期接力
[10:26:18] [AI] 交易分析完成: stage=高潮, signals=1
[10:26:18] [AI] 持仓分析: 8 项
[10:26:18] [AI] sh688317(之江生物): 动作=HOLD, 逻辑=VALID
[10:26:18] [AI] sh600021(上海电力): 动作=HOLD, 逻辑=VALID
[10:26:18] [AI] sz000938(紫光股份): 动作=HOLD, 逻辑=VALID
[10:26:18] [AI] sz002047(宝鹰股份): 动作=HOLD, 逻辑=VALID
[10:26:18] [AI] sz002245(蔚蓝锂芯): 动作=HOLD, 逻辑=VALID
[10:26:18] [AI] sz002421(达实智能): 动作=HOLD, 逻辑=VALID
[10:26:18] [AI] sz000630(铜陵有色): 动作=HOLD, 逻辑=VALID
[10:26:18] [AI] sz300137(先河环保): 动作=HOLD, 逻辑=VALID
[10:26:18] [AI] 原始候选信号: [{'symbol': 'sz300137', 'name': '先河环保', 'score': 72, 'action': 'BUY', 'thesis': '环保方向补涨标的，换手率低且形态健康，小仓试错。'}]
[10:26:18] [AI] 信号: 先河环保(sz300137) 动作=BUY 评分=72.0
[10:26:18] [风控] sz300137 加仓评分不足(72.0<85)
[10:27:43] ✅ [记忆交接] AI 已加载昨日复盘。 🎯 关注作业:sz000938, sh688317, sh688702 | 🚫 禁忌模式:半路追高, 缩量半路板, 退潮期接力
[10:27:47] [AI] 交易分析完成: stage=高潮, signals=1
[10:27:47] [AI] 持仓分析: 8 项
[10:27:47] [AI] sh688317(之江生物): 动作=HOLD, 逻辑=VALID
[10:27:47] [AI] sh600021(上海电力): 动作=HOLD, 逻辑=VALID
[10:27:47] [AI] sz000938(紫光股份): 动作=HOLD, 逻辑=VALID
[10:27:47] [AI] sz002047(宝鹰股份): 动作=HOLD, 逻辑=VALID
[10:27:47] [AI] sz002245(蔚蓝锂芯): 动作=HOLD, 逻辑=VALID
[10:27:47] [AI] sz002421(达实智能): 动作=HOLD, 逻辑=VALID
[10:27:47] [AI] sz000630(铜陵有色): 动作=HOLD, 逻辑=VALID
[10:27:47] [AI] sz300137(先河环保): 动作=HOLD, 逻辑=VALID
[10:27:47] [AI] 原始候选信号: [{'symbol': 'sz300137', 'name': '先河环保', 'score': 75, 'action': 'BUY', 'thesis': '环保方向补涨，形态健康，换手适中，小仓试错。'}]
[10:27:47] [AI] 信号: 先河环保(sz300137) 动作=BUY 评分=75.0
[10:27:47] [风控] sz300137 加仓评分不足(75.0<85)
[10:29:13] ✅ [记忆交接] AI 已加载昨日复盘。 🎯 关注作业:sz000938, sh688317, sh688702 | 🚫 禁忌模式:半路追高, 缩量半路板, 退潮期接力
[10:29:17] [AI] 交易分析完成: stage=高潮, signals=1
[10:29:17] [AI] 持仓分析: 8 项
[10:29:17] [AI] sh688317(之江生物): 动作=HOLD, 逻辑=VALID
[10:29:17] [AI] sh600021(上海电力): 动作=HOLD, 逻辑=VALID
[10:29:17] [AI] sz000938(紫光股份): 动作=HOLD, 逻辑=VALID
[10:29:17] [AI] sz002047(宝鹰股份): 动作=HOLD, 逻辑=VALID
[10:29:17] [AI] sz002245(蔚蓝锂芯): 动作=HOLD, 逻辑=VALID
[10:29:17] [AI] sz002421(达实智能): 动作=HOLD, 逻辑=VALID
[10:29:17] [AI] sz000630(铜陵有色): 动作=HOLD, 逻辑=VALID
[10:29:17] [AI] sz300137(先河环保): 动作=HOLD, 逻辑=VALID
[10:29:17] [AI] 原始候选信号: [{'symbol': 'sz300137', 'name': '先河环保', 'score': 75, 'action': 'BUY', 'thesis': '环保方向补涨，量价健康，小仓试错。'}]
[10:29:17] [AI] 信号: 先河环保(sz300137) 动作=BUY 评分=75.0
[10:29:17] [风控] sz300137 加仓评分不足(75.0<85)
[10:30:43] ✅ [记忆交接] AI 已加载昨日复盘。 🎯 关注作业:sz000938, sh688317, sh688702 | 🚫 禁忌模式:半路追高, 缩量半路板, 退潮期接力
[10:30:47] [AI] 交易分析完成: stage=高潮, signals=1
[10:30:47] [AI] 持仓分析: 8 项
[10:30:47] [AI] sh688317(之江生物): 动作=HOLD, 逻辑=VALID
[10:30:47] [AI] sh600021(上海电力): 动作=HOLD, 逻辑=VALID
[10:30:47] [AI] sz000938(紫光股份): 动作=HOLD, 逻辑=VALID
[10:30:47] [AI] sz002047(宝鹰股份): 动作=HOLD, 逻辑=VALID
[10:30:47] [AI] sz002245(蔚蓝锂芯): 动作=HOLD, 逻辑=VALID
[10:30:47] [AI] sz002421(达实智能): 动作=HOLD, 逻辑=VALID
[10:30:47] [AI] sz000630(铜陵有色): 动作=HOLD, 逻辑=VALID
[10:30:47] [AI] sz300137(先河环保): 动作=HOLD, 逻辑=VALID
[10:30:47] [AI] 原始候选信号: [{'symbol': 'sz300137', 'name': '先河环保', 'score': 72, 'action': 'BUY', 'thesis': '创业板环保方向，量价健康，换手低，有补涨潜力，小仓试错。'}]
[10:30:47] [AI] 信号: 先河环保(sz300137) 动作=BUY 评分=72.0
[10:30:47] [风控] sz300137 加仓评分不足(72.0<85)
[10:32:13] ✅ [记忆交接] AI 已加载昨日复盘。 🎯 关注作业:sz000938, sh688317, sh688702 | 🚫 禁忌模式:半路追高, 缩量半路板, 退潮期接力
[10:32:17] [AI] 交易分析完成: stage=高潮, signals=1
[10:32:17] [AI] 持仓分析: 8 项
[10:32:17] [AI] sh688317(之江生物): 动作=HOLD, 逻辑=VALID
[10:32:17] [AI] sh600021(上海电力): 动作=HOLD, 逻辑=VALID
[10:32:17] [AI] sz000938(紫光股份): 动作=HOLD, 逻辑=VALID
[10:32:17] [AI] sz002047(宝鹰股份): 动作=HOLD, 逻辑=VALID
[10:32:17] [AI] sz002245(蔚蓝锂芯): 动作=HOLD, 逻辑=VALID
[10:32:17] [AI] sz002421(达实智能): 动作=HOLD, 逻辑=VALID
[10:32:17] [AI] sz000630(铜陵有色): 动作=HOLD, 逻辑=VALID
[10:32:17] [AI] sz300137(先河环保): 动作=HOLD, 逻辑=VALID
[10:32:17] [AI] 原始候选信号: [{'symbol': 'sz300905', 'action': 'BUY', 'score': 75, 'thesis': '创业板领涨股长海股份（+20%）带动板块，同方向补涨标的，量价健康，小仓试错。'}]
[10:32:17] [AI] 信号: (sz300905) 动作=BUY 评分=75.0
[10:32:18] [交易] 获取到池外股票 sz300905 价格: 67.29
[10:32:18] [交易] sz300905 资金不足 (现价67.29, 可用现金5396)
[10:32:18] [风控] sz300905  被拦截:资金不足,买不起 100 股
[10:32:18] [关注] 自动加入 (sz300905) 到观察池
[10:33:29] [系统] 分析循环已停止。
[10:54:07] [系统] 正在启动双线程分析架构...
[10:54:07] [交易 AI] 线程已启动,间隔 90 秒 (优先级:高)。
[10:54:07] [研究 AI] 独立后台已启动,正在后台运行中... (等待触发节点)
[10:54:07] [系统] 双线程分析循环已启动 (交易 + 研究)。
[10:54:08] ✅ [记忆交接] AI 已加载昨日复盘。 🎯 关注作业:sz000938, sh688317, sh688702 | 🚫 禁忌模式:半路追高, 缩量半路板, 退潮期接力
[10:54:12] [系统] 分析循环已停止。
[10:54:13] [AI] 交易分析完成: stage=高潮, signals=1
[10:54:13] [AI] 持仓分析: 8 项
[10:54:13] [AI] sh688317(之江生物): 动作=HOLD, 逻辑=VALID
[10:54:13] [AI] sh600021(上海电力): 动作=HOLD, 逻辑=VALID
[10:54:13] [AI] sz000938(紫光股份): 动作=HOLD, 逻辑=VALID
[10:54:13] [AI] sz002047(宝鹰股份): 动作=SELL, 逻辑=BROKEN
[10:54:13] [AI] 逻辑破坏 sz002047,触发卖出
[10:54:13] [风控] 拒绝 sz002047: [S级]T+1限制：今日(2026-05-25)买入不可卖出
[10:54:13] [AI] sz002245(蔚蓝锂芯): 动作=SELL, 逻辑=BROKEN
[10:54:13] [AI] 逻辑破坏 sz002245,触发卖出
[10:54:13] [风控] 拒绝 sz002245: [S级]T+1限制：今日(2026-05-25)买入不可卖出
[10:54:13] [AI] sz002421(达实智能): 动作=HOLD, 逻辑=VALID
[10:54:13] [AI] sz000630(铜陵有色): 动作=HOLD, 逻辑=VALID
[10:54:13] [AI] sz300137(先河环保): 动作=HOLD, 逻辑=VALID
[10:54:13] [AI] 原始候选信号: [{'symbol': 'sz300337', 'name': '长海股份', 'score': 78, 'action': 'BUY', 'thesis': '创业板领涨股，涨停20%换手17.3%，量价健康，属于主线补涨龙头，小仓试错。'}]
[10:54:13] [AI] 信号: 长海股份(sz300337) 动作=BUY 评分=78.0
[10:54:13] [交易] 获取到池外股票 sz300337 价格: 13.05
[10:54:13] [风控] 拒绝 sz300337: [A级]仓位已满：当前73% >= 市场高潮最大70%
[10:54:13] [风控] sz300337 长海股份 被拦截:[A级]仓位已满：当前73% >= 市场高潮最大70%
[10:54:13] [关注] 自动加入 长海股份(sz300337) 到观察池
[13:19:43] [系统] 正在启动双线程分析架构...
[13:19:43] [交易 AI] 线程已启动,间隔 90 秒 (优先级:高)。
[13:19:43] [研究 AI] 独立后台已启动,正在后台运行中... (等待触发节点)
[13:19:43] [系统] 双线程分析循环已启动 (交易 + 研究)。
[13:19:44] ✅ [记忆交接] AI 已加载昨日复盘。 🎯 关注作业:sz000938, sh688317, sh688702 | 🚫 禁忌模式:半路追高, 缩量半路板, 退潮期接力
[13:20:04] [AI] ⚠️ JSON解析失败, AI返回: 我们处于下午连续竞价阶段，市场高潮。需要根据指令输出 JSON。分析持仓、市场数据、候选池，并给出交易建议。

首先分析市场阶段和趋势：市场阶段 "高潮"，涨停140只跌停7只，上涨比79.6%，均涨幅5.98%，明显强势。趋势一句话：全市场高潮，赚钱效应极强，龙头领涨。

然后持仓分析：持仓列表中有可卖和冻结。可卖的是sh688317(之江生物) 盈亏+7.0%，sh600021(上海电力) +4.8%，sz000938(紫光股份) +2.9%。冻结的不可卖。注意我们T+1锁定不能卖的是冻结的。所以可卖的就是这三个。需要判断是HOLD还是SELL，基于thesis_status。注意研报AI
[13:20:04] [AI] 错误: JSON 解析失败
[13:21:15] ✅ [记忆交接] AI 已加载昨日复盘。 🎯 关注作业:sz000938, sh688317, sh688702 | 🚫 禁忌模式:半路追高, 缩量半路板, 退潮期接力
[13:21:21] [系统] 分析循环已停止。
[13:21:32] [AI] ⚠️ JSON解析失败, AI返回: 我们被要求输出 JSON。先分析市场阶段、持仓、候选。

市场: 下午连续竞价，高潮期。上涨比79.6%，涨停138只。龙头领涨：商络电子+20%，盛合晶微+14.4%（👁️超预算），达实智能+10.1%，博云新材+10.0%，中芯国际+19.3%（👁️超预算）。

第二层候选池：
- 创业板：长海股份+20%换手17.7%，光弘科技+20%换手5.9%，商络电子+20%换手20.4%
- 其他：满坤科技+12.8%，荣信文化+11.1%
- 电力：广电网络+10.0%，京能电力+10.0%，长源电力+9.9%，上海电力+5.0%，大唐发电+3.0%
- 半导体：凯伦股份+7.2%
- AI/
[13:21:32] [AI] 错误: JSON 解析失败
[13:36:06] [系统] 正在启动双线程分析架构...
[13:36:06] [交易 AI] 线程已启动,间隔 90 秒 (优先级:高)。
[13:36:06] [研究 AI] 独立后台已启动,正在后台运行中... (等待触发节点)
[13:36:06] [系统] 双线程分析循环已启动 (交易 + 研究)。
[13:36:07] ✅ [记忆交接] AI 已加载昨日复盘。 🎯 关注作业:sz000938, sh688317, sh688702 | 🚫 禁忌模式:半路追高, 缩量半路板, 退潮期接力
[13:36:28] [AI] ⚠️ JSON解析失败: 未找到有效 JSON 结构
[13:36:28] [AI] 原始返回片段: 我们被要求输出 JSON，市场高潮，涨停多，上涨比高。需要持仓分析和新候选。持仓：之江生物（可卖），上海电力（可卖），紫光股份（可卖），宝鹰股份、蔚蓝锂芯、达实智能、铜陵有色、先河环保（冻结）。先分析持仓的 thesis_status。

之江生物：医药，但并非核心龙头，市场高潮，医药龙头是恩威医药，之江生物有盈利，但观察是否需要卖出？可能趋势还健康，但或许是轮动，可以持有或卖出。上海电力：电力板
[13:36:49] [系统] 分析循环已停止。
[13:47:41] [系统] 正在启动双线程分析架构...
[13:47:41] [交易 AI] 线程已启动,间隔 90 秒 (优先级:高)。
[13:47:41] [系统] 双线程分析循环已启动 (交易 + 研究)。
[13:47:41] [研究 AI] 独立后台已启动,正在后台运行中... (等待触发节点)
[13:47:43] ✅ [记忆交接] AI 已加载昨日复盘。 🎯 关注作业:sz000938, sh688317, sh688702 | 🚫 禁忌模式:半路追高, 缩量半路板, 退潮期接力
[13:48:03] [AI] ⚠️ JSON解析失败: 未找到有效 JSON 结构
[13:48:03] [AI] 原始返回片段: 我们被要求输出JSON。市场阶段是高潮。上涨比79.4%，涨停125只，跌停8只。仓位73.2%重仓，可用现金5396元，单票预算上限5035.50元（股价需 ≤ 50.35元）。我们持仓：之江生物、上海电力、紫光股份、宝鹰股份(冻结)、蔚蓝锂芯(冻结)、达实智能(冻结)、铜陵有色(冻结)、先河环保(冻结)。需要决定对持仓中可卖的三个：sh688317（之江生物）、sh600021（上海电力）、s
[13:48:13] [系统] 分析循环已停止。
[13:58:25] [系统] 正在启动双线程分析架构...
[13:58:25] [交易 AI] 线程已启动,间隔 90 秒 (优先级:高)。
[13:58:25] [研究 AI] 独立后台已启动,正在后台运行中... (等待触发节点)
[13:58:25] [系统] 双线程分析循环已启动 (交易 + 研究)。
[13:58:26] ✅ [记忆交接] AI 已加载昨日复盘。 🎯 关注作业:sz000938, sh688317, sh688702 | 🚫 禁忌模式:半路追高, 缩量半路板, 退潮期接力
[13:58:45] [AI] ⚠️ JSON解析失败: 未找到有效 JSON 结构
[13:58:45] [AI] 原始返回片段: 我们被要求输出纯JSON。市场处于高潮期，涨停128只，跌停7只，上涨比79.8%，均涨幅5.73%。需要从候选池中推荐至少1个candidate。我们持仓有之江生物、上海电力、紫光股份、宝鹰股份、蔚蓝锂芯、达实智能、铜陵有色、先河环保。可卖的之有江生物、上海电力、紫光股份。可用现金5396元，单票预算上限5043元，所以股价需<=50.43元。候选池中的股票：满坤科技(今+11.0%,换手12.
[13:58:45] [AI] 错误: JSON 解析失败
[13:58:58] [系统] 分析循环已停止。
[14:02:24] [系统] 正在启动双线程分析架构...
[14:02:25] [交易 AI] 线程已启动,间隔 90 秒 (优先级:高)。
[14:02:25] [研究 AI] 独立后台已启动,正在后台运行中... (等待触发节点)
[14:02:25] [系统] 双线程分析循环已启动 (交易 + 研究)。
[14:02:26] ✅ [记忆交接] AI 已加载昨日复盘。 🎯 关注作业:sz000938, sh688317, sh688702 | 🚫 禁忌模式:半路追高, 缩量半路板, 退潮期接力
[14:02:43] [AI] ⚠️ JSON解析失败: 未找到有效 JSON 结构
[14:02:43] [AI] 原始返回片段: 我们要求输出 JSON，但在思考过程中，我需要分析当前市场、持仓和候选池，并给出决策。

市场阶段：高潮，涨停135只，跌停7只，上涨比79.9%，均涨幅5.84%。策略指令：高潮期，优先做核心龙头，若龙头买不到则选最强的补涨股，严禁买跟风杂毛。

第一层：全市场龙头锚点：商络电子（20.0%，换手21.5%），索辰科技（13.6%，换手23.9%，超预算），达实智能（10.1%，换手38.5%）
[14:02:43] [AI] 错误: JSON 解析失败
[14:02:49] [系统] 分析循环已停止。
[14:08:07] [系统] 正在启动双线程分析架构...
[14:08:07] [交易 AI] 线程已启动,间隔 90 秒 (优先级:高)。
[14:08:07] [研究 AI] 独立后台已启动,正在后台运行中... (等待触发节点)
[14:08:07] [系统] 双线程分析循环已启动 (交易 + 研究)。
[14:08:09] ✅ [记忆交接] AI 已加载昨日复盘。 🎯 关注作业:sz000938, sh688317, sh688702 | 🚫 禁忌模式:半路追高, 缩量半路板, 退潮期接力
[14:08:27] [AI] ⚠️ AI返回不含JSON特征(可能是纯自然语言思考)
[14:08:27] [AI] 原始返回片段: 我们被要求输出一个JSON对象。需要分析市场，持仓，以及候选池。首先，市场阶段是高潮，涨停135只，跌停9只，上涨比80.2%，均涨幅5.77%。这是高潮期，策略是优先做核心龙头，若龙头买不到则选最强的补涨股，评分70-80，严禁买跟风杂毛。

第一层龙头：商络电子（20.0%，换手21.5%），甬矽电子（20.0%，换手12.8%）超预算不可买，达实智能（10.1%，换手38.5%），博云新材（
[14:08:27] [AI] 错误: JSON 解析失败
[14:08:31] [系统] 分析循环已停止。
[14:12:15] [系统] 模式已切换至 AUTO
[14:12:40] [AI] 系统异常: 'gbk' codec can't encode character '\u26a0' in position 16: illegal multibyte sequence
[14:12:40] [AI] 错误: 'gbk' codec can't encode character '\u26a0' in position 16: illegal multibyte sequence
[14:13:54] [系统] 模式已切换至 AUTO
[14:14:17] [AI] [WARN] AI未返回JSON内容 (推理模型思考后未输出结构化结果)
[14:14:17] [AI] 错误: AI未返回有效JSON
[14:20:43] [系统] 模式已切换至 AUTO
[14:21:42] [AI] [WARN] AI未返回JSON内容 (推理模型思考后未输出结构化结果)
[14:21:42] [AI] 错误: AI未返回有效JSON
[14:22:34] [系统] 模式已切换至 AUTO
[14:23:49] [AI] 交易分析完成: stage=高潮, signals=1
[14:23:49] [AI] 持仓分析: 8 项
[14:23:49] [AI] sh688317(之江生物): 动作=SELL, 逻辑=BROKEN
[14:23:49] [AI] 逻辑破坏 sh688317,触发卖出
[14:23:49] [交易] 卖出 之江生物: 100股 @ 21.67, 盈亏=+106.00
[14:23:49] [AI] sh600021(上海电力): 动作=SELL, 逻辑=BROKEN
[14:23:49] [AI] 逻辑破坏 sh600021,触发卖出
[14:23:49] [交易] 卖出 上海电力: 100股 @ 18.53, 盈亏=+93.00
[14:23:49] [AI] sz000938(紫光股份): 动作=HOLD, 逻辑=VALID
[14:23:49] [AI] sz002047(宝鹰股份): 动作=HOLD, 逻辑=BROKEN
[14:23:49] [AI] sz002245(蔚蓝锂芯): 动作=HOLD, 逻辑=BROKEN
[14:23:49] [AI] sz002421(达实智能): 动作=HOLD, 逻辑=VALID
[14:23:49] [AI] sz000630(铜陵有色): 动作=HOLD, 逻辑=BROKEN
[14:23:49] [AI] sz300137(先河环保): 动作=HOLD, 逻辑=BROKEN
[14:23:49] [AI] 原始候选信号: [{'symbol': 'sh688317', 'name': '之江生物', 'action': 'SELL', 'reason': '医药非主线，跟风弱，落袋为安', 'risk_result': '已卖出'}, {'symbol': 'sh600021', 'name': '上海电力', 'action': 'SELL', 'reason': '电力非核心，反弹遇阻，卖出', 'risk_result': '已卖出'}, {'symbol': 'sz000938', 'name': '紫光股份', 'score': 75, 'action': 'BUY', 'thesis': 'AI算力中军，主线补涨，量价健康，小仓试错'}]
[14:23:49] [AI] 信号: 之江生物(sh688317) 动作=SELL 评分=0.0
[14:23:49] [AI] 信号: 之江生物 动作=SELL 评分=0.0
[14:23:49] [AI] 信号: 上海电力(sh600021) 动作=SELL 评分=0.0
[14:23:49] [AI] 信号: 上海电力 动作=SELL 评分=0.0
[14:23:49] [AI] 信号: 紫光股份(sz000938) 动作=BUY 评分=75.0
[14:23:49] [风控] sz000938 单票仓位已达15.3%上限,拒绝加仓
[14:25:07] [系统] 正在启动双线程分析架构...
[14:25:07] [交易 AI] 线程已启动,间隔 90 秒 (优先级:高)。
[14:25:07] [系统] 双线程分析循环已启动 (交易 + 研究)。
[14:25:07] [研究 AI] 独立后台已启动,正在后台运行中... (等待触发节点)
[14:25:09] ✅ [记忆交接] AI 已加载昨日复盘。 🎯 关注作业:sz000938, sh688317, sh688702 | 🚫 禁忌模式:半路追高, 缩量半路板, 退潮期接力
[14:26:33] [AI] 交易分析完成: stage=高潮, signals=1
[14:26:33] [AI] 持仓分析: 6 项
[14:26:33] [AI] sz000938(紫光股份): 动作=HOLD, 逻辑=VALID
[14:26:33] [AI] sz002047(宝鹰股份): 动作=HOLD, 逻辑=BROKEN
[14:26:33] [AI] sz002245(蔚蓝锂芯): 动作=HOLD, 逻辑=BROKEN
[14:26:33] [AI] sz002421(达实智能): 动作=HOLD, 逻辑=VALID
[14:26:33] [AI] sz000630(铜陵有色): 动作=HOLD, 逻辑=BROKEN
[14:26:33] [AI] sz300137(先河环保): 动作=HOLD, 逻辑=BROKEN
[14:26:33] [AI] 原始候选信号: [{'symbol': 'sz000966', 'name': '长源电力', 'score': 72, 'action': 'BUY', 'thesis': '电力板块补涨，接近涨停，换手健康，高潮期试错。'}]
[14:26:33] [AI] 信号: 长源电力(sz000966) 动作=BUY 评分=72.0
[14:26:33] [风控] sz000966 长源电力 被拦截:涨停限制(涨停价5.21)
[14:26:33] [关注] 自动加入 长源电力(sz000966) 到观察池
[14:26:38] ✅ [记忆交接] AI 已加载昨日复盘。 🎯 关注作业:sz000938, sh688317, sh688702 | 🚫 禁忌模式:半路追高, 缩量半路板, 退潮期接力
[14:28:35] [AI] [WARN] AI未返回JSON内容 (推理模型思考后未输出结构化结果)
[14:28:35] [AI] 错误: AI未返回有效JSON
[14:28:37] ✅ [记忆交接] AI 已加载昨日复盘。 🎯 关注作业:sz000938, sh688317, sh688702 | 🚫 禁忌模式:半路追高, 缩量半路板, 退潮期接力
[14:28:39] [系统] 分析循环已停止。
[14:28:40] [系统] 正在启动双线程分析架构...
[14:28:40] [交易 AI] 线程已启动,间隔 90 秒 (优先级:高)。
[14:28:40] [研究 AI] 独立后台已启动,正在后台运行中... (等待触发节点)
[14:28:40] [系统] 双线程分析循环已启动 (交易 + 研究)。
[14:28:42] ✅ [记忆交接] AI 已加载昨日复盘。 🎯 关注作业:sz000938, sh688317, sh688702 | 🚫 禁忌模式:半路追高, 缩量半路板, 退潮期接力
[14:28:42] [系统] 分析循环已停止。
[14:29:39] [AI] 交易分析完成: stage=高潮, signals=1
[14:29:39] [AI] 持仓分析: 6 项
[14:29:39] [AI] sz000938(紫光股份): 动作=HOLD, 逻辑=VALID
[14:29:39] [AI] sz002047(宝鹰股份): 动作=HOLD, 逻辑=VALID
[14:29:39] [AI] sz002245(蔚蓝锂芯): 动作=HOLD, 逻辑=VALID
[14:29:39] [AI] sz002421(达实智能): 动作=HOLD, 逻辑=VALID
[14:29:39] [AI] sz000630(铜陵有色): 动作=HOLD, 逻辑=VALID
[14:29:39] [AI] sz300137(先河环保): 动作=HOLD, 逻辑=VALID
[14:29:39] [AI] 原始候选信号: [{'symbol': 'sz000938', 'name': '紫光股份', 'score': 75, 'action': 'BUY', 'thesis': 'AI算力主线，中军未涨停，高潮期补涨机会'}]
[14:29:39] [AI] 信号: 紫光股份(sz000938) 动作=BUY 评分=75.0
[14:29:39] [风控] sz000938 单票仓位已达15.2%上限,拒绝加仓
[14:30:02] [AI] 交易分析完成: stage=高潮, signals=1
[14:30:02] [AI] 持仓分析: 6 项
[14:30:02] [AI] sz000938(紫光股份): 动作=SELL, 逻辑=BROKEN
[14:30:02] [AI] 逻辑破坏 sz000938,触发卖出
[14:30:02] [交易] 卖出 紫光股份: 100股 @ 30.74, 盈亏=+83.00
[14:30:02] [AI] sz002047(宝鹰股份): 动作=HOLD, 逻辑=VALID
[14:30:02] [AI] sz002245(蔚蓝锂芯): 动作=HOLD, 逻辑=VALID
[14:30:02] [AI] sz002421(达实智能): 动作=HOLD, 逻辑=VALID
[14:30:02] [AI] sz000630(铜陵有色): 动作=HOLD, 逻辑=VALID
[14:30:02] [AI] sz300137(先河环保): 动作=HOLD, 逻辑=VALID
[14:30:02] [AI] 原始候选信号: [{'symbol': 'sz000938', 'name': '紫光股份', 'action': 'SELL', 'reason': '非主线龙头，高潮期去弱留强，卖出换更强标的', 'risk_result': '已卖出'}, {'symbol': 'sz300715', 'name': '凯伦股份', 'score': 75, 'action': 'BUY', 'thesis': '半导体方向补涨，放量拉升，跟随中芯国际，小仓试错'}]
[14:30:02] [AI] 信号: 紫光股份(sz000938) 动作=SELL 评分=0.0
[14:30:02] [AI] 信号: 紫光股份 动作=SELL 评分=0.0
[14:30:02] [AI] 信号: 凯伦股份(sz300715) 动作=BUY 评分=75.0
[14:30:02] [交易] 买入 凯伦股份: 100股 @ 21.81
[14:30:56] [系统] 模式已切换至 AUTO
[14:30:56] [周期] 开始执行分析周期...
[14:30:59] [同步] PositionManager同步失败: name 'get_position_manager' is not defined
[14:31:00] [周期] 市场状态: 高潮 | 涨停:147 跌停:8
[14:31:00] ✅ [记忆交接] AI 已加载昨日复盘。 🎯 关注作业:sz000938, sh688317, sh688702 | 🚫 禁忌模式:半路追高, 缩量半路板, 退潮期接力
[14:31:52] [AI思考] 高潮期龙头多涨停，紫光股份作为AI算力中军补涨，换手温和，逻辑强，评75分。...
[14:31:52] [AI] 交易分析完成: stage=HIGH_TIDE, signals=1
[14:31:52] [AI] 持仓分析: 6 项
[14:31:52] [AI] sz002047(宝鹰股份): 动作=HOLD, 逻辑=VALID
[14:31:52] [AI] sz002245(蔚蓝锂芯): 动作=HOLD, 逻辑=VALID
[14:31:52] [AI] sz002421(达实智能): 动作=HOLD, 逻辑=VALID
[14:31:52] [AI] sz000630(铜陵有色): 动作=HOLD, 逻辑=VALID
[14:31:52] [AI] sz300137(先河环保): 动作=HOLD, 逻辑=VALID
[14:31:52] [AI] sz300715(凯伦股份): 动作=HOLD, 逻辑=VALID
[14:31:52] [AI] 原始候选信号: [{'symbol': 'sz000938', 'name': '紫光股份', 'score': 75, 'action': 'BUY', 'thesis': 'AI算力中军，高潮期补涨逻辑，换手健康'}]
[14:31:52] [AI] 信号: 紫光股份(sz000938) 动作=BUY 评分=75.0
[14:31:52] [风控] 拒绝 sz000938: [A级]单只超限：15% > 普通上限15%
[14:31:52] [风控] sz000938 紫光股份 被拦截:[A级]单只超限：15% > 普通上限15%
[14:31:52] [关注] 自动加入 紫光股份(sz000938) 到观察池
[14:31:52] [周期] 执行完毕。生成信号: 1 个
[14:32:20] [系统] 模式已切换至 AUTO
[14:32:20] [周期] 开始执行分析周期...
[14:32:23] [同步] PositionManager同步失败: name 'get_position_manager' is not defined
[14:32:23] [周期] 市场状态: 高潮 | 涨停:147 跌停:8
[14:32:23] ✅ [记忆交接] AI 已加载昨日复盘。 🎯 关注作业:sz000938, sh688317, sh688702 | 🚫 禁忌模式:半路追高, 缩量半路板, 退潮期接力
[14:33:35] [AI思考] 高潮期龙头涨停锁死，选择AI主线补涨。紫光股份容量中军涨幅小，换手充分，风险可控，符合补涨试错逻辑。...
[14:33:35] [AI] 交易分析完成: stage=高潮, signals=1
[14:33:35] [AI] 持仓分析: 6 项
[14:33:35] [AI] sz002047(宝鹰股份): 动作=HOLD, 逻辑=VALID
[14:33:35] [AI] sz002245(蔚蓝锂芯): 动作=HOLD, 逻辑=VALID
[14:33:35] [AI] sz002421(达实智能): 动作=HOLD, 逻辑=VALID
[14:33:35] [AI] sz000630(铜陵有色): 动作=HOLD, 逻辑=VALID
[14:33:35] [AI] sz300137(先河环保): 动作=HOLD, 逻辑=VALID
[14:33:35] [AI] sz300715(凯伦股份): 动作=HOLD, 逻辑=VALID
[14:33:35] [AI] 原始候选信号: [{'symbol': 'sz000938', 'name': '紫光股份', 'score': 78, 'action': 'BUY', 'thesis': 'AI算力龙头，主流补涨标的，涨幅温和换手合理，有望突破30元关键位。'}]
[14:33:35] [AI] 信号: 紫光股份(sz000938) 动作=BUY 评分=78.0
[14:33:35] [风控] 拒绝 sz000938: [A级]单只超限：15% > 普通上限15%
[14:33:35] [风控] sz000938 紫光股份 被拦截:[A级]单只超限：15% > 普通上限15%
[14:33:35] [周期] 执行完毕。生成信号: 1 个
[14:34:00] [系统] 正在启动双线程分析架构...
[14:34:00] [交易 AI] 线程已启动,间隔 90 秒 (优先级:高)。
[14:34:00] [研究 AI] 独立后台已启动,正在后台运行中... (等待触发节点)
[14:34:00] [系统] 双线程分析循环已启动 (交易 + 研究)。
[14:34:00] [周期] 开始执行分析周期...
[14:34:01] [同步] PositionManager同步失败: name 'get_position_manager' is not defined
[14:34:01] [周期] 市场状态: 高潮 | 涨停:145 跌停:9
[14:34:01] ✅ [记忆交接] AI 已加载昨日复盘。 🎯 关注作业:sz000938, sh688317, sh688702 | 🚫 禁忌模式:半路追高, 缩量半路板, 退潮期接力
[14:34:38] [系统] 分析循环已停止。
[14:35:23] [AI思考] 高潮期主线医药和AI，医药领涨恩威医药涨幅10.7%换手低，未涨停，优先做核心；AI龙头达实智能涨停买不到，补涨科捷智能缩量有禁忌。...
[14:35:23] [AI] 交易分析完成: stage=高潮, signals=1
[14:35:23] [AI] 持仓分析: 6 项
[14:35:23] [AI] sz002047(宝鹰股份): 动作=HOLD, 逻辑=VALID
[14:35:23] [AI] sz002245(蔚蓝锂芯): 动作=HOLD, 逻辑=VALID
[14:35:23] [AI] sz002421(达实智能): 动作=HOLD, 逻辑=VALID
[14:35:23] [AI] sz000630(铜陵有色): 动作=HOLD, 逻辑=VALID
[14:35:23] [AI] sz300137(先河环保): 动作=HOLD, 逻辑=VALID
[14:35:23] [AI] sz300715(凯伦股份): 动作=HOLD, 逻辑=VALID
[14:35:23] [AI] 原始候选信号: [{'symbol': 'sz301331', 'name': '恩威医药', 'score': 85, 'action': 'BUY', 'thesis': '医药板块领涨龙头，涨幅10.7%未涨停，换手5.2%缩量健康，高潮期做核心。'}]
[14:35:23] [AI] 信号: 恩威医药(sz301331) 动作=BUY 评分=85.0
[14:35:23] [交易] 买入 恩威医药: 100股 @ 29.1
[14:35:23] [周期] 执行完毕。生成信号: 1 个
[14:37:31] [系统] 模式已切换至 AUTO
[14:37:31] [周期] 开始执行分析周期...
[14:37:34] [同步] PositionManager同步失败: name 'get_position_manager' is not defined
[14:37:34] [周期] 市场状态: 高潮 | 涨停:145 跌停:7
[14:37:35] ✅ [记忆交接] AI 已加载昨日复盘。 🎯 关注作业:sz000938, sh688317, sh688702 | 🚫 禁忌模式:半路追高, 缩量半路板, 退潮期接力
[14:38:45] [AI思考] 高潮期涨跌比极强，龙头多涨停。持仓锁仓无法卖，候选池龙头均涨停，选AI补涨紫光股份，换手健康、主线逻辑。...
[14:38:45] [AI] 交易分析完成: stage=高潮, signals=1
[14:38:45] [AI] 持仓分析: 7 项
[14:38:45] [AI] sz002047(宝鹰股份): 动作=HOLD, 逻辑=VALID
[14:38:45] [AI] sz002245(蔚蓝锂芯): 动作=HOLD, 逻辑=VALID
[14:38:45] [AI] sz002421(达实智能): 动作=HOLD, 逻辑=VALID
[14:38:45] [AI] sz000630(铜陵有色): 动作=HOLD, 逻辑=VALID
[14:38:45] [AI] sz300137(先河环保): 动作=HOLD, 逻辑=VALID
[14:38:45] [AI] sz300715(凯伦股份): 动作=HOLD, 逻辑=VALID
[14:38:45] [AI] sz301331(恩威医药): 动作=HOLD, 逻辑=VALID
[14:38:45] [AI] 原始候选信号: [{'symbol': 'sz000938', 'name': '紫光股份', 'score': 75, 'action': 'BUY', 'thesis': 'AI主线强势，龙头涨停，紫光作为算力中军放量修复，补涨预期。'}]
[14:38:45] [AI] 信号: 紫光股份(sz000938) 动作=BUY 评分=75.0
[14:38:45] [风控] 拒绝 sz000938: [A级]单只超限：15% > 普通上限15%
[14:38:45] [风控] sz000938 紫光股份 被拦截:[A级]单只超限：15% > 普通上限15%
[14:38:45] [周期] 执行完毕。生成信号: 1 个
[14:38:53] [系统] 模式已切换至 AUTO
[14:38:53] [周期] 开始执行分析周期...
[14:38:57] [同步] PositionManager同步失败: name 'get_position_manager' is not defined
[14:38:57] [周期] 市场状态: 高潮 | 涨停:147 跌停:7
[14:38:57] ✅ [记忆交接] AI 已加载昨日复盘。 🎯 关注作业:sz000938, sh688317, sh688702 | 🚫 禁忌模式:半路追高, 缩量半路板, 退潮期接力
[14:40:22] [系统] 正在启动双线程分析架构...
[14:40:22] [交易 AI] 线程已启动,间隔 90 秒 (优先级:高)。
[14:40:22] [研究 AI] 独立后台已启动,正在后台运行中... (等待触发节点)
[14:40:22] [周期] 开始执行分析周期...
[14:40:22] [系统] 双线程分析循环已启动 (交易 + 研究)。
[14:40:23] [同步] PositionManager同步失败: name 'get_position_manager' is not defined
[14:40:24] [周期] 市场状态: 高潮 | 涨停:149 跌停:7
[14:40:24] ✅ [记忆交接] AI 已加载昨日复盘。 🎯 关注作业:sz000938, sh688317, sh688702 | 🚫 禁忌模式:半路追高, 缩量半路板, 退潮期接力
[14:40:29] [AI思考] 市场高潮，AI主线明确，龙头达实智能涨停。候选池中科捷智能为同方向未涨停补涨，换手4.4%尚可，符合补涨策略。...
[14:40:29] [AI] 交易分析完成: stage=高潮, signals=1
[14:40:29] [AI] 持仓分析: 7 项
[14:40:29] [AI] sz002047(宝鹰股份): 动作=HOLD, 逻辑=VALID
[14:40:29] [AI] sz002245(蔚蓝锂芯): 动作=HOLD, 逻辑=VALID
[14:40:29] [AI] sz002421(达实智能): 动作=HOLD, 逻辑=VALID
[14:40:29] [AI] sz000630(铜陵有色): 动作=HOLD, 逻辑=VALID
[14:40:29] [AI] sz300137(先河环保): 动作=HOLD, 逻辑=VALID
[14:40:29] [AI] sz300715(凯伦股份): 动作=HOLD, 逻辑=VALID
[14:40:29] [AI] sz301331(恩威医药): 动作=HOLD, 逻辑=VALID
[14:40:29] [AI] 原始候选信号: [{'symbol': 'sh688455', 'name': '科捷智能', 'score': 75, 'action': 'BUY', 'thesis': 'AI主线补涨，龙头达实智能涨停，科捷智能未涨停，换手4.4%尚可，有望轮动。'}]
[14:40:29] [AI] 信号: 科捷智能(sh688455) 动作=BUY 评分=75.0
[14:40:29] [交易] 买入 科捷智能: 100股 @ 23.4
[14:40:29] [周期] 执行完毕。生成信号: 1 个
[14:41:02] [系统] 模式已切换至 AUTO
[14:41:02] [周期] 开始执行分析周期...
[14:41:05] [同步] PositionManager同步失败: name 'get_position_manager' is not defined
[14:41:05] [周期] 市场状态: 高潮 | 涨停:148 跌停:8
[14:41:05] ✅ [记忆交接] AI 已加载昨日复盘。 🎯 关注作业:sz000938, sh688317, sh688702 | 🚫 禁忌模式:半路追高, 缩量半路板, 退潮期接力
[14:41:56] [系统] 模式已切换至 AUTO
[14:41:56] [系统] 正在启动双线程分析架构...
[14:41:56] [交易 AI] 线程已启动,间隔 90 秒 (优先级:高)。
[14:41:56] [研究 AI] 独立后台已启动,正在后台运行中... (等待触发节点)
[14:41:56] [周期] 开始执行分析周期...
� (交易 + 研究)。
[14:41:58] [同步] PositionManager同步失败: name 'get_position_manager' is not defined
[14:41:59] [周期] 市场状态: 高潮 | 涨停:152 跌停:8
[14:41:59] ✅ [记忆交接] AI 已加载昨日复盘。 🎯 关注作业:sz000938, sh688317, sh688702 | 🚫 禁忌模式:半路追高, 缩量半路板, 退潮期接力
[14:42:03] [AI思考] 市场高潮期，核心龙头多涨停。紫光股份为AI算力方向容量中军，涨幅3.1%温和，换手5.7%适中，符合优先评估指令，具备补涨空间。其他持仓逻辑未变。...
[14:42:03] [AI] 交易分析完成: stage=高潮, signals=1
[14:42:03] [AI] 持仓分析: 7 项
[14:42:03] [AI] sz002047(宝鹰股份): 动作=HOLD, 逻辑=VALID
[14:42:03] [AI] sz002245(蔚蓝锂芯): 动作=HOLD, 逻辑=VALID
[14:42:03] [AI] sz002421(达实智能): 动作=HOLD, 逻辑=VALID
[14:42:03] [AI] sz000630(铜陵有色): 动作=HOLD, 逻辑=VALID
[14:42:03] [AI] sz300137(先河环保): 动作=HOLD, 逻辑=VALID
[14:42:03] [AI] sz300715(凯伦股份): 动作=HOLD, 逻辑=VALID
[14:42:03] [AI] sz301331(恩威医药): 动作=HOLD, 逻辑=VALID
[14:42:03] [AI] 原始候选信号: [{'symbol': 'sz000938', 'name': '紫光股份', 'score': 75, 'action': 'BUY', 'thesis': 'AI算力中军，涨幅温和换手适中，有望补涨'}]
[14:42:03] [AI] 信号: 紫光股份(sz000938) 动作=BUY 评分=75.0
[14:42:03] [风控] 拒绝 sz000938: [A级]单只超限：15% > 普通上限15%
[14:42:03] [风控] sz000938 紫光股份 被拦截:[A级]单只超限：15% > 普通上限15%
[14:42:03] [周期] 执行完毕。生成信号: 1 个
[14:42:04] [周期] 开始执行分析周期...
[14:42:04] [同步] PositionManager同步失败: name 'get_position_manager' is not defined
[14:42:05] [周期] 市场状态: 高潮 | 涨停:149 跌停:8
[14:42:05] ✅ [记忆交接] AI 已加载昨日复盘。 🎯 关注作业:sz000938, sh688317, sh688702 | 🚫 禁忌模式:半路追高, 缩量半路板, 退潮期接力
[14:42:13] [系统] 分析循环已停止。
[14:42:41] [AI思考] 高潮期聚焦主线，AI与电力方向强势。持仓全部冻结，不可操作。候选池中非涨停标的里，紫光股份属AI算力中军，涨幅温和、换手正常，适合补涨试错。...
[14:42:41] [AI] 交易分析完成: stage=高潮, signals=1
[14:42:41] [AI] 持仓分析: 8 项
[14:42:41] [AI] sz002047(宝鹰股份): 动作=HOLD, 逻辑=VALID
[14:42:41] [AI] sz002245(蔚蓝锂芯): 动作=HOLD, 逻辑=VALID
[14:42:41] [AI] sz002421(达实智能): 动作=HOLD, 逻辑=VALID
[14:42:41] [AI] sz000630(铜陵有色): 动作=HOLD, 逻辑=VALID
[14:42:41] [AI] sz300137(先河环保): 动作=HOLD, 逻辑=VALID
[14:42:41] [AI] sz300715(凯伦股份): 动作=HOLD, 逻辑=VALID
[14:42:41] [AI] sz301331(恩威医药): 动作=HOLD, 逻辑=VALID
[14:42:41] [AI] sh688455(科捷智能): 动作=HOLD, 逻辑=VALID
[14:42:41] [AI] 原始候选信号: [{'symbol': 'sz000938', 'name': '紫光股份', 'score': 75, 'action': 'BUY', 'thesis': 'AI算力中军，跟随主线修复，量价温和，作为补涨试错。'}]
[14:42:41] [AI] 信号: 紫光股份(sz000938) 动作=BUY 评分=75.0
[14:42:41] [风控] 拒绝 sz000938: [A级]仓位已满：当前75% >= 市场高潮最大70%
[14:42:41] [风控] sz000938 紫光股份 被拦截:[A级]仓位已满：当前75% >= 市场高潮最大70%
[14:42:41] [周期] 执行完毕。生成信号: 1 个
[14:43:10] [AI思考] 高潮期，涨停149家，主线创业板与医药龙头涨停，只能选补涨。恩威医药为医药板块领涨且未涨停，换手5.3%健康，可小仓试错。...
[14:43:10] [AI] 交易分析完成: stage=高潮, signals=1
[14:43:10] [AI] 持仓分析: 7 项
[14:43:10] [AI] sz002047(宝鹰股份): 动作=HOLD, 逻辑=VALID
[14:43:10] [AI] sz002245(蔚蓝锂芯): 动作=HOLD, 逻辑=VALID
[14:43:10] [AI] sz002421(达实智能): 动作=HOLD, 逻辑=VALID
[14:43:10] [AI] sz000630(铜陵有色): 动作=HOLD, 逻辑=VALID
[14:43:10] [AI] sz300137(先河环保): 动作=HOLD, 逻辑=VALID
[14:43:10] [AI] sz300715(凯伦股份): 动作=HOLD, 逻辑=VALID
[14:43:10] [AI] sz301331(恩威医药): 动作=HOLD, 逻辑=VALID
[14:43:10] [AI] 原始候选信号: [{'symbol': 'sz301331', 'name': '恩威医药', 'score': 72, 'action': 'BUY', 'thesis': '医药板块领涨，四环生物涨停带动，恩威医药涨幅10.6%未涨停，换手健康，补涨逻辑。'}]
[14:43:10] [AI] 信号: 恩威医药(sz301331) 动作=BUY 评分=72.0
[14:43:10] [风控] sz301331 加仓评分不足(72.0<85)
[14:43:10] [周期] 执行完毕。生成信号: 1 个
[14:43:25] [周期] 开始执行分析周期...
[14:43:26] [同步] PositionManager同步失败: name 'get_position_manager' is not defined
[14:43:27] [周期] 市场状态: 高潮 | 涨停:149 跌停:8
[14:43:27] ✅ [记忆交接] AI 已加载昨日复盘。 🎯 关注作业:sz000938, sh688317, sh688702 | 🚫 禁忌模式:半路追高, 缩量半路板, 退潮期接力
[14:46:14] [系统] 模式已切换至 AUTO
[14:46:14] [周期] 开始执行分析周期...
[14:46:17] [同步] PositionManager同步失败: name 'get_position_manager' is not defined
[14:46:18] [周期] 市场状态: 高潮 | 涨停:150 跌停:7
[14:46:18] ✅ [记忆交接] AI 已加载昨日复盘。 🎯 关注作业:sz000938, sh688317, sh688702 | 🚫 禁忌模式:半路追高, 缩量半路板, 退潮期接力
[14:47:50] [AI思考] 高潮期，龙头多涨停，选AI方向补涨紫光股份。持仓锁仓持有。...
[14:47:50] [AI] 交易分析完成: stage=高潮, signals=1
[14:47:50] [AI] 持仓分析: 7 项
[14:47:50] [AI] sz002047(宝鹰股份): 动作=HOLD, 逻辑=BROKEN
[14:47:50] [AI] sz002245(蔚蓝锂芯): 动作=HOLD, 逻辑=BROKEN
[14:47:50] [AI] sz002421(达实智能): 动作=HOLD, 逻辑=VALID
[14:47:50] [AI] sz000630(铜陵有色): 动作=HOLD, 逻辑=BROKEN
[14:47:50] [AI] sz300137(先河环保): 动作=HOLD, 逻辑=BROKEN
[14:47:50] [AI] sz300715(凯伦股份): 动作=HOLD, 逻辑=VALID
[14:47:50] [AI] sz301331(恩威医药): 动作=HOLD, 逻辑=VALID
[14:47:50] [AI] 原始候选信号: [{'symbol': 'sz000938', 'name': '紫光股份', 'score': 75, 'action': 'BUY', 'thesis': 'AI算力中军补涨，分时企稳，龙头涨停带动'}]
[14:47:50] [AI] 信号: 紫光股份(sz000938) 动作=BUY 评分=75.0
[14:47:50] [风控] 拒绝 sz000938: [A级]单只超限：15% > 普通上限15%
[14:47:50] [风控] sz000938 紫光股份 被拦截:[A级]单只超限：15% > 普通上限15%
[14:47:50] [周期] 执行完毕。生成信号: 1 个
[14:57:52] [系统] 模式已切换至 AUTO
[14:57:52] [周期] 开始执行分析周期...
[14:57:55] [同步] PositionManager同步失败: name 'get_position_manager' is not defined
[14:57:55] [周期] 市场状态: 高潮 | 涨停:156 跌停:7
[14:57:56] ✅ [记忆交接] AI 已加载昨日复盘。 🎯 关注作业:sz000938, sh688317, sh688702 | 🚫 禁忌模式:半路追高, 缩量半路板, 退潮期接力
[14:59:53] [AI] [WARN] AI未返回JSON内容 (推理模型思考后未输出结构化结果)
[14:59:53] [AI] 错误: AI未返回有效JSON
[15:00:22] [系统] 模式已切换至 AUTO
[15:00:22] [周期] 开始执行分析周期...
[15:00:25] [同步] PositionManager同步失败: name 'get_position_manager' is not defined
[15:00:26] [周期] 市场状态: 高潮 | 涨停:158 跌停:7
[15:00:26] ✅ [记忆交接] AI 已加载昨日复盘。 🎯 关注作业:sz000938, sh688317, sh688702 | 🚫 禁忌模式:半路追高, 缩量半路板, 退潮期接力
[15:01:44] [AI思考] 高潮期AI主线明确，龙头达实智能涨停买不到，紫光股份作为算力中军有修复机会，优先关注。持仓均锁仓普涨持有。...
[15:01:44] [AI] 交易分析完成: stage=高潮, signals=1
[15:01:44] [AI] 持仓分析: 7 项
[15:01:44] [AI] sz002047(宝鹰股份): 动作=HOLD, 逻辑=VALID
[15:01:44] [AI] sz002245(蔚蓝锂芯): 动作=HOLD, 逻辑=VALID
[15:01:44] [AI] sz002421(达实智能): 动作=HOLD, 逻辑=VALID
[15:01:44] [AI] sz000630(铜陵有色): 动作=HOLD, 逻辑=VALID
[15:01:44] [AI] sz300137(先河环保): 动作=HOLD, 逻辑=VALID
[15:01:44] [AI] sz300715(凯伦股份): 动作=HOLD, 逻辑=VALID
[15:01:44] [AI] sz301331(恩威医药): 动作=HOLD, 逻辑=VALID
[15:01:44] [AI] 原始候选信号: [{'symbol': 'sz000938', 'name': '紫光股份', 'score': 78, 'action': 'BUY', 'thesis': 'AI算力中军，放量修复均线，高潮期补涨逻辑'}]
[15:01:44] [AI] 信号: 紫光股份(sz000938) 动作=BUY 评分=78.0
[15:01:44] [风控] 拒绝 sz000938: [A级]单只超限：15% > 普通上限15%
[15:01:44] [风控] sz000938 紫光股份 被拦截:[A级]单只超限：15% > 普通上限15%
[15:01:44] [周期] 执行完毕。生成信号: 1 个
[15:08:49] [系统] 模式已切换至 AUTO
[15:08:49] [周期] 开始执行分析周期...
[15:08:52] [周期] 市场状态: 高潮 | 涨停:158 跌停:7
[15:08:52] ✅ [记忆交接] AI 已加载昨日复盘。 🎯 关注作业:sz000938, sh688317, sh688702 | 🚫 禁忌模式:半路追高, 缩量半路板, 退潮期接力
[15:09:23] [AI思考] 高潮期，龙头锁定，持仓均需持有。复盘日志显示AI算力方向受关注，紫光股份作为容量中军，换手温和，涨幅合理，符合补涨逻辑，予以推荐。...
[15:09:23] [AI] 交易分析完成: stage=高潮, signals=1
[15:09:23] [AI] 持仓分析: 8 项
[15:09:23] [AI] sz002047(宝鹰股份): 动作=HOLD, 逻辑=VALID
[15:09:23] [AI] sz002245(蔚蓝锂芯): 动作=HOLD, 逻辑=VALID
[15:09:23] [AI] sz002421(达实智能): 动作=HOLD, 逻辑=VALID
[15:09:23] [AI] sz000630(铜陵有色): 动作=HOLD, 逻辑=VALID
[15:09:23] [AI] sz300137(先河环保): 动作=HOLD, 逻辑=VALID
[15:09:23] [AI] sz300715(凯伦股份): 动作=HOLD, 逻辑=VALID
[15:09:23] [AI] sz301331(恩威医药): 动作=HOLD, 逻辑=VALID
[15:09:23] [AI] sh688455(科捷智能): 动作=HOLD, 逻辑=VALID
[15:09:23] [AI] 原始候选信号: [{'symbol': 'sz000938', 'name': '紫光股份', 'score': 78, 'action': 'BUY', 'thesis': 'AI算力中军，高潮期补涨逻辑，换手温和，股价合理，预算充足'}]
[15:09:23] [AI] 信号: 紫光股份(sz000938) 动作=BUY 评分=78.0
[15:09:23] [风控] 拒绝 sz000938: [A级]仓位已满：当前75% >= 市场高潮最大70%
[15:09:23] [风控] sz000938 紫光股份 被拦截:[A级]仓位已满：当前75% >= 市场高潮最大70%
[15:09:23] [周期] 执行完毕。生成信号: 1 个
[15:12:27] [系统] 正在启动双线程分析架构...
[15:12:27] [交易 AI] 线程已启动,间隔 90 秒 (优先级:高)。
[15:12:27] [系统] 双线程分析循环已启动 (交易 + 研究)。
[15:12:27] [研究 AI] 独立后台已启动,正在后台运行中... (等待触发节点)
[15:12:27] [周期] 开始执行分析周期...
[15:12:31] [周期] 市场状态: 高潮 | 涨停:158 跌停:7
[15:12:31] ✅ [记忆交接] AI 已加载昨日复盘。 🎯 关注作业:sz000938, sh688317, sh688702 | 🚫 禁忌模式:半路追高, 缩量半路板, 退潮期接力
[15:13:48] [AI思考] 高潮期涨停潮，持仓浮盈扩大，但无卖点。AI和医药双线领涨，达实智能已涨停，紫光股份未封板为补涨候选，等待明日竞价确认。...
[15:13:48] [AI] 交易分析完成: stage=高潮, signals=1
[15:13:48] [AI] 持仓分析: 8 项
[15:13:48] [AI] sz002047(宝鹰股份): 动作=HOLD, 逻辑=VALID
[15:13:48] [AI] sz002245(蔚蓝锂芯): 动作=HOLD, 逻辑=VALID
[15:13:48] [AI] sz002421(达实智能): 动作=HOLD, 逻辑=VALID
[15:13:48] [AI] sz000630(铜陵有色): 动作=HOLD, 逻辑=VALID
[15:13:48] [AI] sz300137(先河环保): 动作=HOLD, 逻辑=VALID
[15:13:48] [AI] sz300715(凯伦股份): 动作=HOLD, 逻辑=VALID
[15:13:48] [AI] sz301331(恩威医药): 动作=HOLD, 逻辑=VALID
[15:13:48] [AI] sh688455(科捷智能): 动作=HOLD, 逻辑=VALID
[15:13:48] [AI] 原始候选信号: [{'symbol': 'sz000938', 'name': '紫光股份', 'score': 75, 'action': 'BUY', 'thesis': 'AI算力中军，未涨停，若明日竞价高开且放量突破30元，可跟进补涨。'}]
[15:13:48] [AI] 信号: 紫光股份(sz000938) 动作=BUY 评分=75.0
[15:13:48] [风控] 拒绝 sz000938: [A级]仓位已满：当前75% >= 市场高潮最大70%
[15:13:48] [风控] sz000938 紫光股份 被拦截:[A级]仓位已满：当前75% >= 市场高潮最大70%
[15:13:48] [周期] 执行完毕。生成信号: 1 个
[15:13:56] [周期] 开始执行分析周期...
[15:13:58] [周期] 市场状态: 高潮 | 涨停:158 跌停:7
[15:13:58] ✅ [记忆交接] AI 已加载昨日复盘。 🎯 关注作业:sz000938, sh688317, sh688702 | 🚫 禁忌模式:半路追高, 缩量半路板, 退潮期接力
[15:14:47] [AI思考] 高潮期主线AI、半导体、医药强势，龙头多数涨停无法买入，选择最强补涨。科捷智能（AI）涨9.2%未涨停，属于主线补涨，明日惯性高开概率大，适合打板或低吸。...
[15:14:47] [AI] 交易分析完成: stage=高潮, signals=1
[15:14:47] [AI] 持仓分析: 8 项
[15:14:47] [AI] sz002047(宝鹰股份): 动作=HOLD, 逻辑=VALID
[15:14:47] [AI] sz002245(蔚蓝锂芯): 动作=HOLD, 逻辑=VALID
[15:14:47] [AI] sz002421(达实智能): 动作=HOLD, 逻辑=VALID
[15:14:47] [AI] sz000630(铜陵有色): 动作=HOLD, 逻辑=VALID
[15:14:47] [AI] sz300137(先河环保): 动作=HOLD, 逻辑=VALID
[15:14:47] [AI] sz300715(凯伦股份): 动作=HOLD, 逻辑=VALID
[15:14:47] [AI] sz301331(恩威医药): 动作=HOLD, 逻辑=VALID
[15:14:47] [AI] sh688455(科捷智能): 动作=HOLD, 逻辑=VALID
[15:14:47] [AI] 原始候选信号: [{'symbol': 'sh688455', 'name': '科捷智能', 'score': 72, 'action': 'BUY', 'thesis': '高潮期AI主线最强补涨，涨9.2%未涨停，换手温和，明日高开惯性有望继续冲板。'}]
[15:14:47] [AI] 信号: 科捷智能(sh688455) 动作=BUY 评分=72.0
[15:14:47] [风控] sh688455 加仓评分不足(72.0<85)
[15:14:47] [周期] 执行完毕。生成信号: 1 个
[15:15:26] [周期] 开始执行分析周期...
[15:15:27] [周期] 市场状态: 高潮 | 涨停:158 跌停:7
[15:15:27] ✅ [记忆交接] AI 已加载昨日复盘。 🎯 关注作业:sz000938, sh688317, sh688702 | 🚫 禁忌模式:半路追高, 缩量半路板, 退潮期接力
[15:16:22] [AI思考] 高潮日主力进攻AI与半导体，龙头多涨停。持仓T+1冻结，明日关注AI补涨科捷智能与医药恩威医药。...
[15:16:22] [AI] 交易分析完成: stage=高潮, signals=2
[15:16:22] [AI] 持仓分析: 8 项
[15:16:22] [AI] sz002047(宝鹰股份): 动作=HOLD, 逻辑=VALID
[15:16:22] [AI] sz002245(蔚蓝锂芯): 动作=HOLD, 逻辑=VALID
[15:16:22] [AI] sz002421(达实智能): 动作=HOLD, 逻辑=VALID
[15:16:22] [AI] sz000630(铜陵有色): 动作=HOLD, 逻辑=VALID
[15:16:22] [AI] sz300137(先河环保): 动作=HOLD, 逻辑=VALID
[15:16:22] [AI] sz300715(凯伦股份): 动作=HOLD, 逻辑=VALID
[15:16:22] [AI] sz301331(恩威医药): 动作=HOLD, 逻辑=VALID
[15:16:22] [AI] sh688455(科捷智能): 动作=HOLD, 逻辑=VALID
[15:16:22] [AI] 原始候选信号: [{'symbol': 'sh688455', 'name': '科捷智能', 'score': 78, 'action': 'BUY', 'thesis': 'AI方向最强补涨，龙头达实智能涨停，科捷智能跟风9.2%且换手低，明日有望加速'}, {'symbol': 'sz301331', 'name': '恩威医药', 'score': 75, 'action': 'BUY', 'thesis': '医药板块情绪延续，四环生物涨停，恩威医药涨幅11%但未封板，明日有溢价机会'}]
[15:16:22] [AI] 信号: 科捷智能(sh688455) 动作=BUY 评分=78.0
[15:16:22] [风控] sh688455 加仓评分不足(78.0<85)
[15:16:22] [AI] 信号: 恩威医药(sz301331) 动作=BUY 评分=75.0
[15:16:22] [风控] sz301331 加仓评分不足(75.0<85)
[15:16:22] [周期] 执行完毕。生成信号: 2 个
[15:16:55] [周期] 开始执行分析周期...
[15:17:00] [周期] 市场状态: 高潮 | 涨停:158 跌停:7
[15:17:00] ✅ [记忆交接] AI 已加载昨日复盘。 🎯 关注作业:sz000938, sh688317, sh688702 | 🚫 禁忌模式:半路追高, 缩量半路板, 退潮期接力
[15:18:06] [AI思考] 市场高潮，涨停158家，主线AI/半导体。持仓全T+1锁，逻辑仍有效。推荐科捷智能作为AI补涨，达实智能涨停带动。...
[15:18:06] [AI] 交易分析完成: stage=高潮, signals=1
[15:18:06] [AI] 持仓分析: 8 项
[15:18:06] [AI] sz002047(宝鹰股份): 动作=HOLD, 逻辑=VALID
[15:18:06] [AI] sz002245(蔚蓝锂芯): 动作=HOLD, 逻辑=VALID
[15:18:06] [AI] sz002421(达实智能): 动作=HOLD, 逻辑=VALID
[15:18:06] [AI] sz000630(铜陵有色): 动作=HOLD, 逻辑=VALID
[15:18:06] [AI] sz300137(先河环保): 动作=HOLD, 逻辑=VALID
[15:18:06] [AI] sz300715(凯伦股份): 动作=HOLD, 逻辑=VALID
[15:18:06] [AI] sz301331(恩威医药): 动作=HOLD, 逻辑=VALID
[15:18:06] [AI] sh688455(科捷智能): 动作=HOLD, 逻辑=VALID
[15:18:06] [AI] 原始候选信号: [{'symbol': 'sh688455', 'name': '科捷智能', 'score': 75, 'action': 'BUY', 'thesis': 'AI方向强势，达实智能涨停带动，科捷智能小盘弹性补涨'}]
[15:18:06] [AI] 信号: 科捷智能(sh688455) 动作=BUY 评分=75.0
[15:18:06] [风控] sh688455 加仓评分不足(75.0<85)
[15:18:06] [周期] 执行完毕。生成信号: 1 个
[15:18:24] [周期] 开始执行分析周期...
[15:18:26] [周期] 市场状态: 高潮 | 涨停:158 跌停:7
[15:18:26] ✅ [记忆交接] AI 已加载昨日复盘。 🎯 关注作业:sz000938, sh688317, sh688702 | 🚫 禁忌模式:半路追高, 缩量半路板, 退潮期接力
[15:19:40] [AI思考] 市场高潮，AI与电力双主线，持股多为热点，明日开盘观察强弱。推荐电力补涨龙大唐发电，换手率适中，有板块效应。...
[15:19:40] [AI] 交易分析完成: stage=高潮, signals=1
[15:19:40] [AI] 持仓分析: 8 项
[15:19:40] [AI] sz002047(宝鹰股份): 动作=HOLD, 逻辑=BROKEN
[15:19:40] [AI] sz002245(蔚蓝锂芯): 动作=HOLD, 逻辑=BROKEN
[15:19:40] [AI] sz002421(达实智能): 动作=HOLD, 逻辑=VALID
[15:19:40] [AI] sz000630(铜陵有色): 动作=HOLD, 逻辑=BROKEN
[15:19:40] [AI] sz300137(先河环保): 动作=HOLD, 逻辑=BROKEN
[15:19:40] [AI] sz300715(凯伦股份): 动作=HOLD, 逻辑=VALID
[15:19:40] [AI] sz301331(恩威医药): 动作=HOLD, 逻辑=VALID
[15:19:40] [AI] sh688455(科捷智能): 动作=HOLD, 逻辑=VALID
[15:19:40] [AI] 原始候选信号: [{'symbol': 'sh601991', 'name': '大唐发电', 'score': 75, 'action': 'BUY', 'thesis': '电力板块补涨龙，京能电力等涨停打开空间，今日+7.4%换手7.1%尚可，高潮期择强，观察明日开盘是否加速。'}]
[15:19:40] [AI] 信号: 大唐发电(sh601991) 动作=BUY 评分=75.0
[15:19:40] [风控] 拒绝 sh601991: [A级]仓位已满：当前75% >= 市场高潮最大70%
[15:19:40] [风控] sh601991 大唐发电 被拦截:[A级]仓位已满：当前75% >= 市场高潮最大70%
[15:19:40] [关注] 自动加入 大唐发电(sh601991) 到观察池
[15:19:40] [周期] 执行完毕。生成信号: 1 个
[15:19:53] [周期] 开始执行分析周期...
[15:20:13] [周期] 市场状态: 高潮 | 涨停:158 跌停:7
[15:20:13] ✅ [记忆交接] AI 已加载昨日复盘。 🎯 关注作业:sz000938, sh688317, sh688702 | 🚫 禁忌模式:半路追高, 缩量半路板, 退潮期接力
[15:20:54] [AI思考] 今日市场高潮，持仓多数收红，主线AI、电力强势，明日观察持续性，暂持。...
[15:20:54] [AI] 交易分析完成: stage=高潮, signals=1
[15:20:54] [AI] 持仓分析: 8 项
[15:20:54] [AI] sz002047(宝鹰股份): 动作=HOLD, 逻辑=VALID
[15:20:54] [AI] sz002245(蔚蓝锂芯): 动作=HOLD, 逻辑=VALID
[15:20:54] [AI] sz002421(达实智能): 动作=HOLD, 逻辑=VALID
[15:20:54] [AI] sz000630(铜陵有色): 动作=HOLD, 逻辑=VALID
[15:20:54] [AI] sz300137(先河环保): 动作=HOLD, 逻辑=VALID
[15:20:54] [AI] sz300715(凯伦股份): 动作=HOLD, 逻辑=VALID
[15:20:54] [AI] sz301331(恩威医药): 动作=HOLD, 逻辑=VALID
[15:20:54] [AI] sh688455(科捷智能): 动作=HOLD, 逻辑=VALID
[15:20:54] [AI] 原始候选信号: [{'symbol': 'sz000966', 'name': '长源电力', 'score': 78, 'action': 'BUY', 'thesis': '电力板块龙头京能电力涨停，长源电力放量跟涨近涨停，若明日高开放量突破前高，可考虑跟随补涨'}]
[15:20:54] [AI] 信号: 长源电力(sz000966) 动作=BUY 评分=78.0
[15:20:54] [涨跌停拦截] sz000966(长源电力) 现价5.21 >= 涨停价5.21*0.99,拒绝买入
[15:20:54] [风控] sz000966 长源电力 被拦截:涨停限制(涨停价5.21)
[15:20:54] [周期] 执行完毕。生成信号: 1 个
[15:21:23] [周期] 开始执行分析周期...
[15:21:25] [周期] 市场状态: 高潮 | 涨停:158 跌停:7
[15:21:25] ✅ [记忆交接] AI 已加载昨日复盘。 🎯 关注作业:sz000938, sh688317, sh688702 | 🚫 禁忌模式:半路追高, 缩量半路板, 退潮期接力
[15:22:24] [AI思考] 高潮期，涨停158家，资金聚焦创业板、AI、医药龙头。持仓整体浮亏但趋势未破，继续持有。明日重点观察AI和医药延续性。...
[15:22:24] [AI] 交易分析完成: stage=高潮, signals=1
[15:22:24] [AI] 持仓分析: 8 项
[15:22:24] [AI] sz002047(宝鹰股份): 动作=HOLD, 逻辑=VALID
[15:22:24] [AI] sz002245(蔚蓝锂芯): 动作=HOLD, 逻辑=VALID
[15:22:24] [AI] sz002421(达实智能): 动作=HOLD, 逻辑=VALID
[15:22:24] [AI] sz000630(铜陵有色): 动作=HOLD, 逻辑=VALID
[15:22:24] [AI] sz300137(先河环保): 动作=HOLD, 逻辑=VALID
[15:22:24] [AI] sz300715(凯伦股份): 动作=HOLD, 逻辑=VALID
[15:22:24] [AI] sz301331(恩威医药): 动作=HOLD, 逻辑=VALID
[15:22:24] [AI] sh688455(科捷智能): 动作=HOLD, 逻辑=VALID
[15:22:24] [AI] 原始候选信号: [{'symbol': 'sh688317', 'name': '之江生物', 'score': 75, 'action': 'BUY', 'thesis': '医药方向轮动，若四环生物继续强势，之江生物低位放量可参与补涨'}]
[15:22:24] [AI] 信号: 之江生物(sh688317) 动作=BUY 评分=75.0
[15:22:24] [风控] 拒绝 sh688317: [A级]仓位已满：当前75% >= 市场高潮最大70%
[15:22:24] [风控] sh688317 之江生物 被拦截:[A级]仓位已满：当前75% >= 市场高潮最大70%
[15:22:24] [周期] 执行完毕。生成信号: 1 个
[15:22:53] [周期] 开始执行分析周期...
[15:22:54] [周期] 市场状态: 高潮 | 涨停:158 跌停:7
[15:22:54] ✅ [记忆交接] AI 已加载昨日复盘。 🎯 关注作业:sz000938, sh688317, sh688702 | 🚫 禁忌模式:半路追高, 缩量半路板, 退潮期接力
[15:24:16] [AI思考] 市场高潮，涨停158只，上涨比81.3%，情绪亢奋。持仓全线飘红，达实智能涨停，其余小亏或微利，趋势健康。候选四环生物接近涨停但未封板，换手充分，医药补涨逻辑。...
[15:24:16] [AI] 交易分析完成: stage=高潮, signals=1
[15:24:16] [AI] 持仓分析: 8 项
[15:24:16] [AI] sz002047(宝鹰股份): 动作=HOLD, 逻辑=VALID
[15:24:16] [AI] sz002245(蔚蓝锂芯): 动作=HOLD, 逻辑=VALID
[15:24:16] [AI] sz002421(达实智能): 动作=HOLD, 逻辑=VALID
[15:24:16] [AI] sz000630(铜陵有色): 动作=HOLD, 逻辑=VALID
[15:24:16] [AI] sz300137(先河环保): 动作=HOLD, 逻辑=VALID
[15:24:16] [AI] sz300715(凯伦股份): 动作=HOLD, 逻辑=VALID
[15:24:16] [AI] sz301331(恩威医药): 动作=HOLD, 逻辑=VALID
[15:24:16] [AI] sh688455(科捷智能): 动作=HOLD, 逻辑=VALID
[15:24:16] [AI] 原始候选信号: [{'symbol': 'sz000518', 'name': '四环生物', 'score': 75, 'action': 'BUY', 'thesis': '医药板块强度第二，换手31%成交活跃，接近涨停未封板，明日若高开弱转强可参与补涨'}]
[15:24:16] [AI] 信号: 四环生物(sz000518) 动作=BUY 评分=75.0
[15:24:16] [涨跌停拦截] sz000518(四环生物) 现价4.54 >= 涨停价4.54*0.99,拒绝买入
[15:24:16] [风控] sz000518 四环生物 被拦截:涨停限制(涨停价4.54)
[15:24:16] [关注] 自动加入 四环生物(sz000518) 到观察池
[15:24:16] [周期] 执行完毕。生成信号: 1 个
[15:24:23] [周期] 开始执行分析周期...
[15:24:24] [周期] 市场状态: 高潮 | 涨停:158 跌停:7
[15:24:24] ✅ [记忆交接] AI 已加载昨日复盘。 🎯 关注作业:sz000938, sh688317, sh688702 | 🚫 禁忌模式:半路追高, 缩量半路板, 退潮期接力
[15:25:26] [AI思考] 高潮期，涨停158家，情绪极亢奋。持仓多为科技、医药方向，跟随补涨。候选选择未涨停医药补涨龙头恩威医药。...
[15:25:26] [AI] 交易分析完成: stage=高潮, signals=1
[15:25:26] [AI] 持仓分析: 8 项
[15:25:26] [AI] sz002047(宝鹰股份): 动作=HOLD, 逻辑=VALID
[15:25:26] [AI] sz002245(蔚蓝锂芯): 动作=HOLD, 逻辑=VALID
[15:25:26] [AI] sz002421(达实智能): 动作=HOLD, 逻辑=VALID
[15:25:26] [AI] sz000630(铜陵有色): 动作=HOLD, 逻辑=VALID
[15:25:26] [AI] sz300137(先河环保): 动作=HOLD, 逻辑=VALID
[15:25:26] [AI] sz300715(凯伦股份): 动作=HOLD, 逻辑=VALID
[15:25:26] [AI] sz301331(恩威医药): 动作=HOLD, 逻辑=VALID
[15:25:26] [AI] sh688455(科捷智能): 动作=HOLD, 逻辑=VALID
[15:25:26] [AI] 原始候选信号: [{'symbol': 'sz301331', 'name': '恩威医药', 'score': 75, 'action': 'BUY', 'thesis': '医药方向领涨股，未涨停，有补涨空间，市场高潮下强势股延续概率大'}]
[15:25:26] [AI] 信号: 恩威医药(sz301331) 动作=BUY 评分=75.0
[15:25:26] [风控] sz301331 加仓评分不足(75.0<85)
[15:25:26] [周期] 执行完毕。生成信号: 1 个
[15:25:52] [周期] 开始执行分析周期...
[15:25:54] [周期] 市场状态: 高潮 | 涨停:158 跌停:7
[15:25:54] ✅ [记忆交接] AI 已加载昨日复盘。 🎯 关注作业:sz000938, sh688317, sh688702 | 🚫 禁忌模式:半路追高, 缩量半路板, 退潮期接力
[15:27:04] [AI思考] 市场高潮，涨停158只，上涨比81%，主线在半导体、AI、医药。持仓股全部冻结，明日观察分化。恩威医药作为医药补涨龙头，换手适中，可低吸关注。...
[15:27:04] [AI] 交易分析完成: stage=高潮, signals=1
[15:27:04] [AI] 持仓分析: 8 项
[15:27:04] [AI] sz002047(宝鹰股份): 动作=HOLD, 逻辑=VALID
[15:27:04] [AI] sz002245(蔚蓝锂芯): 动作=HOLD, 逻辑=VALID
[15:27:04] [AI] sz002421(达实智能): 动作=HOLD, 逻辑=VALID
[15:27:04] [AI] sz000630(铜陵有色): 动作=HOLD, 逻辑=VALID
[15:27:04] [AI] sz300137(先河环保): 动作=HOLD, 逻辑=VALID
[15:27:04] [AI] sz300715(凯伦股份): 动作=HOLD, 逻辑=VALID
[15:27:04] [AI] sz301331(恩威医药): 动作=HOLD, 逻辑=VALID
[15:27:04] [AI] sh688455(科捷智能): 动作=HOLD, 逻辑=VALID
[15:27:04] [AI] 原始候选信号: [{'symbol': 'sz301331', 'name': '恩威医药', 'score': 78, 'action': 'BUY', 'thesis': '医药板块补涨龙头，涨幅11%，换手5.8%未放量，资金认可度高，若明日开盘不破今日分时均线，可低吸。'}]
[15:27:04] [AI] 信号: 恩威医药(sz301331) 动作=BUY 评分=78.0
[15:27:04] [风控] sz301331 加仓评分不足(78.0<85)
[15:27:04] [周期] 执行完毕。生成信号: 1 个
[15:27:22] [周期] 开始执行分析周期...
[15:27:23] [周期] 市场状态: 高潮 | 涨停:158 跌停:7
[15:27:23] ✅ [记忆交接] AI 已加载昨日复盘。 🎯 关注作业:sz000938, sh688317, sh688702 | 🚫 禁忌模式:半路追高, 缩量半路板, 退潮期接力
[15:28:23] [AI思考] 市场高潮，涨停158家，电力主线强势，京能电力等龙头涨停，上海电力作为补涨涨幅5.3%换手4%较安全，未涨停可关注明日。...
[15:28:23] [AI] 交易分析完成: stage=高潮, signals=1
[15:28:23] [AI] 持仓分析: 8 项
[15:28:23] [AI] sz002047(宝鹰股份): 动作=HOLD, 逻辑=VALID
[15:28:23] [AI] sz002245(蔚蓝锂芯): 动作=HOLD, 逻辑=VALID
[15:28:23] [AI] sz002421(达实智能): 动作=HOLD, 逻辑=VALID
[15:28:23] [AI] sz000630(铜陵有色): 动作=HOLD, 逻辑=VALID
[15:28:23] [AI] sz300137(先河环保): 动作=HOLD, 逻辑=VALID
[15:28:23] [AI] sz300715(凯伦股份): 动作=HOLD, 逻辑=VALID
[15:28:23] [AI] sz301331(恩威医药): 动作=HOLD, 逻辑=VALID
[15:28:23] [AI] sh688455(科捷智能): 动作=HOLD, 逻辑=VALID
[15:28:23] [AI] 原始候选信号: [{'symbol': 'sh600021', 'name': '上海电力', 'score': 75, 'action': 'BUY', 'thesis': '电力补涨，龙头京能电力涨停带动，换手4%适中，未涨停，高潮期有望跟随，可关注明日介入机会。'}]
[15:28:23] [AI] 信号: 上海电力(sh600021) 动作=BUY 评分=75.0
[15:28:23] [风控] 拒绝 sh600021: [A级]仓位已满：当前75% >= 市场高潮最大70%
[15:28:23] [风控] sh600021 上海电力 被拦截:[A级]仓位已满：当前75% >= 市场高潮最大70%
[15:28:23] [周期] 执行完毕。生成信号: 1 个
[15:28:51] [周期] 开始执行分析周期...
[15:28:53] [周期] 市场状态: 高潮 | 涨停:158 跌停:7
[15:28:53] ✅ [记忆交接] AI 已加载昨日复盘。 🎯 关注作业:sz000938, sh688317, sh688702 | 🚫 禁忌模式:半路追高, 缩量半路板, 退潮期接力
[15:29:41] [AI思考] 市场高潮，仓位重，持仓锁定。关注AI(紫光股份)和电力(京能电力)方向能否持续，备选买入。...
[15:29:41] [AI] 交易分析完成: stage=高潮, signals=2
[15:29:41] [AI] 持仓分析: 8 项
[15:29:41] [AI] sz002047(宝鹰股份): 动作=HOLD, 逻辑=VALID
[15:29:41] [AI] sz002245(蔚蓝锂芯): 动作=HOLD, 逻辑=VALID
[15:29:41] [AI] sz002421(达实智能): 动作=HOLD, 逻辑=VALID
[15:29:41] [AI] sz000630(铜陵有色): 动作=HOLD, 逻辑=VALID
[15:29:41] [AI] sz300137(先河环保): 动作=HOLD, 逻辑=VALID
[15:29:41] [AI] sz300715(凯伦股份): 动作=HOLD, 逻辑=VALID
[15:29:41] [AI] sz301331(恩威医药): 动作=HOLD, 逻辑=VALID
[15:29:41] [AI] sh688455(科捷智能): 动作=HOLD, 逻辑=VALID
[15:29:41] [AI] 原始候选信号: [{'symbol': 'sz000938', 'name': '紫光股份', 'score': 80, 'action': 'BUY', 'thesis': 'AI算力中军，若指数放量且AI方向强势，具备修复机会。'}, {'symbol': 'sh600578', 'name': '京能电力', 'score': 75, 'action': 'BUY', 'thesis': '电力板块龙头，换手低趋势好，高潮期轮动备选。'}]
[15:29:41] [AI] 信号: 紫光股份(sz000938) 动作=BUY 评分=80.0
[15:29:41] [风控] 拒绝 sz000938: [A级]仓位已满：当前75% >= 市场高潮最大70%
[15:29:41] [风控] sz000938 紫光股份 被拦截:[A级]仓位已满：当前75% >= 市场高潮最大70%
[15:29:41] [AI] 信号: 京能电力(sh600578) 动作=BUY 评分=75.0
[15:29:41] [涨跌停拦截] sh600578(京能电力) 现价9.04 >= 涨停价9.04*0.99,拒绝买入
[15:29:41] [风控] sh600578 京能电力 被拦截:涨停限制(涨停价9.04)
[15:29:41] [关注] 自动加入 京能电力(sh600578) 到观察池
[15:29:41] [周期] 执行完毕。生成信号: 2 个
[15:30:21] [周期] 开始执行分析周期...
[15:30:22] [系统] 模式已切换至 AUTO
[15:30:22] [周期] 开始执行分析周期...
[15:30:23] [周期] 市场状态: 高潮 | 涨停:158 跌停:7
[15:30:23] ✅ [记忆交接] AI 已加载昨日复盘。 🎯 关注作业:sz000938, sh688317, sh688702 | 🚫 禁忌模式:半路追高, 缩量半路板, 退潮期接力
[15:30:25] [周期] 市场状态: 高潮 | 涨停:158 跌停:7
[15:30:25] ✅ [记忆交接] AI 已加载昨日复盘。 🎯 关注作业:sz000938, sh688317, sh688702 | 🚫 禁忌模式:半路追高, 缩量半路板, 退潮期接力
[15:31:31] [AI思考] 高潮期，市场情绪亢奋，涨停158家，主线在科技及医药。持仓均未触发止损，保持持有。关注紫光股份和联检科技作为明日潜在补涨标的。...
[15:31:31] [AI] 交易分析完成: stage=高潮, signals=2
[15:31:31] [AI] 持仓分析: 8 项
[15:31:31] [AI] sz002047(宝鹰股份): 动作=HOLD, 逻辑=VALID
[15:31:31] [AI] sz002245(蔚蓝锂芯): 动作=HOLD, 逻辑=VALID
[15:31:31] [AI] sz002421(达实智能): 动作=HOLD, 逻辑=VALID
[15:31:31] [AI] sz000630(铜陵有色): 动作=HOLD, 逻辑=VALID
[15:31:31] [AI] sz300137(先河环保): 动作=HOLD, 逻辑=VALID
[15:31:31] [AI] sz300715(凯伦股份): 动作=HOLD, 逻辑=VALID
[15:31:31] [AI] sz301331(恩威医药): 动作=HOLD, 逻辑=VALID
[15:31:31] [AI] sh688455(科捷智能): 动作=HOLD, 逻辑=VALID
[15:31:31] [AI] 原始候选信号: [{'symbol': 'sz300862', 'name': '联检科技', 'score': 75, 'action': 'BUY', 'thesis': '其他板块领涨，今日放量上涨12%，未涨停，明日若高开可博弈补涨，但非核心龙头，需控制仓位。'}, {'symbol': 'sz000938', 'name': '紫光股份', 'score': 78, 'action': 'BUY', 'thesis': 'AI算力中军，放量企稳，若明日指数延续强势，有望突破30元关口，带动板块效应。'}]
[15:31:31] [AI] 信号: 联检科技(sz300862) 动作=BUY 评分=75.0
[15:31:31] [交易] 获取到池外股票 sz300862 价格: 26.1
[15:31:31] [风控] 拒绝 sz300862: [A级]仓位已满：当前75% >= 市场高潮最大70%
[15:31:31] [风控] sz300862 联检科技 被拦截:[A级]仓位已满：当前75% >= 市场高潮最大70%
[15:31:31] [关注] 自动加入 联检科技(sz300862) 到观察池
[15:31:31] [AI] 信号: 紫光股份(sz000938) 动作=BUY 评分=78.0
[15:31:31] [风控] 拒绝 sz000938: [A级]仓位已满：当前75% >= 市场高潮最大70%
[15:31:31] [风控] sz000938 紫光股份 被拦截:[A级]仓位已满：当前75% >= 市场高潮最大70%
[15:31:31] [周期] 执行完毕。生成信号: 2 个
[15:32:06] [AI思考] 市场高潮，涨停158只，情绪极热，AI和半导体主线明确，明日警惕分化。持仓股整体表现稳定，达实智能涨停，无卖出信号，均持有观察。...
[15:32:06] [AI] 交易分析完成: stage=高潮, signals=1
[15:32:06] [AI] 持仓分析: 8 项
[15:32:06] [AI] sz002047(宝鹰股份): 动作=HOLD, 逻辑=VALID
[15:32:06] [AI] sz002245(蔚蓝锂芯): 动作=HOLD, 逻辑=VALID
[15:32:06] [AI] sz002421(达实智能): 动作=HOLD, 逻辑=VALID
[15:32:06] [AI] sz000630(铜陵有色): 动作=HOLD, 逻辑=VALID
[15:32:06] [AI] sz300137(先河环保): 动作=HOLD, 逻辑=VALID
[15:32:06] [AI] sz300715(凯伦股份): 动作=HOLD, 逻辑=VALID
[15:32:06] [AI] sz301331(恩威医药): 动作=HOLD, 逻辑=VALID
[15:32:06] [AI] sh688455(科捷智能): 动作=HOLD, 逻辑=VALID
[15:32:06] [AI] 原始候选信号: [{'symbol': 'sh600545', 'name': '卓郎智能', 'score': 72, 'action': 'BUY', 'thesis': 'AI补涨逻辑，换手充分，若板块延续强势可能突破，高潮期轻仓试错。'}]
[15:32:06] [AI] 信号: 卓郎智能(sh600545) 动作=BUY 评分=72.0
[15:32:06] [风控] 拒绝 sh600545: [A级]仓位已满：当前75% >= 市场高潮最大70%
[15:32:06] [风控] sh600545 卓郎智能 被拦截:[A级]仓位已满：当前75% >= 市场高潮最大70%
[15:32:06] [周期] 执行完毕。生成信号: 1 个
[15:32:07] [交易 AI] 正在休市,等待开盘自动运行...
[15:35:27] [研究 AI] 触发节点 [收盘后深度复盘],开始调用进行工作...
[15:35:55] [研究 AI] [收盘后深度复盘] 异常: 研究AI未返回JSON内容
[15:44:41] [系统] 正在启动双线程分析架构...
[15:44:41] [交易 AI] 线程已启动,间隔 90 秒 (优先级:高)。
[15:44:41] [研究 AI] 独立后台已启动,正在后台运行中... (等待触发节点)
[15:44:41] [系统] 双线程分析循环已启动 (交易 + 研究)。
[15:44:41] [交易 AI] 正在休市,等待开盘自动运行...
[15:44:41] [研究 AI] 触发节点 [收盘后深度复盘],开始调用进行工作...
[15:46:10] [研究 AI] [收盘后深度复盘] 工作完成。提示: 聚焦主线核心龙头，去弱留强，减少非主线试错仓位
[15:46:10] [研究 AI] 今日复盘日记已成功写入数据库。
[15:46:10] [经验层] 自动登记禁忌模式:非主线补涨股追高
[15:46:10] [经验层] 自动登记禁忌模式:过早布局退潮板块
[17:35:34] [系统] 正在启动双线程分析架构...
[17:35:34] [交易 AI] 线程已启动,间隔 90 秒 (优先级:高)。
[17:35:34] [研究 AI] 独立后台已启动,正在后台运行中... (等待触发节点)
[17:35:34] [系统] 双线程分析循环已启动 (交易 + 研究)。
[17:35:34] [交易 AI] 正在休市,等待开盘自动运行...
[21:24:41] [系统] 正在启动双线程分析架构...
[21:24:41] [交易 AI] 线程已启动,间隔 90 秒 (优先级:高)。
[21:24:41] [研究 AI] 独立后台已启动,正在后台运行中... (等待触发节点)
[21:24:41] [系统] 双线程分析循环已启动 (交易 + 研究)。
[21:24:41] [交易 AI] 正在休市,等待开盘自动运行...
[08:30:43] [研究 AI] 触发节点 [早盘前预判],开始调用进行工作...
[08:31:29] [研究 AI] [早盘前预判] 工作完成。提示: 去弱留强，聚焦AI与资源双主线核心龙头，减仓逻辑破坏的补涨股。
[08:31:29] [研究 AI] 今日复盘日记已成功写入数据库。
[08:31:29] [经验层] 自动登记禁忌模式:高潮日追补涨
[09:04:08] [系统] 正在启动双线程分析架构...
[09:04:08] [交易 AI] 线程已启动,间隔 90 秒 (优先级:高)。
[09:04:08] [研究 AI] 独立后台已启动,正在后台运行中... (等待触发节点)
[09:04:08] [系统] 双线程分析循环已启动 (交易 + 研究)。
[09:04:08] [交易 AI] 正在休市,等待开盘自动运行...
[09:04:08] [研究 AI] 启动补检:错过早盘窗口,立即补做 [早盘前预判(补)]
[09:04:08] [研究 AI] 触发节点 [早盘前预判],开始调用进行工作...
[09:04:10] [系统] 分析循环已停止。
[09:04:50] [研究 AI] [早盘前预判] 工作完成。提示: 聚焦创指及AI主线核心标的，去弱留强，严控回撤，警惕情绪退潮。
[09:04:50] [研究 AI] 今日复盘日记已成功写入数据库。
[09:28:21] [系统] 正在启动双线程分析架构...
[09:28:21] [交易 AI] 线程已启动,间隔 90 秒 (优先级:高)。
[09:28:21] [系统] 双线程分析循环已启动 (交易 + 研究)。
[09:28:21] [研究 AI] 独立后台已启动,正在后台运行中... (等待触发节点)
[09:28:21] [周期] 开始执行分析周期...
[09:28:21] [研究 AI] 启动补检:错过早盘窗口,立即补做 [早盘前预判(补)]
[09:28:25] [周期] 市场状态: 震荡偏多 | 涨停:9 跌停:1
[09:29:39] [AI思考] 市场震荡偏多，持仓全部冻结只能持有。龙头领涨方向为半导体与创业板小票，多数涨停不宜追。持仓中达实智能与蔚蓝锂芯走势强，主线跟随，拟加仓蔚蓝锂芯。...
[09:29:39] [AI] 交易分析完成: stage=震荡偏多, signals=1
[09:29:39] [AI] 持仓分析: 8 项
[09:29:39] [AI] sz002047(宝鹰股份): 动作=HOLD, 逻辑=VALID
[09:29:39] [AI] sz002245(蔚蓝锂芯): 动作=HOLD, 逻辑=VALID
[09:29:39] [AI] sz002421(达实智能): 动作=HOLD, 逻辑=VALID
[09:29:39] [AI] sz000630(铜陵有色): 动作=HOLD, 逻辑=VALID
[09:29:39] [AI] sz300137(先河环保): 动作=HOLD, 逻辑=VALID
[09:29:39] [AI] sz300715(凯伦股份): 动作=HOLD, 逻辑=VALID
[09:29:39] [AI] sz301331(恩威医药): 动作=HOLD, 逻辑=VALID
[09:29:39] [AI] sh688455(科捷智能): 动作=HOLD, 逻辑=VALID
[09:29:39] [AI] 原始候选信号: [{'symbol': 'sz002245', 'name': '蔚蓝锂芯', 'score': 83, 'action': 'BUY', 'thesis': '锂电龙头，板块领涨，趋势向上，市场偏多加仓跟随'}]
[09:29:39] [AI] 信号: 蔚蓝锂芯(sz002245) 动作=BUY 评分=83.0
[09:29:39] [风控] sz002245 加仓评分不足(83.0<85)
[09:29:39] [周期] 执行完毕。生成信号: 1 个
[09:29:50] [周期] 开始执行分析周期...
[09:30:02] [周期] 市场状态: 震荡偏多 | 涨停:9 跌停:1
[09:30:55] [AI思考] 市场震荡偏多，科技主线明显，甬矽电子领涨，概伦电子跟风放量，符合升温期补涨逻辑，评分80。持仓全部冻结，持有待涨。...
[09:30:55] [AI] 交易分析完成: stage=震荡偏多, signals=1
[09:30:55] [AI] 持仓分析: 8 项
[09:30:55] [AI] sz002047(宝鹰股份): 动作=HOLD, 逻辑=VALID
[09:30:55] [AI] sz002245(蔚蓝锂芯): 动作=HOLD, 逻辑=VALID
[09:30:55] [AI] sz002421(达实智能): 动作=HOLD, 逻辑=VALID
[09:30:55] [AI] sz000630(铜陵有色): 动作=HOLD, 逻辑=VALID
[09:30:55] [AI] sz300137(先河环保): 动作=HOLD, 逻辑=VALID
[09:30:55] [AI] sz300715(凯伦股份): 动作=HOLD, 逻辑=VALID
[09:30:55] [AI] sz301331(恩威医药): 动作=HOLD, 逻辑=VALID
[09:30:55] [AI] sh688455(科捷智能): 动作=HOLD, 逻辑=VALID
[09:30:55] [AI] 原始候选信号: [{'symbol': 'sh688206', 'name': '概伦电子', 'score': 80, 'action': 'BUY', 'thesis': '科创板科技主线，跟风甬矽电子，温和放量上涨，有望补涨。'}]
[09:30:55] [AI] 信号: 概伦电子(sh688206) 动作=BUY 评分=80.0
[09:30:55] [风控] 拒绝 sh688206: [A级]仓位已满：当前75% >= 市场震荡偏多最大70%
[09:30:55] [风控] sh688206 概伦电子 被拦截:[A级]仓位已满：当前75% >= 市场震荡偏多最大70%
[09:30:55] [周期] 执行完毕。生成信号: 1 个
[09:31:19] [周期] 开始执行分析周期...
[09:31:21] [周期] 市场状态: 震荡偏多 | 涨停:12 跌停:1
[09:32:10] [AI思考] 市场震荡偏多，龙头多涨停或超预算。创业板的米奥会展涨停，带动板块赚钱效应。交大思诺涨幅7.9%换手2.9%，量价健康，可作为补涨试错标的，符合兜底机制。...
[09:32:10] [AI] 交易分析完成: stage=震荡偏多, signals=1
[09:32:10] [AI] 持仓分析: 8 项
[09:32:10] [AI] sz002047(宝鹰股份): 动作=HOLD, 逻辑=VALID
[09:32:10] [AI] sz002245(蔚蓝锂芯): 动作=HOLD, 逻辑=VALID
[09:32:10] [AI] sz002421(达实智能): 动作=HOLD, 逻辑=VALID
[09:32:10] [AI] sz000630(铜陵有色): 动作=HOLD, 逻辑=VALID
[09:32:10] [AI] sz300137(先河环保): 动作=HOLD, 逻辑=VALID
[09:32:10] [AI] sz300715(凯伦股份): 动作=HOLD, 逻辑=VALID
[09:32:10] [AI] sz301331(恩威医药): 动作=HOLD, 逻辑=VALID
[09:32:10] [AI] sh688455(科捷智能): 动作=HOLD, 逻辑=VALID
[09:32:10] [AI] 原始候选信号: [{'symbol': 'sz300851', 'name': '交大思诺', 'score': 72, 'action': 'BUY', 'thesis': '创业板赚钱效应扩散，交大思诺涨幅居前，量价活跃，可做补涨试错'}]
[09:32:10] [AI] 信号: 交大思诺(sz300851) 动作=BUY 评分=72.0
[09:32:10] [风控] 拒绝 sz300851: [A级]仓位已满：当前75% >= 市场震荡偏多最大70%
[09:32:10] [风控] sz300851 交大思诺 被拦截:[A级]仓位已满：当前75% >= 市场震荡偏多最大70%
[09:32:10] [周期] 执行完毕。生成信号: 1 个
[09:32:49] [周期] 开始执行分析周期...
[09:32:51] [周期] 市场状态: 震荡偏多 | 涨停:13 跌停:1
[09:33:39] [AI思考] 市场震荡偏多，科技资源主线，蔚蓝锂芯放量上涨未涨停，趋势延续，可加仓。持仓T+1全部持有。...
[09:33:39] [AI] 交易分析完成: stage=震荡偏多, signals=1
[09:33:39] [AI] 持仓分析: 8 项
[09:33:39] [AI] sz002047(宝鹰股份): 动作=HOLD, 逻辑=VALID
[09:33:39] [AI] sz002245(蔚蓝锂芯): 动作=HOLD, 逻辑=VALID
[09:33:39] [AI] sz002421(达实智能): 动作=HOLD, 逻辑=VALID
[09:33:39] [AI] sz000630(铜陵有色): 动作=HOLD, 逻辑=VALID
[09:33:39] [AI] sz300137(先河环保): 动作=HOLD, 逻辑=VALID
[09:33:39] [AI] sz300715(凯伦股份): 动作=HOLD, 逻辑=VALID
[09:33:39] [AI] sz301331(恩威医药): 动作=HOLD, 逻辑=VALID
[09:33:39] [AI] sh688455(科捷智能): 动作=HOLD, 逻辑=VALID
[09:33:39] [AI] 原始候选信号: [{'symbol': 'sz002245', 'name': '蔚蓝锂芯', 'score': 82, 'action': 'BUY', 'thesis': '资源方向领涨，放量突破未涨停，趋势延续，震荡偏多行情中可加仓试错。'}]
[09:33:39] [AI] 信号: 蔚蓝锂芯(sz002245) 动作=BUY 评分=82.0
[09:33:39] [风控] sz002245 加仓评分不足(82.0<85)
[09:33:39] [周期] 执行完毕。生成信号: 1 个
[09:35:11] [系统] 正在启动双线程分析架构...
[09:35:11] [交易 AI] 线程已启动,间隔 90 秒 (优先级:高)。
[09:35:11] [系统] 双线程分析循环已启动 (交易 + 研究)。
[09:35:11] [研究 AI] 独立后台已启动,正在后台运行中... (等待触发节点)
[09:35:11] [周期] 开始执行分析周期...
[09:35:13] [周期] 市场状态: 震荡偏多 | 涨停:19 跌停:1
[09:36:31] [系统] 分析循环已停止。
[09:36:36] [系统] 正在启动双线程分析架构...
[09:36:36] [交易 AI] 线程已启动,间隔 90 秒 (优先级:高)。
[09:36:36] [研究 AI] 独立后台已启动,正在后台运行中... (等待触发节点)
[09:36:36] [系统] 双线程分析循环已启动 (交易 + 研究)。
[09:36:36] [周期] 开始执行分析周期...
[09:36:37] [周期] 市场状态: 震荡偏多 | 涨停:17 跌停:1
[09:36:47] [AI思考] 市场震荡偏多，升温期，热点分散。持仓中弱势股建议减仓，关注医药轮动机会。...
[09:36:47] [AI] 交易分析完成: stage=升温期, signals=1
[09:36:47] [AI] 持仓分析: 8 项
[09:36:47] [AI] sz002047(宝鹰股份): 动作=SELL, 逻辑=BROKEN
[09:36:47] [AI] 逻辑破坏 sz002047,触发卖出
[09:36:47] [同步] 已将 sz002047 内存状态更新为 BROKEN,准备强平
[09:36:47] [风控拦截] sz002047(宝鹰股份) 可卖数量不足 (T+1 限制)。需卖:200, 可卖:0
[09:36:47] [AI] sz002245(蔚蓝锂芯): 动作=HOLD, 逻辑=VALID
[09:36:47] [AI] sz002421(达实智能): 动作=HOLD, 逻辑=VALID
[09:36:47] [AI] sz000630(铜陵有色): 动作=SELL, 逻辑=BROKEN
[09:36:47] [AI] 逻辑破坏 sz000630,触发卖出
[09:36:47] [同步] 已将 sz000630 内存状态更新为 BROKEN,准备强平
[09:36:47] [风控拦截] sz000630(铜陵有色) 可卖数量不足 (T+1 限制)。需卖:200, 可卖:0
[09:36:47] [AI] sz300137(先河环保): 动作=HOLD, 逻辑=VALID
[09:36:47] [AI] sz300715(凯伦股份): 动作=SELL, 逻辑=BROKEN
[09:36:47] [AI] 逻辑破坏 sz300715,触发卖出
[09:36:47] [同步] 已将 sz300715 内存状态更新为 BROKEN,准备强平
[09:36:47] [风控拦截] sz300715(凯伦股份) 可卖数量不足 (T+1 限制)。需卖:100, 可卖:0
[09:36:47] [AI] sz301331(恩威医药): 动作=HOLD, 逻辑=VALID
[09:36:47] [AI] sh688455(科捷智能): 动作=SELL, 逻辑=BROKEN
[09:36:47] [AI] 逻辑破坏 sh688455,触发卖出
[09:36:47] [同步] 已将 sh688455 内存状态更新为 BROKEN,准备强平
[09:36:47] [风控拦截] sh688455(科捷智能) 可卖数量不足 (T+1 限制)。需卖:100, 可卖:0
[09:36:47] [AI] 原始候选信号: [{'symbol': 'sh688317', 'name': '之江生物', 'score': 65, 'action': 'BUY', 'thesis': '医药轮动，低位放量，但非核心，小仓试错'}]
[09:36:47] [AI] 信号: 之江生物(sh688317) 动作=BUY 评分=65.0
[09:36:47] [交易] 买入 之江生物: 100股 @ 22.51
[09:36:47] [周期] 执行完毕。生成信号: 1 个
[09:36:48] [周期] 开始执行分析周期...
[09:36:49] [周期] 市场状态: 震荡偏多 | 涨停:18 跌停:1
[09:37:21] [AI思考] 市场震荡偏多，主线围绕创业板和科技股。候选池中华瑞股份属创业板，涨幅8.5%换手4.0%，与龙头米奥会展同阵营，可作为补涨试错。盯盘核心关注紫光股份等，但不在候选池。持仓均T+1锁定，继续持有。...
[09:37:21] [AI] 交易分析完成: stage=震荡偏多, signals=1
[09:37:21] [AI] 持仓分析: 8 项
[09:37:21] [AI] sz002047(宝鹰股份): 动作=HOLD, 逻辑=VALID
[09:37:21] [AI] sz002245(蔚蓝锂芯): 动作=HOLD, 逻辑=VALID
[09:37:21] [AI] sz002421(达实智能): 动作=HOLD, 逻辑=VALID
[09:37:21] [AI] sz000630(铜陵有色): 动作=HOLD, 逻辑=VALID
[09:37:21] [AI] sz300137(先河环保): 动作=HOLD, 逻辑=VALID
[09:37:21] [AI] sz300715(凯伦股份): 动作=HOLD, 逻辑=VALID
[09:37:21] [AI] sz301331(恩威医药): 动作=HOLD, 逻辑=VALID
[09:37:21] [AI] sh688455(科捷智能): 动作=HOLD, 逻辑=VALID
[09:37:21] [AI] 原始候选信号: [{'symbol': 'sz300626', 'name': '华瑞股份', 'score': 75, 'action': 'BUY', 'thesis': '创业板补涨标的，与龙头米奥会展同板块，换手活跃，日内走势稳健，可小仓试错'}]
[09:37:21] [AI] 信号: 华瑞股份(sz300626) 动作=BUY 评分=75.0
[09:37:21] [风控] 拒绝 sz300626: [A级]仓位已满：当前75% >= 市场震荡偏多最大70%
[09:37:21] [风控] sz300626 华瑞股份 被拦截:[A级]仓位已满：当前75% >= 市场震荡偏多最大70%
[09:37:21] [周期] 执行完毕。生成信号: 1 个
[09:37:44] [AI思考] 市场震荡偏多，创业板领涨，米奥会展涨停，华瑞股份跟风涨幅8.7%换手4.1%量价健康，可参与...
[09:37:44] [AI] 交易分析完成: stage=震荡偏多, signals=1
[09:37:44] [AI] 持仓分析: 9 项
[09:37:44] [AI] sz002047(宝鹰股份): 动作=HOLD, 逻辑=VALID
[09:37:44] [AI] sz002245(蔚蓝锂芯): 动作=HOLD, 逻辑=VALID
[09:37:44] [AI] sz002421(达实智能): 动作=HOLD, 逻辑=VALID
[09:37:44] [AI] sz000630(铜陵有色): 动作=HOLD, 逻辑=VALID
[09:37:44] [AI] sz300137(先河环保): 动作=HOLD, 逻辑=VALID
[09:37:44] [AI] sz300715(凯伦股份): 动作=HOLD, 逻辑=VALID
[09:37:44] [AI] sz301331(恩威医药): 动作=HOLD, 逻辑=VALID
[09:37:44] [AI] sh688455(科捷智能): 动作=HOLD, 逻辑=VALID
[09:37:44] [AI] sh688317(之江生物): 动作=HOLD, 逻辑=VALID
[09:37:44] [AI] 原始候选信号: [{'symbol': 'sz300626', 'name': '华瑞股份', 'score': 80, 'action': 'BUY', 'thesis': '创业板弹性标的，跟随米奥会展强势，量价配合'}]
[09:37:44] [AI] 信号: 华瑞股份(sz300626) 动作=BUY 评分=80.0
[09:37:44] [风控] 拒绝 sz300626: [A级]单只超限：16% > 普通上限15%
[09:37:44] [风控] sz300626 华瑞股份 被拦截:[A级]单只超限：16% > 普通上限15%
[09:37:44] [周期] 执行完毕。生成信号: 1 个
[09:38:05] [周期] 开始执行分析周期...
[09:38:07] [周期] 市场状态: 升温 | 涨停:21 跌停:1
[09:38:17] [周期] 开始执行分析周期...
[09:38:19] [周期] 市场状态: 震荡偏多 | 涨停:20 跌停:1
[09:38:58] [系统] 分析循环已停止。
[09:39:05] [AI思考] 市场升温，半导体主线明显，露笑科技等龙头涨停。候选池涨停股多，颀中科技与半导体相关且非涨停，换手4.9%形态适中，可顺势买入。...
[09:39:05] [AI] 交易分析完成: stage=升温, signals=1
[09:39:05] [AI] 持仓分析: 9 项
[09:39:05] [AI] sz002047(宝鹰股份): 动作=HOLD, 逻辑=VALID
[09:39:05] [AI] sz002245(蔚蓝锂芯): 动作=HOLD, 逻辑=VALID
[09:39:05] [AI] sz002421(达实智能): 动作=HOLD, 逻辑=VALID
[09:39:05] [AI] sz000630(铜陵有色): 动作=HOLD, 逻辑=VALID
[09:39:05] [AI] sz300137(先河环保): 动作=HOLD, 逻辑=VALID
[09:39:05] [AI] sz300715(凯伦股份): 动作=HOLD, 逻辑=VALID
[09:39:05] [AI] sz301331(恩威医药): 动作=HOLD, 逻辑=VALID
[09:39:05] [AI] sh688455(科捷智能): 动作=HOLD, 逻辑=VALID
[09:39:05] [AI] sh688317(之江生物): 动作=HOLD, 逻辑=VALID
[09:39:05] [AI] 原始候选信号: [{'symbol': 'sh688352', 'name': '颀中科技', 'score': 80, 'action': 'BUY', 'thesis': '半导体封装测试，与芯片主线共振，换手充分'}]
[09:39:05] [AI] 信号: 颀中科技(sh688352) 动作=BUY 评分=80.0
[09:39:05] [交易] 买入 颀中科技: 100股 @ 18.64
[09:39:05] [周期] 执行完毕。生成信号: 1 个
[10:21:38] [系统] 正在启动双线程分析架构...
[10:21:38] [交易 AI] 线程已启动,间隔 90 秒 (优先级:高)。
[10:21:38] [研究 AI] 独立后台已启动,正在后台运行中... (等待触发节点)
[10:21:38] [系统] 双线程分析循环已启动 (交易 + 研究)。
[10:21:38] [周期] 开始执行分析周期...
[10:21:41] [周期] 市场状态: 升温 | 涨停:41 跌停:2
[10:24:15] [系统] 分析循环已停止。
[10:27:36] [AI思考] 市场升温，创业板及资源领涨。蔚蓝锂芯涨停持有，达实智能、先河环保、恩威医药非主线卖出。候选池中华瑞股份涨幅接近20%且未封板，适合补涨试错。...
[10:27:36] [AI] 交易分析完成: stage=升温, signals=1
[10:27:36] [AI] 持仓分析: 6 项
[10:27:36] [AI] sz002245(蔚蓝锂芯): 动作=HOLD, 逻辑=VALID
[10:27:36] [AI] sz002421(达实智能): 动作=SELL, 逻辑=BROKEN
[10:27:36] [AI] 逻辑破坏 sz002421,触发卖出
[10:27:36] [同步] 已将 sz002421 内存状态更新为 BROKEN,准备强平
[10:27:36] [经验层] 已记录 达实智能 的卖出结果 (win) 到数据库
[10:27:36] [交易] 卖出 达实智能: 300股 @ 4.75, 盈亏=+37.00
[10:27:36] [AI] sz300137(先河环保): 动作=SELL, 逻辑=BROKEN
[10:27:36] [AI] 逻辑破坏 sz300137,触发卖出
[10:27:36] [同步] 已将 sz300137 内存状态更新为 BROKEN,准备强平
[10:27:36] [经验层] 已记录 先河环保 的卖出结果 (loss) 到数据库
[10:27:36] [交易] 卖出 先河环保: 100股 @ 19.1, 盈亏=-19.00
[10:27:36] [AI] sz301331(恩威医药): 动作=SELL, 逻辑=BROKEN
[10:27:36] [AI] 逻辑破坏 sz301331,触发卖出
[10:27:36] [同步] 已将 sz301331 内存状态更新为 BROKEN,准备强平
[10:27:36] [经验层] 已记录 恩威医药 的卖出结果 (win) 到数据库
[10:27:36] [交易] 卖出 恩威医药: 100股 @ 29.31, 盈亏=+21.00
[10:27:36] [AI] sh688317(之江生物): 动作=HOLD, 逻辑=VALID
[10:27:36] [AI] sh688352(颀中科技): 动作=HOLD, 逻辑=VALID
[10:27:36] [AI] 原始候选信号: [{'symbol': 'sz002421', 'name': '达实智能', 'action': 'SELL', 'reason': '非主线标的，腾出资金', 'risk_result': '已卖出'}, {'symbol': 'sz300137', 'name': '先河环保', 'action': 'SELL', 'reason': '弱势非主线，止损换股', 'risk_result': '已卖出'}, {'symbol': 'sz301331', 'name': '恩威医药', 'action': 'SELL', 'reason': '医药非当前热点，调仓', 'risk_result': '已卖出'}, {'symbol': 'sz300626', 'name': '华瑞股份', 'score': 70, 'action': 'BUY', 'thesis': '创业板补涨，涨幅18.9%未涨停，换手活跃，跟随米奥会展主线'}]
[10:27:36] [AI] 信号: 达实智能(sz002421) 动作=SELL 评分=0.0
[10:27:36] [AI] 信号: 达实智能 动作=SELL 评分=0.0
[10:27:36] [AI] 信号: 先河环保(sz300137) 动作=SELL 评分=0.0
[10:27:36] [AI] 信号: 先河环保 动作=SELL 评分=0.0
[10:27:36] [AI] 信号: 恩威医药(sz301331) 动作=SELL 评分=0.0
[10:27:36] [AI] 信号: 恩威医药 动作=SELL 评分=0.0
[10:27:36] [AI] 信号: 华瑞股份(sz300626) 动作=BUY 评分=70.0
[10:27:36] [涨跌停拦截] sz300626(华瑞股份) 现价46.38 >= 涨停价46.82*0.99,拒绝买入
[10:27:36] [风控] sz300626 华瑞股份 被拦截:涨停限制(涨停价46.82)
[10:27:36] [周期] 执行完毕。生成信号: 4 个
[10:29:54] [系统] 正在启动双线程分析架构...
[10:29:54] [交易 AI] 线程已启动,间隔 90 秒 (优先级:高)。
[10:29:54] [研究 AI] 独立后台已启动,正在后台运行中... (等待触发节点)
[10:29:54] [系统] 双线程分析循环已启动 (交易 + 研究)。
[10:29:54] [周期] 开始执行分析周期...
[10:29:55] [同步] PositionManager同步失败: Thesis.__init__() missing 1 required positional argument: 'invalid_conditions'
[10:29:55] [周期] 市场状态: 升温 | 涨停:47 跌停:3
[10:30:44] [AI思考] 市场升温，上涨比高，创业板和科创板领涨，雷曼光电趋势强且未涨停，适合试错。蔚蓝锂芯持有，之江生物和颀中科技锁仓。...
[10:30:44] [AI] 交易分析完成: stage=升温, signals=2
[10:30:44] [AI] 持仓分析: 3 项
[10:30:44] [AI] sz002245(蔚蓝锂芯): 动作=HOLD, 逻辑=VALID
[10:30:44] [AI] sh688317(之江生物): 动作=HOLD, 逻辑=VALID
[10:30:44] [AI] sh688352(颀中科技): 动作=HOLD, 逻辑=VALID
[10:30:44] [AI] 原始候选信号: [{'symbol': 'sz300162', 'name': '雷曼光电', 'score': 85, 'action': 'BUY', 'thesis': '创业板领涨，换手充分，趋势延续。'}, {'symbol': 'sh688335', 'name': '复洁科技', 'score': 80, 'action': 'BUY', 'thesis': '科创板龙头，放量新高，环保主线。'}]
[10:30:44] [AI] 信号: 雷曼光电(sz300162) 动作=BUY 评分=85.0
[10:30:44] [交易] 买入 雷曼光电: 100股 @ 11.76
[10:30:44] [AI] 信号: 复洁科技(sh688335) 动作=BUY 评分=80.0
[10:30:44] [涨跌停拦截] sh688335(复洁科技) 现价31.88 >= 涨停价31.88*0.99,拒绝买入
[10:30:44] [风控] sh688335 复洁科技 被拦截:涨停限制(涨停价31.88)
[10:30:44] [周期] 执行完毕。生成信号: 2 个
[10:31:09] [系统] 分析循环已停止。
[10:40:56] [系统] 正在启动双线程分析架构...
[10:40:56] [交易 AI] 线程已启动,间隔 90 秒 (优先级:高)。
[10:40:56] [系统] 双线程分析循环已启动 (交易 + 研究)。
[10:40:56] [研究 AI] 独立后台已启动,正在后台运行中... (等待触发节点)
[10:40:56] [周期] 开始执行分析周期...
[10:40:56] [同步] T+1状态同步失败: Thesis.__init__() missing 1 required positional argument: 'invalid_conditions'
[10:40:57] [周期] 市场状态: 升温 | 涨停:47 跌停:5
[10:42:05] [AI思考] 市场升温，涨停47家，资金聚焦科技与资源。持仓强者恒强，蔚蓝锂芯涨停锁仓。候选华瑞股份创业板强势未涨停，小仓试错。...
[10:42:05] [AI] 交易分析完成: stage=升温, signals=1
[10:42:05] [AI] 持仓分析: 4 项
[10:42:05] [AI] sz002245(蔚蓝锂芯): 动作=HOLD, 逻辑=VALID
[10:42:05] [AI] sh688317(之江生物): 动作=HOLD, 逻辑=VALID
[10:42:05] [AI] sh688352(颀中科技): 动作=HOLD, 逻辑=VALID
[10:42:05] [AI] sz300162(雷曼光电): 动作=HOLD, 逻辑=VALID
[10:42:05] [AI] 原始候选信号: [{'symbol': 'sz300626', 'name': '华瑞股份', 'score': 75, 'action': 'BUY', 'thesis': '市场升温，创业板强势股未涨停，量价健康，补涨试错'}]
[10:42:05] [AI] 信号: 华瑞股份(sz300626) 动作=BUY 评分=75.0
[10:42:05] [风控] 拒绝 sz300626: [A级]单只超限：22% > 普通上限15%
[10:42:05] [风控] sz300626 华瑞股份 被拦截:[A级]单只超限：22% > 普通上限15%
[10:42:05] [周期] 执行完毕。生成信号: 1 个
[10:42:26] [周期] 开始执行分析周期...
[10:42:26] [同步] T+1状态同步失败: Thesis.__init__() missing 1 required positional argument: 'invalid_conditions'
[10:42:27] [周期] 市场状态: 升温 | 涨停:47 跌停:5
[10:43:11] [AI思考] 市场升温，龙头分散，候选池中强势跟风京能电力换手适中，可小仓试错。持仓蔚蓝锂芯涨停持有，其余冻结。总分满足至少1个候选。...
[10:43:11] [AI] 交易分析完成: stage=升温, signals=1
[10:43:11] [AI] 持仓分析: 4 项
[10:43:11] [AI] sz002245(蔚蓝锂芯): 动作=HOLD, 逻辑=VALID
[10:43:11] [AI] sh688317(之江生物): 动作=HOLD, 逻辑=VALID
[10:43:11] [AI] sh688352(颀中科技): 动作=HOLD, 逻辑=VALID
[10:43:11] [AI] sz300162(雷曼光电): 动作=HOLD, 逻辑=VALID
[10:43:11] [AI] 原始候选信号: [{'symbol': 'sh601101', 'name': '京能电力', 'score': 70, 'action': 'BUY', 'thesis': '电力板块强势，上海电力涨停，京能电力放量跟涨，试错参与'}]
[10:43:11] [AI] 信号: 京能电力(sh601101) 动作=BUY 评分=70.0
[10:43:11] [交易] 获取到池外股票 sh601101 价格: 10.47
[10:43:11] [交易] 买入 昊华能源: 100股 @ 10.47
[10:43:11] [周期] 执行完毕。生成信号: 1 个
[10:43:55] [周期] 开始执行分析周期...
[10:43:56] [同步] T+1状态同步失败: Thesis.__init__() missing 1 required positional argument: 'invalid_conditions'
[10:43:56] [周期] 市场状态: 升温 | 涨停:48 跌停:7
[10:45:24] [系统] 正在启动双线程分析架构...
[10:45:24] [交易 AI] 线程已启动,间隔 90 秒 (优先级:高)。
[10:45:24] [系统] 双线程分析循环已启动 (交易 + 研究)。
[10:45:24] [研究 AI] 独立后台已启动,正在后台运行中... (等待触发节点)
[10:45:24] [周期] 开始执行分析周期...
[10:45:25] [同步] T+1状态同步失败: Thesis.__init__() missing 1 required positional argument: 'invalid_conditions'
[10:45:25] [周期] 市场状态: 升温 | 上涨:193 下跌:73 上涨比:72.6% | 涨停:49 跌停:7
[10:46:15] [AI思考] 升温期主线清晰，科技成长（LED、半导体、智能制造）领涨，持仓蔚蓝锂芯虽涨停但非主线且已盈利，拟止盈。候选池中华瑞股份换手充分，属智能制造方向，契合主线，给予80分买入试错。...
[10:46:15] [AI] 交易分析完成: stage=升温期, signals=1
[10:46:15] [AI] 持仓分析: 5 项
[10:46:15] [AI] sz002245(蔚蓝锂芯): 动作=SELL, 逻辑=BROKEN
[10:46:15] [AI] 逻辑破坏 sz002245,触发卖出
[10:46:15] [同步] 已将 sz002245 内存状态更新为 BROKEN,准备强平
[10:46:15] [经验层] 已记录 蔚蓝锂芯 的卖出结果 (win) 到数据库
[10:46:15] [交易] 卖出 蔚蓝锂芯: 100股 @ 22.35, 盈亏=+136.00
[10:46:15] [AI] sh688317(之江生物): 动作=HOLD, 逻辑=VALID
[10:46:15] [AI] sh688352(颀中科技): 动作=HOLD, 逻辑=VALID
[10:46:15] [AI] sz300162(雷曼光电): 动作=HOLD, 逻辑=VALID
[10:46:15] [AI] sh601101(昊华能源): 动作=HOLD, 逻辑=VALID
[10:46:15] [AI] 原始候选信号: [{'symbol': 'sz002245', 'name': '蔚蓝锂芯', 'action': 'SELL', 'reason': '资源股非当前科技主线，逢涨停止盈锁定利润', 'risk_result': '已卖出'}, {'symbol': 'sz300626', 'name': '华瑞股份', 'score': 80, 'action': 'BUY', 'thesis': '智能制造核心部件换向器，换手12.2%量价活跃，有望跟随成长主线'}]
[10:46:15] [AI] 信号: 蔚蓝锂芯(sz002245) 动作=SELL 评分=0.0
[10:46:15] [AI] 信号: 蔚蓝锂芯 动作=SELL 评分=0.0
[10:46:15] [AI] 信号: 华瑞股份(sz300626) 动作=BUY 评分=80.0
[10:46:15] [风控] 拒绝 sz300626: [A级]单只超限：22% > 普通上限15%
[10:46:15] [风控] sz300626 华瑞股份 被拦截:[A级]单只超限：22% > 普通上限15%
[10:46:15] [周期] 执行完毕。生成信号: 2 个
[10:46:53] [周期] 开始执行分析周期...
[10:46:54] [同步] T+1状态同步失败: Thesis.__init__() missing 1 required positional argument: 'invalid_conditions'
[10:46:55] [周期] 市场状态: 升温 | 上涨:193 下跌:73 上涨比:72.6% | 涨停:48 跌停:7
[10:47:39] [AI思考] 市场升温，但主线分散。持仓全部T+1锁定。候选池中涨停股多，可买非涨停股仅华峰超纤等。华峰超纤涨15%，形态强，可小仓试错。...
[10:47:39] [AI] 交易分析完成: stage=升温, signals=1
[10:47:39] [AI] 持仓分析: 4 项
[10:47:39] [AI] sh688317(之江生物): 动作=HOLD, 逻辑=VALID
[10:47:39] [AI] sh688352(颀中科技): 动作=HOLD, 逻辑=VALID
[10:47:39] [AI] sz300162(雷曼光电): 动作=HOLD, 逻辑=VALID
[10:47:39] [AI] sh601101(昊华能源): 动作=HOLD, 逻辑=VALID
[10:47:39] [AI] 原始候选信号: [{'symbol': 'sz300180', 'name': '华峰超纤', 'score': 68, 'action': 'BUY', 'thesis': '超纤材料，今日放量上涨，形态强势，交易升温期试错'}]
[10:47:39] [AI] 信号: 华峰超纤(sz300180) 动作=BUY 评分=68.0
[10:47:39] [交易] 买入 华峰超纤: 100股 @ 5.48
[10:47:39] [周期] 执行完毕。生成信号: 1 个
[10:48:23] [周期] 开始执行分析周期...
[10:48:24] [同步] T+1状态同步失败: Thesis.__init__() missing 1 required positional argument: 'invalid_conditions'
[10:48:25] [周期] 市场状态: 升温 | 上涨:193 下跌:73 上涨比:72.6% | 涨停:47 跌停:7
[10:48:50] [AI思考] 市场升温，科技主线（创业板、科创板）领涨，但多数候选股已涨停或持股中，非科技方向蔚蓝锂芯放量领涨资源板块，可作为轮动补涨试错。...
[10:48:50] [AI] 交易分析完成: stage=升温, signals=1
[10:48:50] [AI] 持仓分析: 5 项
[10:48:50] [AI] sh688317(之江生物): 动作=HOLD, 逻辑=VALID
[10:48:50] [AI] sh688352(颀中科技): 动作=HOLD, 逻辑=VALID
[10:48:50] [AI] sz300162(雷曼光电): 动作=HOLD, 逻辑=VALID
[10:48:50] [AI] sh601101(昊华能源): 动作=HOLD, 逻辑=VALID
[10:48:50] [AI] sz300180(华峰超纤): 动作=HOLD, 逻辑=VALID
[10:48:50] [AI] 原始候选信号: [{'symbol': 'sz002245', 'name': '蔚蓝锂芯', 'score': 72, 'action': 'BUY', 'thesis': '锂电池龙头异动，换手充分，低位补涨潜力'}]
[10:48:50] [AI] 信号: 蔚蓝锂芯(sz002245) 动作=BUY 评分=72.0
[10:48:50] [涨跌停拦截] sz002245(蔚蓝锂芯) 现价22.13 >= 涨停价22.35*0.99,拒绝买入
[10:48:50] [风控] sz002245 蔚蓝锂芯 被拦截:涨停限制(涨停价22.35)
[10:48:50] [周期] 执行完毕。生成信号: 1 个
[10:49:53] [周期] 开始执行分析周期...
[10:49:53] [同步] T+1状态同步失败: Thesis.__init__() missing 1 required positional argument: 'invalid_conditions'
[10:49:54] [周期] 市场状态: 升温 | 上涨:193 下跌:73 上涨比:72.6% | 涨停:47 跌停:6
[10:50:46] [AI思考] 升温期主线分散，龙头多面开花。电力板块有上海电力涨停锚点，京能电力跟涨未涨停，换手活跃，可作为补涨小仓试错，评分70分。...
[10:50:46] [AI] 交易分析完成: stage=升温, signals=1
[10:50:46] [AI] 持仓分析: 5 项
[10:50:46] [AI] sh688317(之江生物): 动作=HOLD, 逻辑=VALID
[10:50:46] [AI] sh688352(颀中科技): 动作=HOLD, 逻辑=VALID
[10:50:46] [AI] sz300162(雷曼光电): 动作=HOLD, 逻辑=VALID
[10:50:46] [AI] sh601101(昊华能源): 动作=HOLD, 逻辑=VALID
[10:50:46] [AI] sz300180(华峰超纤): 动作=HOLD, 逻辑=VALID
[10:50:46] [AI] 原始候选信号: [{'symbol': 'sh601016', 'name': '京能电力', 'score': 70, 'action': 'BUY', 'thesis': '电力板块跟涨，龙头上海电力涨停，京能电力涨幅7.3%未涨停，换手4.6%活跃，存在补涨机会。'}]
[10:50:46] [AI] 信号: 京能电力(sh601016) 动作=BUY 评分=70.0
[10:50:46] [交易] 获取到池外股票 sh601016 价格: 4.64
[10:50:46] [交易] 买入 节能风电: 100股 @ 4.64
[10:50:46] [周期] 执行完毕。生成信号: 1 个
[10:51:22] [周期] 开始执行分析周期...
[10:51:23] [同步] T+1状态同步失败: Thesis.__init__() missing 1 required positional argument: 'invalid_conditions'
[10:51:24] [周期] 市场状态: 升温 | 上涨:193 下跌:74 上涨比:72.3% | 涨停:47 跌停:7
[10:52:33] [AI思考] 市场升温，主线为电力与科技。持仓冻结，主线的颀中、雷曼、风电有效，其余医药能源等无效。可选池中电力龙头涨停，京能电力代码不确定，故选蔚蓝锂芯作为兜底试错，其放量活跃。...
[10:52:33] [AI] 交易分析完成: stage=升温期, signals=1
[10:52:33] [AI] 持仓分析: 6 项
[10:52:33] [AI] sh688317(之江生物): 动作=HOLD, 逻辑=BROKEN
[10:52:33] [AI] sh688352(颀中科技): 动作=HOLD, 逻辑=VALID
[10:52:33] [AI] sz300162(雷曼光电): 动作=HOLD, 逻辑=VALID
[10:52:33] [AI] sh601101(昊华能源): 动作=HOLD, 逻辑=BROKEN
[10:52:33] [AI] sz300180(华峰超纤): 动作=HOLD, 逻辑=BROKEN
[10:52:33] [AI] sh601016(节能风电): 动作=HOLD, 逻辑=VALID
[10:52:33] [AI] 原始候选信号: [{'symbol': 'sz002245', 'name': '蔚蓝锂芯', 'score': 70, 'action': 'BUY', 'thesis': '锂电池容量股，放量上涨，升温期跟风试错'}]
[10:52:33] [AI] 信号: 蔚蓝锂芯(sz002245) 动作=BUY 评分=70.0
[10:52:33] [风控] 拒绝 sz002245: [S级]仓位状态：信念值不足：20 < 60
[10:52:33] [风控] sz002245 蔚蓝锂芯 被拦截:[S级]仓位状态：信念值不足：20 < 60
[10:52:33] [周期] 执行完毕。生成信号: 1 个
[10:52:52] [周期] 开始执行分析周期...
[10:52:52] [同步] T+1状态同步失败: Thesis.__init__() missing 1 required positional argument: 'invalid_conditions'
[10:52:53] [周期] 市场状态: 升温 | 上涨:191 下跌:75 上涨比:71.5% | 涨停:47 跌停:7
[10:54:04] [AI思考] 升温期主线逐步清晰，电力板块龙头上海电力涨停，京能电力放量跟涨6.8%，趋势健康，评分85，作为主线趋势股上车。其他方向创业板和科创板已持仓或涨停，不再新增。持仓均锁仓，继续持有。...
[10:54:04] [AI] 交易分析完成: stage=升温, signals=1
[10:54:04] [AI] 持仓分析: 6 项
[10:54:04] [AI] sh688317(之江生物): 动作=HOLD, 逻辑=VALID
[10:54:04] [AI] sh688352(颀中科技): 动作=HOLD, 逻辑=VALID
[10:54:04] [AI] sz300162(雷曼光电): 动作=HOLD, 逻辑=VALID
[10:54:04] [AI] sh601101(昊华能源): 动作=HOLD, 逻辑=VALID
[10:54:04] [AI] sz300180(华峰超纤): 动作=HOLD, 逻辑=VALID
[10:54:04] [AI] sh601016(节能风电): 动作=HOLD, 逻辑=BROKEN
[10:54:04] [AI] 原始候选信号: [{'symbol': 'sh601908', 'name': '京能电力', 'score': 85, 'action': 'BUY', 'thesis': '电力龙头上海电力涨停，京能电力放量跟涨6.8%，换手4.7%激活，主线趋势明确'}]
[10:54:04] [AI] 信号: 京能电力(sh601908) 动作=BUY 评分=85.0
[10:54:04] [交易] 获取到池外股票 sh601908 价格: 3.7
[10:54:04] [交易] 买入 京运通: 400股 @ 3.7
[10:54:04] [周期] 执行完毕。生成信号: 1 个
[10:54:21] [周期] 开始执行分析周期...
[10:54:22] [同步] T+1状态同步失败: Thesis.__init__() missing 1 required positional argument: 'invalid_conditions'
[10:54:23] [周期] 市场状态: 升温 | 上涨:193 下跌:75 上涨比:72.0% | 涨停:47 跌停:7
[10:54:59] [AI思考] 市场升温，电力与科技主线明确。龙头上海电力涨停，换手健康，属可交易池内标的，符合趋势股逻辑。持仓因T+1全部锁定，暂持。...
[10:54:59] [AI] 交易分析完成: stage=升温, signals=1
[10:54:59] [AI] 持仓分析: 7 项
[10:54:59] [AI] sh688317(之江生物): 动作=HOLD, 逻辑=VALID
[10:54:59] [AI] sh688352(颀中科技): 动作=HOLD, 逻辑=VALID
[10:54:59] [AI] sz300162(雷曼光电): 动作=HOLD, 逻辑=VALID
[10:54:59] [AI] sh601101(昊华能源): 动作=HOLD, 逻辑=VALID
[10:54:59] [AI] sz300180(华峰超纤): 动作=HOLD, 逻辑=VALID
[10:54:59] [AI] sh601016(节能风电): 动作=HOLD, 逻辑=VALID
[10:54:59] [AI] sh601908(京运通): 动作=HOLD, 逻辑=VALID
[10:54:59] [AI] 原始候选信号: [{'symbol': 'sh600021', 'name': '上海电力', 'score': 85, 'action': 'BUY', 'thesis': '电力板块龙头，放量涨停，换手充分，主线清晰'}]
[10:54:59] [AI] 信号: 上海电力(sh600021) 动作=BUY 评分=85.0
[10:54:59] [涨跌停拦截] sh600021(上海电力) 现价20.39 >= 涨停价20.39*0.99,拒绝买入
[10:54:59] [风控] sh600021 上海电力 被拦截:涨停限制(涨停价20.39)
[10:54:59] [周期] 执行完毕。生成信号: 1 个
[10:55:08] [系统] 分析循环已停止。
[10:55:43] [系统] 正在启动双线程分析架构...
[10:55:43] [交易 AI] 线程已启动,间隔 90 秒 (优先级:高)。
[10:55:43] [研究 AI] 独立后台已启动,正在后台运行中... (等待触发节点)
[10:55:43] [周期] 开始执行分析周期...
[10:55:43] [系统] 双线程分析循环已启动 (交易 + 研究)。
[10:55:44] [同步] T+1状态同步失败: Thesis.__init__() missing 1 required positional argument: 'invalid_conditions'
[10:55:44] [周期] 市场状态: 升温 | 上涨:192 下跌:74 上涨比:71.9% | 涨停:46 跌停:6
[10:56:44] [AI思考] 市场升温，电力板块领涨，上海电力涨停，京能电力跟风放量上涨，作为补涨标的可小仓试错。...
[10:56:44] [AI] 交易分析完成: stage=升温, signals=1
[10:56:44] [AI] 持仓分析: 7 项
[10:56:44] [AI] sh688317(之江生物): 动作=HOLD, 逻辑=VALID
[10:56:44] [AI] sh688352(颀中科技): 动作=HOLD, 逻辑=VALID
[10:56:44] [AI] sz300162(雷曼光电): 动作=HOLD, 逻辑=VALID
[10:56:44] [AI] sh601101(昊华能源): 动作=HOLD, 逻辑=VALID
[10:56:44] [AI] sz300180(华峰超纤): 动作=HOLD, 逻辑=VALID
[10:56:44] [AI] sh601016(节能风电): 动作=HOLD, 逻辑=VALID
[10:56:44] [AI] sh601908(京运通): 动作=HOLD, 逻辑=VALID
[10:56:44] [校准] AI 名称幻觉修正: sh601991 京能电力 -> 大唐发电
[10:56:44] [AI] 原始候选信号: [{'symbol': 'sh601991', 'name': '大唐发电', 'score': 75, 'action': 'BUY', 'thesis': '电力板块主线，上海电力涨停后京能电力跟风放量，具备补涨空间，小仓试错。'}]
[10:56:44] [AI] 信号: 大唐发电(sh601991) 动作=BUY 评分=75.0
[10:56:44] [交易] 买入 大唐发电: 100股 @ 7.4
[10:56:44] [周期] 执行完毕。生成信号: 1 个
[10:57:13] [周期] 开始执行分析周期...
[10:57:14] [同步] T+1状态同步失败: Thesis.__init__() missing 1 required positional argument: 'invalid_conditions'
[10:57:15] [周期] 市场状态: 升温 | 上涨:190 下跌:77 上涨比:71.2% | 涨停:46 跌停:7
[10:58:22] [AI思考] 市场升温期，电力与科技主线活跃。持仓均T+1锁定，持有。候选池中，京能电力跟涨电力龙头，涨幅6%未涨停，换手适中，作为补涨标的可行，评分75试错。...
[10:58:22] [AI] 交易分析完成: stage=升温期, signals=1
[10:58:22] [AI] 持仓分析: 8 项
[10:58:22] [AI] sh688317(之江生物): 动作=HOLD, 逻辑=VALID
[10:58:22] [AI] sh688352(颀中科技): 动作=HOLD, 逻辑=VALID
[10:58:22] [AI] sz300162(雷曼光电): 动作=HOLD, 逻辑=VALID
[10:58:22] [AI] sh601101(昊华能源): 动作=HOLD, 逻辑=VALID
[10:58:22] [AI] sz300180(华峰超纤): 动作=HOLD, 逻辑=VALID
[10:58:22] [AI] sh601016(节能风电): 动作=HOLD, 逻辑=VALID
[10:58:22] [AI] sh601908(京运通): 动作=HOLD, 逻辑=VALID
[10:58:22] [AI] sh601991(大唐发电): 动作=HOLD, 逻辑=VALID
[10:58:22] [AI] 原始候选信号: [{'symbol': 'sh600578', 'name': '京能电力', 'score': 75, 'action': 'BUY', 'thesis': '电力板块主线，龙头上海电力涨停，京能电力放量跟涨，形态健康，补涨逻辑'}]
[10:58:22] [AI] 信号: 京能电力(sh600578) 动作=BUY 评分=75.0
[10:58:23] [交易] 买入 京能电力: 100股 @ 9.58
[10:58:23] [周期] 执行完毕。生成信号: 1 个
[10:58:43] [周期] 开始执行分析周期...
[10:58:43] [同步] T+1状态同步失败: Thesis.__init__() missing 1 required positional argument: 'invalid_conditions'
[10:58:44] [周期] 市场状态: 升温 | 上涨:192 下跌:75 上涨比:71.9% | 涨停:45 跌停:6
[10:59:54] [AI思考] 市场升温，科技主线明确，雷曼光电等龙头强势。持仓均未破位，T+1锁定持有。候选池无绝对龙头，依兜底机制选换手活跃的华瑞股份试错。...
[10:59:54] [AI] 交易分析完成: stage=升温, signals=1
[10:59:54] [AI] 持仓分析: 9 项
[10:59:54] [AI] sh688317(之江生物): 动作=HOLD, 逻辑=VALID
[10:59:54] [AI] sh688352(颀中科技): 动作=HOLD, 逻辑=VALID
[10:59:54] [AI] sz300162(雷曼光电): 动作=HOLD, 逻辑=VALID
[10:59:54] [AI] sh601101(昊华能源): 动作=HOLD, 逻辑=VALID
[10:59:54] [AI] sz300180(华峰超纤): 动作=HOLD, 逻辑=VALID
[10:59:54] [AI] sh601016(节能风电): 动作=HOLD, 逻辑=VALID
[10:59:54] [AI] sh601908(京运通): 动作=HOLD, 逻辑=VALID
[10:59:54] [AI] sh601991(大唐发电): 动作=HOLD, 逻辑=VALID
[10:59:54] [AI] sh600578(京能电力): 动作=HOLD, 逻辑=VALID
[10:59:54] [AI] 原始候选信号: [{'symbol': 'sz300626', 'name': '华瑞股份', 'score': 70, 'action': 'BUY', 'thesis': '创业板科技补涨，换手12.6%活跃，形态强于板块，小仓试错。'}]
[10:59:54] [AI] 信号: 华瑞股份(sz300626) 动作=BUY 评分=70.0
[10:59:54] [风控] 拒绝 sz300626: [A级]单只超限：22% > 普通上限15%
[10:59:54] [风控] sz300626 华瑞股份 被拦截:[A级]单只超限：22% > 普通上限15%
[10:59:54] [周期] 执行完毕。生成信号: 1 个
[11:00:12] [周期] 开始执行分析周期...
[11:00:13] [同步] T+1状态同步失败: Thesis.__init__() missing 1 required positional argument: 'invalid_conditions'
[11:00:13] [周期] 市场状态: 升温 | 上涨:191 下跌:76 上涨比:71.5% | 涨停:47 跌停:8
[11:01:16] [AI思考] 市场升温，电力龙头上海电力涨停不可买；资源方向蔚蓝锂芯领涨且换手活跃，作为兜底试错。...
[11:01:16] [AI] 交易分析完成: stage=升温, signals=1
[11:01:16] [AI] 持仓分析: 9 项
[11:01:16] [AI] sh688317(之江生物): 动作=HOLD, 逻辑=VALID
[11:01:16] [AI] sh688352(颀中科技): 动作=HOLD, 逻辑=VALID
[11:01:16] [AI] sz300162(雷曼光电): 动作=HOLD, 逻辑=VALID
[11:01:16] [AI] sh601101(昊华能源): 动作=HOLD, 逻辑=VALID
[11:01:16] [AI] sz300180(华峰超纤): 动作=HOLD, 逻辑=VALID
[11:01:16] [AI] sh601016(节能风电): 动作=HOLD, 逻辑=VALID
[11:01:16] [AI] sh601908(京运通): 动作=HOLD, 逻辑=VALID
[11:01:16] [AI] sh601991(大唐发电): 动作=HOLD, 逻辑=VALID
[11:01:16] [AI] sh600578(京能电力): 动作=HOLD, 逻辑=VALID
[11:01:16] [AI] 原始候选信号: [{'symbol': 'sz002245', 'name': '蔚蓝锂芯', 'score': 70, 'action': 'BUY', 'thesis': '资源股趋势，放量上攻，小仓试错'}]
[11:01:16] [AI] 信号: 蔚蓝锂芯(sz002245) 动作=BUY 评分=70.0
[11:01:16] [交易] 买入 蔚蓝锂芯: 100股 @ 21.96
[11:01:16] [周期] 执行完毕。生成信号: 1 个
[11:01:41] [周期] 开始执行分析周期...
[11:01:43] [周期] 市场状态: 升温 | 上涨:187 下跌:80 上涨比:70.0% | 涨停:46 跌停:9
[11:03:46] [AI思考] 市场升温，主线为半导体、LED和电力。龙头上海电力涨停，京能电力同步走强。持仓多为主力方向，继续持有。候选池中，京能电力作为电力跟风，趋势良好，可加仓。...
[11:03:46] [AI] 交易分析完成: stage=升温, signals=1
[11:03:46] [AI] 持仓分析: 10 项
[11:03:46] [AI] sh688317(之江生物): 动作=HOLD, 逻辑=VALID
[11:03:46] [AI] sh688352(颀中科技): 动作=HOLD, 逻辑=VALID
[11:03:46] [AI] sz300162(雷曼光电): 动作=HOLD, 逻辑=VALID
[11:03:46] [AI] sh601101(昊华能源): 动作=HOLD, 逻辑=VALID
[11:03:46] [AI] sz300180(华峰超纤): 动作=HOLD, 逻辑=VALID
[11:03:46] [AI] sh601016(节能风电): 动作=HOLD, 逻辑=VALID
[11:03:46] [AI] sh601908(京运通): 动作=HOLD, 逻辑=VALID
[11:03:46] [AI] sh601991(大唐发电): 动作=HOLD, 逻辑=VALID
[11:03:46] [AI] sh600578(京能电力): 动作=HOLD, 逻辑=VALID
[11:03:46] [AI] sz002245(蔚蓝锂芯): 动作=HOLD, 逻辑=VALID
[11:03:46] [AI] 原始候选信号: [{'symbol': 'sh600578', 'name': '京能电力', 'score': 80, 'action': 'BUY', 'thesis': '电力主线，上海电力涨停带动，京能跟涨，量价配合，可加仓'}]
[11:03:46] [AI] 信号: 京能电力(sh600578) 动作=BUY 评分=80.0
[11:03:46] [风控] sh600578 加仓评分不足(80.0<85)
[11:03:46] [周期] 执行完毕。生成信号: 1 个
[11:03:47] [周期] 开始执行分析周期...
[11:03:49] [周期] 市场状态: 升温 | 上涨:183 下跌:83 上涨比:68.5% | 涨停:42 跌停:10
[11:04:49] [AI思考] 升温期，科技电力主线明确，资源股轮动走强。持仓逻辑未破，继续持有。候选蔚蓝锂芯为资源领涨，量价健康，可小仓参与。...
[11:04:49] [AI] 交易分析完成: stage=升温, signals=1
[11:04:49] [AI] 持仓分析: 10 项
[11:04:49] [AI] sh688317(之江生物): 动作=HOLD, 逻辑=VALID
[11:04:49] [AI] sh688352(颀中科技): 动作=HOLD, 逻辑=VALID
[11:04:49] [AI] sz300162(雷曼光电): 动作=HOLD, 逻辑=VALID
[11:04:49] [AI] sh601101(昊华能源): 动作=HOLD, 逻辑=VALID
[11:04:49] [AI] sz300180(华峰超纤): 动作=HOLD, 逻辑=VALID
[11:04:49] [AI] sh601016(节能风电): 动作=HOLD, 逻辑=VALID
[11:04:49] [AI] sh601908(京运通): 动作=HOLD, 逻辑=VALID
[11:04:49] [AI] sh601991(大唐发电): 动作=HOLD, 逻辑=VALID
[11:04:49] [AI] sh600578(京能电力): 动作=HOLD, 逻辑=VALID
[11:04:49] [AI] sz002245(蔚蓝锂芯): 动作=HOLD, 逻辑=VALID
[11:04:49] [AI] 原始候选信号: [{'symbol': 'sz002245', 'name': '蔚蓝锂芯', 'score': 80, 'action': 'BUY', 'thesis': '资源品涨价带动板块走强，作为钢铁/资源领涨股，量价配合良好，有望延续趋势。'}]
[11:04:49] [AI] 信号: 蔚蓝锂芯(sz002245) 动作=BUY 评分=80.0
[11:04:49] [风控] sz002245 加仓评分不足(80.0<85)
[11:04:49] [周期] 执行完毕。生成信号: 1 个
[11:05:17] [周期] 开始执行分析周期...
[11:05:18] [周期] 市场状态: 升温 | 上涨:183 下跌:83 上涨比:68.5% | 涨停:41 跌停:11
[11:06:24] [AI思考] 市场升温，主线多元，电力、新能源、科技均活跃。候选池中排除涨停股，蔚蓝锂芯和颀中科技量价健康，属主线趋势，可小仓跟进。...
[11:06:24] [AI] 交易分析完成: stage=升温, signals=2
[11:06:24] [AI] 持仓分析: 10 项
[11:06:24] [AI] sh688317(之江生物): 动作=HOLD, 逻辑=VALID
[11:06:24] [AI] sh688352(颀中科技): 动作=HOLD, 逻辑=VALID
[11:06:24] [AI] sz300162(雷曼光电): 动作=HOLD, 逻辑=VALID
[11:06:24] [AI] sh601101(昊华能源): 动作=HOLD, 逻辑=VALID
[11:06:24] [AI] sz300180(华峰超纤): 动作=HOLD, 逻辑=VALID
[11:06:24] [AI] sh601016(节能风电): 动作=HOLD, 逻辑=VALID
[11:06:24] [AI] sh601908(京运通): 动作=HOLD, 逻辑=VALID
[11:06:24] [AI] sh601991(大唐发电): 动作=HOLD, 逻辑=VALID
[11:06:24] [AI] sh600578(京能电力): 动作=HOLD, 逻辑=VALID
[11:06:24] [AI] sz002245(蔚蓝锂芯): 动作=BUY, 逻辑=VALID
[11:06:24] [AI] 原始候选信号: [{'symbol': 'sz002245', 'name': '蔚蓝锂芯', 'score': 82, 'action': 'BUY', 'thesis': '新能源资源主线，领涨钢铁/资源板块，量价齐升，趋势加速。'}, {'symbol': 'sh688352', 'name': '颀中科技', 'score': 80, 'action': 'BUY', 'thesis': '科创板反弹，半导体封装跟随龙头复洁科技，换手活跃，趋势顺势。'}]
[11:06:24] [AI] 信号: 蔚蓝锂芯(sz002245) 动作=BUY 评分=82.0
[11:06:24] [风控] sz002245 加仓评分不足(82.0<85)
[11:06:24] [AI] 信号: 颀中科技(sh688352) 动作=BUY 评分=80.0
[11:06:24] [风控] sh688352 加仓评分不足(80.0<85)
[11:06:24] [周期] 执行完毕。生成信号: 2 个
[11:06:47] [周期] 开始执行分析周期...
[11:06:49] [周期] 市场状态: 升温 | 上涨:186 下跌:81 上涨比:69.7% | 涨停:39 跌停:11
[11:07:27] [AI思考] 市场升温，但主线分散，第二层可交易标的多涨停或持仓冻结。唯一可选中国铝业和紫金矿业。中国铝业涨幅更高，换手更大，作为资源股试错。...
[11:07:27] [AI] 交易分析完成: stage=升温, signals=1
[11:07:27] [AI] 持仓分析: 10 项
[11:07:27] [AI] sh688317(之江生物): 动作=HOLD, 逻辑=VALID
[11:07:27] [AI] sh688352(颀中科技): 动作=HOLD, 逻辑=VALID
[11:07:27] [AI] sz300162(雷曼光电): 动作=HOLD, 逻辑=VALID
[11:07:27] [AI] sh601101(昊华能源): 动作=HOLD, 逻辑=VALID
[11:07:27] [AI] sz300180(华峰超纤): 动作=HOLD, 逻辑=VALID
[11:07:27] [AI] sh601016(节能风电): 动作=HOLD, 逻辑=VALID
[11:07:27] [AI] sh601908(京运通): 动作=HOLD, 逻辑=VALID
[11:07:27] [AI] sh601991(大唐发电): 动作=HOLD, 逻辑=VALID
[11:07:27] [AI] sh600578(京能电力): 动作=HOLD, 逻辑=VALID
[11:07:27] [AI] sz002245(蔚蓝锂芯): 动作=HOLD, 逻辑=VALID
[11:07:27] [AI] 原始候选信号: [{'symbol': 'sh601600', 'name': '中国铝业', 'score': 70, 'action': 'BUY', 'thesis': '资源板块活跃，放量上涨，短线试错'}]
[11:07:27] [AI] 信号: 中国铝业(sh601600) 动作=BUY 评分=70.0
[11:07:27] [交易] 买入 中国铝业: 100股 @ 11.58
[11:07:27] [周期] 执行完毕。生成信号: 1 个
[11:08:06] [系统] 正在启动双线程分析架构...
[11:08:06] [交易 AI] 线程已启动,间隔 90 秒 (优先级:高)。
[11:08:06] [研究 AI] 独立后台已启动,正在后台运行中... (等待触发节点)
[11:08:06] [系统] 双线程分析循环已启动 (交易 + 研究)。
[11:08:06] [周期] 开始执行分析周期...
[11:08:08] [周期] 市场状态: 升温 | 上涨:195 下跌:79 上涨比:71.2% | 涨停:41 跌停:11
[11:09:46] [AI思考] 市场升温期，资金分散于电力、创业板等方向，持仓均微利/微亏，T+1锁定，继续持有。候选池中涨停股多，选取未涨停的京能电力和华瑞股份作为趋势试错。...
[11:09:46] [AI] 交易分析完成: stage=升温, signals=2
[11:09:46] [AI] 持仓分析: 11 项
[11:09:46] [AI] sh688317(之江生物): 动作=HOLD, 逻辑=VALID
[11:09:46] [AI] sh688352(颀中科技): 动作=HOLD, 逻辑=VALID
[11:09:46] [AI] sz300162(雷曼光电): 动作=HOLD, 逻辑=VALID
[11:09:46] [AI] sh601101(昊华能源): 动作=HOLD, 逻辑=VALID
[11:09:46] [AI] sz300180(华峰超纤): 动作=HOLD, 逻辑=VALID
[11:09:46] [AI] sh601016(节能风电): 动作=HOLD, 逻辑=VALID
[11:09:46] [AI] sh601908(京运通): 动作=HOLD, 逻辑=VALID
[11:09:46] [AI] sh601991(大唐发电): 动作=HOLD, 逻辑=VALID
[11:09:46] [AI] sh600578(京能电力): 动作=HOLD, 逻辑=VALID
[11:09:46] [AI] sz002245(蔚蓝锂芯): 动作=HOLD, 逻辑=VALID
[11:09:46] [AI] sh601600(中国铝业): 动作=HOLD, 逻辑=VALID
[11:09:46] [AI] 信号处理：2 个有效 (修正 0 个)
[11:09:46] [AI] 原始候选信号: [{'symbol': 'sh600578', 'name': '京能电力', 'score': 80, 'action': 'BUY', 'thesis': '电力板块龙头上海电力涨停，京能电力跟涨趋势良好，换手健康，有望继续补涨。'}, {'symbol': 'sz300626', 'name': '华瑞股份', 'score': 75, 'action': 'BUY', 'thesis': '汽车零部件方向，远东传动涨停带动，华瑞股份形态突破，换手适中，小仓试错。'}]
[11:09:46] [AI] 信号: 京能电力(sh600578) 动作=BUY 评分=80.0
[11:09:46] [风控] sh600578 加仓评分不足(80.0<85)
[11:09:46] [AI] 信号: 华瑞股份(sz300626) 动作=BUY 评分=75.0
[11:09:46] [风控] 拒绝 sz300626: [A级]单只超限：22% > 普通上限15%
[11:09:46] [风控] sz300626 华瑞股份 被拦截:[A级]单只超限：22% > 普通上限15%
[11:09:46] [周期] 执行完毕。生成信号: 2 个
[11:09:47] [周期] 开始执行分析周期...
[11:09:48] [周期] 市场状态: 升温 | 上涨:197 下跌:76 上涨比:71.9% | 涨停:42 跌停:9
[11:10:32] [AI思考] 升温期，创业板为主战场，雷曼光电作为光学龙头领涨，换手适度，未涨停，符合追涨条件，可作为核心标的买入。...
[11:10:32] [AI] 交易分析完成: stage=升温, signals=1
[11:10:32] [AI] 持仓分析: 11 项
[11:10:32] [AI] sh688317(之江生物): 动作=HOLD, 逻辑=VALID
[11:10:32] [AI] sh688352(颀中科技): 动作=HOLD, 逻辑=VALID
[11:10:32] [AI] sz300162(雷曼光电): 动作=HOLD, 逻辑=VALID
[11:10:32] [AI] sh601101(昊华能源): 动作=HOLD, 逻辑=VALID
[11:10:32] [AI] sz300180(华峰超纤): 动作=HOLD, 逻辑=VALID
[11:10:32] [AI] sh601016(节能风电): 动作=HOLD, 逻辑=VALID
[11:10:32] [AI] sh601908(京运通): 动作=HOLD, 逻辑=VALID
[11:10:32] [AI] sh601991(大唐发电): 动作=HOLD, 逻辑=VALID
[11:10:32] [AI] sh600578(京能电力): 动作=HOLD, 逻辑=VALID
[11:10:32] [AI] sz002245(蔚蓝锂芯): 动作=HOLD, 逻辑=VALID
[11:10:32] [AI] sh601600(中国铝业): 动作=HOLD, 逻辑=VALID
[11:10:32] [AI] 信号处理：1 个有效 (修正 0 个)
[11:10:32] [AI] 原始候选信号: [{'symbol': 'sz300162', 'name': '雷曼光电', 'score': 82, 'action': 'BUY', 'thesis': '创业板光学龙头，换手26.5%适度，未涨停，升温期可追涨核心主线'}]
[11:10:32] [AI] 信号: 雷曼光电(sz300162) 动作=BUY 评分=82.0
[11:10:32] [风控] sz300162 加仓评分不足(82.0<85)
[11:10:32] [周期] 执行完毕。生成信号: 1 个
[11:11:17] [周期] 开始执行分析周期...
[11:11:18] [周期] 市场状态: 升温 | 上涨:192 下跌:82 上涨比:70.1% | 涨停:42 跌停:9
[11:12:08] [AI思考] 升温期，创业板主线明确，龙头雷曼光电强势，华峰超纤跟风放量，趋势良好，评分85，可小仓跟进。持仓普遍盈利，继续持有。...
[11:12:08] [AI] 交易分析完成: stage=升温, signals=1
[11:12:08] [AI] 持仓分析: 11 项
[11:12:08] [AI] sh688317(之江生物): 动作=HOLD, 逻辑=VALID
[11:12:08] [AI] sh688352(颀中科技): 动作=HOLD, 逻辑=VALID
[11:12:08] [AI] sz300162(雷曼光电): 动作=HOLD, 逻辑=VALID
[11:12:08] [AI] sh601101(昊华能源): 动作=HOLD, 逻辑=VALID
[11:12:08] [AI] sz300180(华峰超纤): 动作=HOLD, 逻辑=VALID
[11:12:08] [AI] sh601016(节能风电): 动作=HOLD, 逻辑=VALID
[11:12:08] [AI] sh601908(京运通): 动作=HOLD, 逻辑=VALID
[11:12:08] [AI] sh601991(大唐发电): 动作=HOLD, 逻辑=VALID
[11:12:08] [AI] sh600578(京能电力): 动作=HOLD, 逻辑=VALID
[11:12:08] [AI] sz002245(蔚蓝锂芯): 动作=HOLD, 逻辑=VALID
[11:12:08] [AI] sh601600(中国铝业): 动作=HOLD, 逻辑=VALID
[11:12:08] [AI] 信号处理：1 个有效 (修正 0 个)
[11:12:08] [AI] 原始候选信号: [{'symbol': 'sz300180', 'name': '华峰超纤', 'score': 85, 'action': 'BUY', 'thesis': '创业板主线趋势股，雷曼光电带动情绪，华峰超纤跟风放量，换手健康，均线多头，有望继续上行。'}]
[11:12:08] [AI] 信号: 华峰超纤(sz300180) 动作=BUY 评分=85.0
[11:12:08] [加仓] sz300180(华峰超纤) 允许加仓,当前仓位2.6%,评分85.0
[11:12:08] [加仓] 预算调整为原预算的50%: 424
[11:12:08] [交易] 买入 华峰超纤: 100股 @ 5.39
[11:12:08] [周期] 执行完毕。生成信号: 1 个
[11:12:46] [周期] 开始执行分析周期...
[11:12:48] [周期] 市场状态: 升温 | 上涨:192 下跌:82 上涨比:70.1% | 涨停:40 跌停:9
[11:13:34] [AI思考] 市场升温但主线模糊，非龙头候选均涨停或冷却，按兜底机制选券商华安证券，放量上攻，可小仓试错。持仓受T+1锁定，全部持有。...
[11:13:34] [AI] 交易分析完成: stage=升温, signals=1
[11:13:34] [AI] 持仓分析: 11 项
[11:13:34] [AI] sh688317(之江生物): 动作=HOLD, 逻辑=VALID
[11:13:34] [AI] sh688352(颀中科技): 动作=HOLD, 逻辑=VALID
[11:13:34] [AI] sz300162(雷曼光电): 动作=HOLD, 逻辑=VALID
[11:13:34] [AI] sh601101(昊华能源): 动作=HOLD, 逻辑=VALID
[11:13:34] [AI] sz300180(华峰超纤): 动作=HOLD, 逻辑=VALID
[11:13:34] [AI] sh601016(节能风电): 动作=HOLD, 逻辑=VALID
[11:13:34] [AI] sh601908(京运通): 动作=HOLD, 逻辑=VALID
[11:13:34] [AI] sh601991(大唐发电): 动作=HOLD, 逻辑=VALID
[11:13:34] [AI] sh600578(京能电力): 动作=HOLD, 逻辑=VALID
[11:13:34] [AI] sz002245(蔚蓝锂芯): 动作=HOLD, 逻辑=VALID
[11:13:34] [AI] sh601600(中国铝业): 动作=HOLD, 逻辑=VALID
[11:13:34] [AI] 信号处理：1 个有效 (修正 0 个)
[11:13:34] [AI] 原始候选信号: [{'symbol': 'sh600909', 'name': '华安证券', 'score': 70, 'action': 'BUY', 'thesis': '市场升温期券商弹性标的，日内放量上攻，形态健康，可小仓试错。'}]
[11:13:34] [AI] 信号: 华安证券(sh600909) 动作=BUY 评分=70.0
[11:13:34] [风控] 拒绝 sh600909: [A级]仓位已满：当前71% >= 市场升温最大70%
[11:13:34] [风控] sh600909 华安证券 被拦截:[A级]仓位已满：当前71% >= 市场升温最大70%
[11:13:34] [周期] 执行完毕。生成信号: 1 个
[11:14:15] [周期] 开始执行分析周期...
[11:14:17] [周期] 市场状态: 升温 | 上涨:193 下跌:81 上涨比:70.4% | 涨停:40 跌停:10
[11:14:57] [AI思考] 市场升温，持仓全部冻结只能持有。候选池中创业板、电力等主线标的均已涨停或持仓，仅紫金矿业属于资源方向且未涨停，量价合理，作为补涨试错。...
[11:14:57] [AI] 交易分析完成: stage=升温, signals=1
[11:14:57] [AI] 持仓分析: 11 项
[11:14:57] [AI] sh688317(之江生物): 动作=HOLD, 逻辑=VALID
[11:14:57] [AI] sh688352(颀中科技): 动作=HOLD, 逻辑=VALID
[11:14:57] [AI] sz300162(雷曼光电): 动作=HOLD, 逻辑=VALID
[11:14:57] [AI] sh601101(昊华能源): 动作=HOLD, 逻辑=VALID
[11:14:57] [AI] sz300180(华峰超纤): 动作=HOLD, 逻辑=VALID
[11:14:57] [AI] sh601016(节能风电): 动作=HOLD, 逻辑=VALID
[11:14:57] [AI] sh601908(京运通): 动作=HOLD, 逻辑=VALID
[11:14:57] [AI] sh601991(大唐发电): 动作=HOLD, 逻辑=VALID
[11:14:57] [AI] sh600578(京能电力): 动作=HOLD, 逻辑=VALID
[11:14:57] [AI] sz002245(蔚蓝锂芯): 动作=HOLD, 逻辑=VALID
[11:14:57] [AI] sh601600(中国铝业): 动作=HOLD, 逻辑=VALID
[11:14:57] [AI] 信号处理：1 个有效 (修正 0 个)
[11:14:57] [AI] 原始候选信号: [{'symbol': 'sh601899', 'name': '紫金矿业', 'score': 70, 'action': 'BUY', 'thesis': '资源股趋势跟随，紫金矿业作为龙头中军，量价健康，小仓试错。'}]
[11:14:57] [AI] 信号: 紫金矿业(sh601899) 动作=BUY 评分=70.0
[11:14:57] [风控] 拒绝 sh601899: [A级]仓位已满：当前71% >= 市场升温最大70%
[11:14:57] [风控] sh601899 紫金矿业 被拦截:[A级]仓位已满：当前71% >= 市场升温最大70%
[11:14:57] [周期] 执行完毕。生成信号: 1 个
[11:15:44] [周期] 开始执行分析周期...
[11:15:46] [周期] 市场状态: 升温 | 上涨:190 下跌:83 上涨比:69.3% | 涨停:39 跌停:11
[11:16:53] [AI思考] 市场升温，创业板领涨明显，雷曼光电作为换手龙头，主线清晰，可在当前价位加仓；持仓股均T+1锁定，无法卖出，继续持有。...
[11:16:53] [AI] 交易分析完成: stage=升温, signals=1
[11:16:53] [AI] 持仓分析: 11 项
[11:16:53] [AI] sh688317(之江生物): 动作=HOLD, 逻辑=VALID
[11:16:53] [AI] sh688352(颀中科技): 动作=HOLD, 逻辑=VALID
[11:16:53] [AI] sz300162(雷曼光电): 动作=HOLD, 逻辑=VALID
[11:16:53] [AI] sh601101(昊华能源): 动作=HOLD, 逻辑=VALID
[11:16:53] [AI] sz300180(华峰超纤): 动作=HOLD, 逻辑=VALID
[11:16:53] [AI] sh601016(节能风电): 动作=HOLD, 逻辑=VALID
[11:16:53] [AI] sh601908(京运通): 动作=HOLD, 逻辑=VALID
[11:16:53] [AI] sh601991(大唐发电): 动作=HOLD, 逻辑=VALID
[11:16:53] [AI] sh600578(京能电力): 动作=HOLD, 逻辑=VALID
[11:16:53] [AI] sz002245(蔚蓝锂芯): 动作=HOLD, 逻辑=VALID
[11:16:53] [AI] sh601600(中国铝业): 动作=HOLD, 逻辑=VALID
[11:16:53] [AI] 信号处理：1 个有效 (修正 0 个)
[11:16:53] [AI] 原始候选信号: [{'symbol': 'sz300162', 'name': '雷曼光电', 'score': 85, 'action': 'BUY', 'thesis': '创业板领涨龙头，换手率26.7%交投活跃，趋势延续，回踩5日线可加仓'}]
[11:16:53] [AI] 信号: 雷曼光电(sz300162) 动作=BUY 评分=85.0
[11:16:53] [加仓] sz300162(雷曼光电) 允许加仓,当前仓位5.8%,评分85.0
[11:16:53] [加仓] 预算调整为原预算的50%: 389
[11:16:53] [风控] 拒绝 sz300162: [A级]仓位已满：当前71% >= 市场升温最大70%
[11:16:53] [风控] sz300162 雷曼光电 被拦截:[A级]仓位已满：当前71% >= 市场升温最大70%
[11:16:53] [周期] 执行完毕。生成信号: 1 个
[11:17:14] [周期] 开始执行分析周期...
[11:17:15] [周期] 市场状态: 升温 | 上涨:195 下跌:79 上涨比:71.2% | 涨停:40 跌停:8
[11:18:14] [AI思考] 市场升温，涨停40家，上涨比71%，主线在环保、MicroLED、电力。持仓股走势正常，持有。候选池中电力、LED龙头涨停或持仓，只能选非主线金融平安银行作低仓试错。...
[11:18:14] [AI] 交易分析完成: stage=升温, signals=1
[11:18:14] [AI] 持仓分析: 11 项
[11:18:14] [AI] sh688317(之江生物): 动作=HOLD, 逻辑=VALID
[11:18:14] [AI] sh688352(颀中科技): 动作=HOLD, 逻辑=VALID
[11:18:14] [AI] sz300162(雷曼光电): 动作=HOLD, 逻辑=VALID
[11:18:14] [AI] sh601101(昊华能源): 动作=HOLD, 逻辑=VALID
[11:18:14] [AI] sz300180(华峰超纤): 动作=HOLD, 逻辑=VALID
[11:18:14] [AI] sh601016(节能风电): 动作=HOLD, 逻辑=VALID
[11:18:14] [AI] sh601908(京运通): 动作=HOLD, 逻辑=VALID
[11:18:14] [AI] sh601991(大唐发电): 动作=HOLD, 逻辑=VALID
[11:18:14] [AI] sh600578(京能电力): 动作=HOLD, 逻辑=VALID
[11:18:14] [AI] sz002245(蔚蓝锂芯): 动作=HOLD, 逻辑=VALID
[11:18:14] [AI] sh601600(中国铝业): 动作=HOLD, 逻辑=VALID
[11:18:14] [AI] 信号处理：1 个有效 (修正 0 个)
[11:18:14] [AI] 原始候选信号: [{'symbol': 'sz000001', 'name': '平安银行', 'score': 65, 'action': 'BUY', 'thesis': '市场升温但主线标的均已涨停或持仓，金融板块滞涨，待补涨，小仓试错'}]
[11:18:14] [AI] 信号: 平安银行(sz000001) 动作=BUY 评分=65.0
[11:18:14] [风控] 拒绝 sz000001: [A级]仓位已满：当前71% >= 市场升温最大70%
[11:18:14] [风控] sz000001 平安银行 被拦截:[A级]仓位已满：当前71% >= 市场升温最大70%
[11:18:14] [周期] 执行完毕。生成信号: 1 个
[11:18:44] [周期] 开始执行分析周期...
[11:18:45] [周期] 市场状态: 升温 | 上涨:194 下跌:80 上涨比:70.8% | 涨停:41 跌停:9
[11:19:48] [AI思考] 市场升温，主线为科创与电力。复洁科技涨停引领，颀中科技放量跟涨趋势佳，评分80。但仓位已超70%上限，实际买入会触发风控，仅作候选推荐。...
[11:19:48] [AI] 交易分析完成: stage=升温, signals=1
[11:19:48] [AI] 持仓分析: 11 项
[11:19:48] [AI] sh688317(之江生物): 动作=HOLD, 逻辑=VALID
[11:19:48] [AI] sh688352(颀中科技): 动作=HOLD, 逻辑=VALID
[11:19:48] [AI] sz300162(雷曼光电): 动作=HOLD, 逻辑=VALID
[11:19:48] [AI] sh601101(昊华能源): 动作=HOLD, 逻辑=VALID
[11:19:48] [AI] sz300180(华峰超纤): 动作=HOLD, 逻辑=VALID
[11:19:48] [AI] sh601016(节能风电): 动作=HOLD, 逻辑=VALID
[11:19:48] [AI] sh601908(京运通): 动作=HOLD, 逻辑=VALID
[11:19:48] [AI] sh601991(大唐发电): 动作=HOLD, 逻辑=VALID
[11:19:48] [AI] sh600578(京能电力): 动作=HOLD, 逻辑=VALID
[11:19:48] [AI] sz002245(蔚蓝锂芯): 动作=HOLD, 逻辑=VALID
[11:19:48] [AI] sh601600(中国铝业): 动作=HOLD, 逻辑=VALID
[11:19:48] [AI] 信号处理：1 个有效 (修正 0 个)
[11:19:48] [AI] 原始候选信号: [{'symbol': 'sh688352', 'name': '颀中科技', 'score': 80, 'action': 'BUY', 'thesis': '科创板方向，复洁科技涨停引领，颀中科技放量换手16%趋势良好，有望延续强势，但仓位已满仅作推荐。'}]
[11:19:48] [AI] 信号: 颀中科技(sh688352) 动作=BUY 评分=80.0
[11:19:48] [风控] sh688352 加仓评分不足(80.0<85)
[11:19:48] [周期] 执行完毕。生成信号: 1 个
[11:20:13] [周期] 开始执行分析周期...
[11:20:14] [周期] 市场状态: 升温 | 上涨:197 下跌:76 上涨比:71.9% | 涨停:40 跌停:8
[11:21:17] [AI思考] 市场升温，电力主线明确，上海电力涨停带动板块；京能电力放量上涨，量价健康，可作为补涨试错目标。仓位虽满，但策略要求必须推荐。...
[11:21:17] [AI] 交易分析完成: stage=升温, signals=1
[11:21:17] [AI] 持仓分析: 11 项
[11:21:17] [AI] sh688317(之江生物): 动作=HOLD, 逻辑=VALID
[11:21:17] [AI] sh688352(颀中科技): 动作=HOLD, 逻辑=VALID
[11:21:17] [AI] sz300162(雷曼光电): 动作=HOLD, 逻辑=VALID
[11:21:17] [AI] sh601101(昊华能源): 动作=HOLD, 逻辑=VALID
[11:21:17] [AI] sz300180(华峰超纤): 动作=HOLD, 逻辑=VALID
[11:21:17] [AI] sh601016(节能风电): 动作=HOLD, 逻辑=VALID
[11:21:17] [AI] sh601908(京运通): 动作=HOLD, 逻辑=VALID
[11:21:17] [AI] sh601991(大唐发电): 动作=HOLD, 逻辑=VALID
[11:21:17] [AI] sh600578(京能电力): 动作=HOLD, 逻辑=VALID
[11:21:17] [AI] sz002245(蔚蓝锂芯): 动作=HOLD, 逻辑=VALID
[11:21:17] [AI] sh601600(中国铝业): 动作=HOLD, 逻辑=VALID
[11:21:17] [AI] 信号处理：1 个有效 (修正 0 个)
[11:21:17] [AI] 原始候选信号: [{'symbol': 'sh600578', 'name': '京能电力', 'score': 75, 'action': 'BUY', 'thesis': '电力主线补涨，放量上涨，换手5.2%，跟随龙头上海电力，可小仓试错'}]
[11:21:17] [AI] 信号: 京能电力(sh600578) 动作=BUY 评分=75.0
[11:21:17] [风控] sh600578 加仓评分不足(75.0<85)
[11:21:17] [周期] 执行完毕。生成信号: 1 个
[11:21:43] [周期] 开始执行分析周期...
[11:21:44] [周期] 市场状态: 升温 | 上涨:197 下跌:77 上涨比:71.9% | 涨停:40 跌停:6
[11:22:46] [AI思考] 仓位71.2%略超上限，无强势非涨停标的，唯一可选工商银行作为补涨试错，评分65。...
[11:22:46] [AI] 交易分析完成: stage=升温, signals=1
[11:22:46] [AI] 持仓分析: 11 项
[11:22:46] [AI] sh688317(之江生物): 动作=HOLD, 逻辑=VALID
[11:22:46] [AI] sh688352(颀中科技): 动作=HOLD, 逻辑=VALID
[11:22:46] [AI] sz300162(雷曼光电): 动作=HOLD, 逻辑=VALID
[11:22:46] [AI] sh601101(昊华能源): 动作=HOLD, 逻辑=VALID
[11:22:46] [AI] sz300180(华峰超纤): 动作=HOLD, 逻辑=VALID
[11:22:46] [AI] sh601016(节能风电): 动作=HOLD, 逻辑=VALID
[11:22:46] [AI] sh601908(京运通): 动作=HOLD, 逻辑=VALID
[11:22:46] [AI] sh601991(大唐发电): 动作=HOLD, 逻辑=VALID
[11:22:46] [AI] sh600578(京能电力): 动作=HOLD, 逻辑=VALID
[11:22:46] [AI] sz002245(蔚蓝锂芯): 动作=HOLD, 逻辑=VALID
[11:22:46] [AI] sh601600(中国铝业): 动作=HOLD, 逻辑=VALID
[11:22:46] [AI] 信号处理：1 个有效 (修正 0 个)
[11:22:46] [AI] 原始候选信号: [{'symbol': 'sh601398', 'name': '工商银行', 'score': 65, 'action': 'BUY', 'thesis': '金融权重补涨，低估值防御，小仓试错'}]
[11:22:46] [AI] 信号: 工商银行(sh601398) 动作=BUY 评分=65.0
[11:22:46] [风控] 拒绝 sh601398: [A级]仓位已满：当前71% >= 市场升温最大70%
[11:22:46] [风控] sh601398 工商银行 被拦截:[A级]仓位已满：当前71% >= 市场升温最大70%
[11:22:46] [周期] 执行完毕。生成信号: 1 个
[11:23:12] [周期] 开始执行分析周期...
[11:23:13] [周期] 市场状态: 升温 | 上涨:198 下跌:76 上涨比:72.3% | 涨停:40 跌停:7
[11:24:38] [AI思考] 市场升温，主线在创业板、资源、电力。持仓多为盈利状态，持有。蔚蓝锂芯作为资源领涨，未涨停可加仓。...
[11:24:38] [AI] 交易分析完成: stage=升温, signals=1
[11:24:38] [AI] 持仓分析: 11 项
[11:24:38] [AI] sh688317(之江生物): 动作=HOLD, 逻辑=VALID
[11:24:38] [AI] sh688352(颀中科技): 动作=HOLD, 逻辑=VALID
[11:24:38] [AI] sz300162(雷曼光电): 动作=HOLD, 逻辑=VALID
[11:24:38] [AI] sh601101(昊华能源): 动作=HOLD, 逻辑=VALID
[11:24:38] [AI] sz300180(华峰超纤): 动作=HOLD, 逻辑=VALID
[11:24:38] [AI] sh601016(节能风电): 动作=HOLD, 逻辑=VALID
[11:24:38] [AI] sh601908(京运通): 动作=HOLD, 逻辑=VALID
[11:24:38] [AI] sh601991(大唐发电): 动作=HOLD, 逻辑=VALID
[11:24:38] [AI] sh600578(京能电力): 动作=HOLD, 逻辑=VALID
[11:24:38] [AI] sz002245(蔚蓝锂芯): 动作=HOLD, 逻辑=VALID
[11:24:38] [AI] sh601600(中国铝业): 动作=HOLD, 逻辑=VALID
[11:24:38] [AI] 信号处理：1 个有效 (修正 0 个)
[11:24:38] [AI] 原始候选信号: [{'symbol': 'sz002245', 'name': '蔚蓝锂芯', 'score': 80, 'action': 'BUY', 'thesis': '资源主线领涨，放量+7%未涨停，换手活跃，有望继续走趋势'}]
[11:24:38] [AI] 信号: 蔚蓝锂芯(sz002245) 动作=BUY 评分=80.0
[11:24:38] [风控] sz002245 加仓评分不足(80.0<85)
[11:24:38] [周期] 执行完毕。生成信号: 1 个
[11:24:42] [周期] 开始执行分析周期...
[11:24:44] [周期] 市场状态: 升温 | 上涨:199 下跌:74 上涨比:72.6% | 涨停:41 跌停:9
[11:25:35] [AI思考] 市场升温，电力与创业板主线清晰，龙头强势。仓位71%已满，多数标的涨停或冷却。华峰超纤未涨停且与龙头雷曼光电同向，可作为趋势持续标的。...
[11:25:35] [AI] 交易分析完成: stage=升温, signals=1
[11:25:35] [AI] 持仓分析: 11 项
[11:25:35] [AI] sh688317(之江生物): 动作=HOLD, 逻辑=VALID
[11:25:35] [AI] sh688352(颀中科技): 动作=HOLD, 逻辑=VALID
[11:25:35] [AI] sz300162(雷曼光电): 动作=HOLD, 逻辑=VALID
[11:25:35] [AI] sh601101(昊华能源): 动作=HOLD, 逻辑=VALID
[11:25:35] [AI] sz300180(华峰超纤): 动作=HOLD, 逻辑=VALID
[11:25:35] [AI] sh601016(节能风电): 动作=HOLD, 逻辑=VALID
[11:25:35] [AI] sh601908(京运通): 动作=HOLD, 逻辑=VALID
[11:25:35] [AI] sh601991(大唐发电): 动作=HOLD, 逻辑=VALID
[11:25:35] [AI] sh600578(京能电力): 动作=HOLD, 逻辑=VALID
[11:25:35] [AI] sz002245(蔚蓝锂芯): 动作=HOLD, 逻辑=VALID
[11:25:35] [AI] sh601600(中国铝业): 动作=HOLD, 逻辑=VALID
[11:25:35] [AI] 信号处理：1 个有效 (修正 0 个)
[11:25:35] [AI] 原始候选信号: [{'symbol': 'sz300180', 'name': '华峰超纤', 'score': 80, 'action': 'BUY', 'thesis': '创板跟风龙头雷曼光电，放量上涨未涨停，趋势延续。'}]
[11:25:35] [AI] 信号: 华峰超纤(sz300180) 动作=BUY 评分=80.0
[11:25:35] [风控] sz300180 加仓评分不足(80.0<85)
[11:25:35] [周期] 执行完毕。生成信号: 1 个
[11:26:11] [周期] 开始执行分析周期...
[11:26:12] [周期] 市场状态: 升温 | 上涨:196 下跌:78 上涨比:71.5% | 涨停:39 跌停:9
[11:27:02] [AI思考] 市场升温，涨停39只，主线不明。科创板复洁科技20%涨停成龙头，新相微涨9.7%未涨停且属同板块，有补涨潜力，可小仓试错。...
[11:27:02] [AI] 交易分析完成: stage=升温, signals=1
[11:27:02] [AI] 持仓分析: 11 项
[11:27:02] [AI] sh688317(之江生物): 动作=HOLD, 逻辑=VALID
[11:27:02] [AI] sh688352(颀中科技): 动作=HOLD, 逻辑=VALID
[11:27:02] [AI] sz300162(雷曼光电): 动作=HOLD, 逻辑=VALID
[11:27:02] [AI] sh601101(昊华能源): 动作=HOLD, 逻辑=VALID
[11:27:02] [AI] sz300180(华峰超纤): 动作=HOLD, 逻辑=VALID
[11:27:02] [AI] sh601016(节能风电): 动作=HOLD, 逻辑=VALID
[11:27:02] [AI] sh601908(京运通): 动作=HOLD, 逻辑=VALID
[11:27:02] [AI] sh601991(大唐发电): 动作=HOLD, 逻辑=VALID
[11:27:02] [AI] sh600578(京能电力): 动作=HOLD, 逻辑=VALID
[11:27:02] [AI] sz002245(蔚蓝锂芯): 动作=HOLD, 逻辑=VALID
[11:27:02] [AI] sh601600(中国铝业): 动作=HOLD, 逻辑=VALID
[11:27:02] [AI] 信号处理：1 个有效 (修正 0 个)
[11:27:02] [AI] 原始候选信号: [{'symbol': 'sh688593', 'name': '新相微', 'score': 75, 'action': 'BUY', 'thesis': '科创板龙头复洁科技涨停，板块情绪强，新相微涨幅9.7%未涨停，有望轮动补涨'}]
[11:27:02] [AI] 信号: 新相微(sh688593) 动作=BUY 评分=75.0
[11:27:02] [风控] 拒绝 sh688593: [A级]仓位已满：当前71% >= 市场升温最大70%
[11:27:02] [风控] sh688593 新相微 被拦截:[A级]仓位已满：当前71% >= 市场升温最大70%
[11:27:02] [周期] 执行完毕。生成信号: 1 个
[11:27:41] [周期] 开始执行分析周期...
[11:27:42] [周期] 市场状态: 升温 | 上涨:196 下跌:78 上涨比:71.5% | 涨停:39 跌停:8
[11:28:51] [AI思考] 市场升温，仓位71%已超上限，应谨慎。多条主线并行，电力、创业板领涨。候选池中多数涨停或已持仓，唯一可操作华瑞股份，虽非龙头但补涨活跃，少量试错。持仓全部冻结，持有。...
[11:28:51] [AI] 交易分析完成: stage=升温, signals=1
[11:28:51] [AI] 持仓分析: 11 项
[11:28:51] [AI] sh688317(之江生物): 动作=HOLD, 逻辑=VALID
[11:28:51] [AI] sh688352(颀中科技): 动作=HOLD, 逻辑=VALID
[11:28:51] [AI] sz300162(雷曼光电): 动作=HOLD, 逻辑=VALID
[11:28:51] [AI] sh601101(昊华能源): 动作=HOLD, 逻辑=VALID
[11:28:51] [AI] sz300180(华峰超纤): 动作=HOLD, 逻辑=VALID
[11:28:51] [AI] sh601016(节能风电): 动作=HOLD, 逻辑=VALID
[11:28:51] [AI] sh601908(京运通): 动作=HOLD, 逻辑=VALID
[11:28:51] [AI] sh601991(大唐发电): 动作=HOLD, 逻辑=VALID
[11:28:51] [AI] sh600578(京能电力): 动作=HOLD, 逻辑=VALID
[11:28:51] [AI] sz002245(蔚蓝锂芯): 动作=HOLD, 逻辑=VALID
[11:28:51] [AI] sh601600(中国铝业): 动作=HOLD, 逻辑=VALID
[11:28:51] [AI] 信号处理：1 个有效 (修正 0 个)
[11:28:51] [AI] 原始候选信号: [{'symbol': 'sz300626', 'name': '华瑞股份', 'score': 70, 'action': 'BUY', 'thesis': '创业板补涨活跃，换手13.6%量价健康，小仓试错。'}]
[11:28:51] [AI] 信号: 华瑞股份(sz300626) 动作=BUY 评分=70.0
[11:28:51] [风控] 拒绝 sz300626: [A级]仓位已满：当前71% >= 市场升温最大70%
[11:28:51] [风控] sz300626 华瑞股份 被拦截:[A级]仓位已满：当前71% >= 市场升温最大70%
[11:28:51] [周期] 执行完毕。生成信号: 1 个
[11:29:10] [周期] 开始执行分析周期...
[11:29:11] [周期] 市场状态: 升温 | 上涨:194 下跌:79 上涨比:70.8% | 涨停:41 跌停:7
[11:30:04] [AI思考] 仓位71%超升温期上限70%，暂停开仓。持仓全部T+1锁定持有，趋势未破。...
[11:30:04] [AI调试] candidates为空 | stage=升温 | 第二层候选池=有 | max_price=51.0元 | cash=5894
[11:30:04] [AI调试] AI内部逻辑: 仓位71%超升温期上限70%，暂停开仓。持仓全部T+1锁定持有，趋势未破。
[11:30:04] [AI] 交易分析完成: stage=升温, signals=0
[11:30:04] [AI] 持仓分析: 11 项
[11:30:04] [AI] sh688317(之江生物): 动作=HOLD, 逻辑=VALID
[11:30:04] [AI] sh688352(颀中科技): 动作=HOLD, 逻辑=VALID
[11:30:04] [AI] sz300162(雷曼光电): 动作=HOLD, 逻辑=VALID
[11:30:04] [AI] sh601101(昊华能源): 动作=HOLD, 逻辑=VALID
[11:30:04] [AI] sz300180(华峰超纤): 动作=HOLD, 逻辑=VALID
[11:30:04] [AI] sh601016(节能风电): 动作=HOLD, 逻辑=VALID
[11:30:04] [AI] sh601908(京运通): 动作=HOLD, 逻辑=VALID
[11:30:04] [AI] sh601991(大唐发电): 动作=HOLD, 逻辑=VALID
[11:30:04] [AI] sh600578(京能电力): 动作=HOLD, 逻辑=VALID
[11:30:04] [AI] sz002245(蔚蓝锂芯): 动作=HOLD, 逻辑=VALID
[11:30:04] [AI] sh601600(中国铝业): 动作=HOLD, 逻辑=VALID
[11:30:04] [AI] 信号处理：0 个有效 (修正 0 个)
[11:30:04] [AI] 原始候选信号: []
[11:30:04] [周期] 执行完毕。生成信号: 0 个
[11:30:40] [周期] 开始执行分析周期...
[11:30:41] [周期] 市场状态: 升温 | 上涨:196 下跌:78 上涨比:71.5% | 涨停:40 跌停:6
[11:31:33] [AI思考] 午间休市，市场升温，创业板与电力板块强势。持仓股全线冻结，仓位71%偏重。观察龙头雷曼光电、上海电力带动板块情绪，无卖出信号。候选关注电力跟风京能电力，未涨停且预算内。...
[11:31:33] [AI] 交易分析完成: stage=升温, signals=1
[11:31:33] [AI] 持仓分析: 11 项
[11:31:33] [AI] sh688317(之江生物): 动作=HOLD, 逻辑=VALID
[11:31:33] [AI] sh688352(颀中科技): 动作=HOLD, 逻辑=VALID
[11:31:33] [AI] sz300162(雷曼光电): 动作=HOLD, 逻辑=VALID
[11:31:33] [AI] sh601101(昊华能源): 动作=HOLD, 逻辑=VALID
[11:31:33] [AI] sz300180(华峰超纤): 动作=HOLD, 逻辑=VALID
[11:31:33] [AI] sh601016(节能风电): 动作=HOLD, 逻辑=VALID
[11:31:33] [AI] sh601908(京运通): 动作=HOLD, 逻辑=VALID
[11:31:33] [AI] sh601991(大唐发电): 动作=HOLD, 逻辑=VALID
[11:31:33] [AI] sh600578(京能电力): 动作=HOLD, 逻辑=VALID
[11:31:33] [AI] sz002245(蔚蓝锂芯): 动作=HOLD, 逻辑=VALID
[11:31:33] [AI] sh601600(中国铝业): 动作=HOLD, 逻辑=VALID
[11:31:33] [AI] 信号处理：1 个有效 (修正 0 个)
[11:31:33] [AI] 原始候选信号: [{'symbol': 'sh600578', 'name': '京能电力', 'score': 78, 'action': 'BUY', 'thesis': '电力板块主线明确，上海电力涨停打开空间，京能电力跟风放量，午后若维持强度可布局'}]
[11:31:33] [AI] 信号: 京能电力(sh600578) 动作=BUY 评分=78.0
[11:31:33] [风控] sh600578 加仓评分不足(78.0<85)
[11:31:33] [周期] 执行完毕。生成信号: 1 个
[11:32:09] [交易 AI] 正在休市,等待开盘自动运行...
[11:35:06] [研究 AI] 触发节点 [上午盘后复盘],开始调用进行工作...
[11:35:49] [研究 AI] [上午盘后复盘] 工作完成。提示: 市场情绪冰点，降低总仓位，聚焦电力龙头持续性，不及预期则果断了结跟风仓
[11:35:49] [研究 AI] 今日复盘日记已成功写入数据库。
[11:35:49] [经验层] 自动登记禁忌模式:弱势市场追高板块跟风股
[11:51:35] [系统] 正在启动双线程分析架构...
[11:51:35] [交易 AI] 线程已启动,间隔 90 秒 (优先级:高)。
[11:51:35] [研究 AI] 独立后台已启动,正在后台运行中... (等待触发节点)
[11:51:35] [系统] 双线程分析循环已启动 (交易 + 研究)。
[11:51:35] [交易 AI] 正在休市,等待开盘自动运行...
[11:51:35] [研究 AI] 触发节点 [上午盘后复盘],开始调用进行工作...
[11:52:07] [研究 AI] [上午盘后复盘] 工作完成。提示: 聚焦电力主线，去弱留强，严控非核心试错仓位
[11:52:07] [研究 AI] 今日复盘日记已成功写入数据库。
[11:52:07] [经验层] 自动登记禁忌模式:非主线盲目试错
[11:52:07] [经验层] 自动登记禁忌模式:持仓过度分散
[12:30:07] [研究 AI] 触发节点 [下午盘前策略],开始调用进行工作...
[12:30:27] [研究 AI] [下午盘前策略] 工作完成。提示: 控制仓位，聚焦电力、资源主线中强势股，去弱留强。
[12:30:27] [研究 AI] 今日复盘日记已成功写入数据库。
[12:30:27] [经验层] 自动登记禁忌模式:弱势市场分散试错
[13:00:36] [周期] 开始执行分析周期...
[13:00:42] [周期] 市场状态: 震荡偏多 | 上涨:13 下跌:10 上涨比:56.5% | 涨停:2 跌停:0
[13:01:16] [系统] 分析循环已停止。
[13:01:21] [AI思考] 市场震荡偏多，创业板与面板领涨。持仓全线盈利或持平，无卖出信号。京东方A为今日领涨龙头，趋势强劲，可加仓。...
[13:01:21] [AI] 交易分析完成: stage=震荡偏多, signals=1
[13:01:21] [AI] 持仓分析: 11 项
[13:01:21] [AI] sh688317(之江生物): 动作=HOLD, 逻辑=VALID
[13:01:21] [AI] sh688352(颀中科技): 动作=HOLD, 逻辑=VALID
[13:01:21] [AI] sz300162(雷曼光电): 动作=HOLD, 逻辑=VALID
[13:01:21] [AI] sh601101(昊华能源): 动作=HOLD, 逻辑=VALID
[13:01:21] [AI] sz300180(华峰超纤): 动作=HOLD, 逻辑=VALID
[13:01:21] [AI] sh601016(节能风电): 动作=HOLD, 逻辑=VALID
[13:01:21] [AI] sh601908(京运通): 动作=HOLD, 逻辑=VALID
[13:01:21] [AI] sh601991(大唐发电): 动作=HOLD, 逻辑=VALID
[13:01:21] [AI] sh600578(京能电力): 动作=HOLD, 逻辑=VALID
[13:01:21] [AI] sz002245(蔚蓝锂芯): 动作=HOLD, 逻辑=VALID
[13:01:21] [AI] sh601600(中国铝业): 动作=HOLD, 逻辑=VALID
[13:01:21] [拦截] AI 幻觉：代码 sz000725 (京东方Ａ) 与名称 '京东方A' 均无法对应 -> 丢弃
[13:01:21] [AI] 信号处理：0 个有效 (修正 1 个)
[13:01:21] [AI] 原始候选信号: []
[13:01:21] [周期] 执行完毕。生成信号: 0 个
[13:11:32] [系统] 正在启动双线程分析架构...
[13:11:32] [交易 AI] 线程已启动,间隔 90 秒 (优先级:高)。
[13:11:32] [研究 AI] 独立后台已启动,正在后台运行中... (等待触发节点)
[13:11:32] [系统] 双线程分析循环已启动 (交易 + 研究)。
[13:11:32] [周期] 开始执行分析周期...
[13:11:33] [周期] 市场状态: 震荡偏多 | 上涨:141 下跌:74 上涨比:65.6% | 涨停:13 跌停:7
[13:12:38] [AI思考] 市场震荡偏多，科技主线强势但光电子龙头涨停买不到，退而选锂电蔚蓝锂芯，放量换手12.5%，小仓试错博弈轮动。...
[13:12:38] [AI] 交易分析完成: stage=震荡偏多, signals=1
[13:12:38] [AI] 持仓分析: 11 项
[13:12:38] [AI] sh688317(之江生物): 动作=HOLD, 逻辑=VALID
[13:12:38] [AI] sh688352(颀中科技): 动作=HOLD, 逻辑=VALID
[13:12:38] [AI] sz300162(雷曼光电): 动作=HOLD, 逻辑=VALID
[13:12:38] [AI] sh601101(昊华能源): 动作=HOLD, 逻辑=VALID
[13:12:38] [AI] sz300180(华峰超纤): 动作=HOLD, 逻辑=VALID
[13:12:38] [AI] sh601016(节能风电): 动作=HOLD, 逻辑=VALID
[13:12:38] [AI] sh601908(京运通): 动作=HOLD, 逻辑=VALID
[13:12:38] [AI] sh601991(大唐发电): 动作=HOLD, 逻辑=VALID
[13:12:38] [AI] sh600578(京能电力): 动作=HOLD, 逻辑=VALID
[13:12:38] [AI] sz002245(蔚蓝锂芯): 动作=HOLD, 逻辑=VALID
[13:12:38] [AI] sh601600(中国铝业): 动作=HOLD, 逻辑=VALID
[13:12:38] [AI] 信号处理：1 个有效 (修正 0 个)
[13:12:38] [AI] 原始候选信号: [{'symbol': 'sz002245', 'name': '蔚蓝锂芯', 'score': 70, 'action': 'BUY', 'thesis': '锂电赛道弹性标的，放量换手12.5%，小仓试错博弈情绪扩散'}]
[13:12:38] [AI] 信号: 蔚蓝锂芯(sz002245) 动作=BUY 评分=70.0
[13:12:38] [风控] sz002245 加仓评分不足(70.0<85)
[13:12:38] [周期] 执行完毕。生成信号: 1 个
[13:13:01] [周期] 开始执行分析周期...
[13:13:02] [周期] 市场状态: 震荡偏多 | 上涨:143 下跌:72 上涨比:66.5% | 涨停:12 跌停:7
[13:14:10] [AI思考] 市场震荡偏多，主线为电子显示，雷曼光电领涨且未涨停，强势核心；持仓冻结，持有待涨。...
[13:14:10] [AI] 交易分析完成: stage=震荡偏多, signals=2
[13:14:10] [AI] 持仓分析: 11 项
[13:14:10] [AI] sh688317(之江生物): 动作=HOLD, 逻辑=VALID
[13:14:10] [AI] sh688352(颀中科技): 动作=HOLD, 逻辑=VALID
[13:14:10] [AI] sz300162(雷曼光电): 动作=HOLD, 逻辑=VALID
[13:14:10] [AI] sh601101(昊华能源): 动作=HOLD, 逻辑=VALID
[13:14:10] [AI] sz300180(华峰超纤): 动作=HOLD, 逻辑=VALID
[13:14:10] [AI] sh601016(节能风电): 动作=HOLD, 逻辑=VALID
[13:14:10] [AI] sh601908(京运通): 动作=HOLD, 逻辑=VALID
[13:14:10] [AI] sh601991(大唐发电): 动作=HOLD, 逻辑=VALID
[13:14:10] [AI] sh600578(京能电力): 动作=HOLD, 逻辑=VALID
[13:14:10] [AI] sz002245(蔚蓝锂芯): 动作=HOLD, 逻辑=VALID
[13:14:10] [AI] sh601600(中国铝业): 动作=HOLD, 逻辑=VALID
[13:14:10] [AI] 信号处理：2 个有效 (修正 0 个)
[13:14:10] [AI] 原始候选信号: [{'symbol': 'sz300162', 'name': '雷曼光电', 'score': 95, 'action': 'BUY', 'thesis': '主线龙头，MicroLED领涨，换手充分，未涨停仍有溢价空间'}, {'symbol': 'sz300180', 'name': '华峰超纤', 'score': 80, 'action': 'BUY', 'thesis': '跟风雷曼，换手率低但涨幅可观，短线趋势'}]
[13:14:10] [AI] 信号: 雷曼光电(sz300162) 动作=BUY 评分=95.0
[13:14:10] [加仓] sz300162(雷曼光电) 允许加仓,当前仓位5.8%,评分95.0
[13:14:10] [加仓] 预算调整为原预算的50%: 907
[13:14:10] [风控] 拒绝 sz300162: [A级]仓位已满：当前71% >= 市场震荡偏多最大70%
[13:14:10] [风控] sz300162 雷曼光电 被拦截:[A级]仓位已满：当前71% >= 市场震荡偏多最大70%
[13:14:10] [AI] 信号: 华峰超纤(sz300180) 动作=BUY 评分=80.0
[13:14:10] [风控] sz300180 加仓评分不足(80.0<85)
[13:14:10] [周期] 执行完毕。生成信号: 2 个
[13:14:30] [周期] 开始执行分析周期...
[13:14:32] [周期] 市场状态: 震荡偏多 | 上涨:142 下跌:72 上涨比:66.0% | 涨停:13 跌停:7
[13:15:25] [AI思考] 市场震荡偏多，资源股主线强劲，但仓位已重，选择未持仓的紫金矿业小仓试错，趋势健康。...
[13:15:25] [AI] 交易分析完成: stage=震荡偏多, signals=1
[13:15:25] [AI] 持仓分析: 11 项
[13:15:25] [AI] sh688317(之江生物): 动作=HOLD, 逻辑=VALID
[13:15:25] [AI] sh688352(颀中科技): 动作=HOLD, 逻辑=VALID
[13:15:25] [AI] sz300162(雷曼光电): 动作=HOLD, 逻辑=VALID
[13:15:25] [AI] sh601101(昊华能源): 动作=HOLD, 逻辑=VALID
[13:15:25] [AI] sz300180(华峰超纤): 动作=HOLD, 逻辑=VALID
[13:15:25] [AI] sh601016(节能风电): 动作=HOLD, 逻辑=VALID
[13:15:25] [AI] sh601908(京运通): 动作=HOLD, 逻辑=VALID
[13:15:25] [AI] sh601991(大唐发电): 动作=HOLD, 逻辑=VALID
[13:15:25] [AI] sh600578(京能电力): 动作=HOLD, 逻辑=VALID
[13:15:25] [AI] sz002245(蔚蓝锂芯): 动作=HOLD, 逻辑=VALID
[13:15:25] [AI] sh601600(中国铝业): 动作=HOLD, 逻辑=VALID
[13:15:25] [AI] 信号处理：1 个有效 (修正 0 个)
[13:15:25] [AI] 原始候选信号: [{'symbol': 'sh601899', 'name': '紫金矿业', 'score': 70, 'action': 'BUY', 'thesis': '资源股主线，紫金矿业趋势稳健，补涨空间，小仓试错'}]
[13:15:25] [AI] 信号: 紫金矿业(sh601899) 动作=BUY 评分=70.0
[13:15:25] [风控] 拒绝 sh601899: [A级]仓位已满：当前71% >= 市场震荡偏多最大70%
[13:15:25] [风控] sh601899 紫金矿业 被拦截:[A级]仓位已满：当前71% >= 市场震荡偏多最大70%
[13:15:25] [周期] 执行完毕。生成信号: 1 个
[13:16:00] [周期] 开始执行分析周期...
[13:16:02] [周期] 市场状态: 震荡偏多 | 上涨:141 下跌:73 上涨比:65.6% | 涨停:13 跌停:7
[13:17:01] [AI思考] 市场震荡偏多，龙头分散，电子主线涨停无法介入。仓位已重，选择医药领涨股之江生物作为小仓试错，其换手温和，趋势延续，风险可控。...
[13:17:01] [AI] 交易分析完成: stage=震荡偏多, signals=1
[13:17:01] [AI] 持仓分析: 11 项
[13:17:01] [AI] sh688317(之江生物): 动作=HOLD, 逻辑=VALID
[13:17:01] [AI] sh688352(颀中科技): 动作=HOLD, 逻辑=VALID
[13:17:01] [AI] sz300162(雷曼光电): 动作=HOLD, 逻辑=VALID
[13:17:01] [AI] sh601101(昊华能源): 动作=HOLD, 逻辑=VALID
[13:17:01] [AI] sz300180(华峰超纤): 动作=HOLD, 逻辑=VALID
[13:17:01] [AI] sh601016(节能风电): 动作=HOLD, 逻辑=VALID
[13:17:01] [AI] sh601908(京运通): 动作=HOLD, 逻辑=VALID
[13:17:01] [AI] sh601991(大唐发电): 动作=HOLD, 逻辑=VALID
[13:17:01] [AI] sh600578(京能电力): 动作=HOLD, 逻辑=VALID
[13:17:01] [AI] sz002245(蔚蓝锂芯): 动作=HOLD, 逻辑=VALID
[13:17:01] [AI] sh601600(中国铝业): 动作=HOLD, 逻辑=VALID
[13:17:01] [AI] 信号处理：1 个有效 (修正 0 个)
[13:17:01] [AI] 原始候选信号: [{'symbol': 'sh688317', 'name': '之江生物', 'score': 75, 'action': 'BUY', 'thesis': '医药轮动领涨，换手5.8%温和，趋势延续，盈利中加仓试错，博弈板块扩散。'}]
[13:17:01] [AI] 信号: 之江生物(sh688317) 动作=BUY 评分=75.0
[13:17:01] [风控] sh688317 加仓评分不足(75.0<85)
[13:17:01] [周期] 执行完毕。生成信号: 1 个
[13:17:30] [周期] 开始执行分析周期...
[13:17:31] [周期] 市场状态: 震荡偏多 | 上涨:140 下跌:75 上涨比:65.1% | 涨停:15 跌停:7
[13:18:25] [AI思考] 市场震荡偏多，光电、资源主线，持仓全锁，候选南山铝业补涨试错。...
[13:18:25] [AI] 交易分析完成: stage=震荡偏多, signals=1
[13:18:25] [AI] 持仓分析: 11 项
[13:18:25] [AI] sh688317(之江生物): 动作=HOLD, 逻辑=VALID
[13:18:25] [AI] sh688352(颀中科技): 动作=HOLD, 逻辑=VALID
[13:18:25] [AI] sz300162(雷曼光电): 动作=HOLD, 逻辑=VALID
[13:18:25] [AI] sh601101(昊华能源): 动作=HOLD, 逻辑=VALID
[13:18:25] [AI] sz300180(华峰超纤): 动作=HOLD, 逻辑=VALID
[13:18:25] [AI] sh601016(节能风电): 动作=HOLD, 逻辑=VALID
[13:18:25] [AI] sh601908(京运通): 动作=HOLD, 逻辑=VALID
[13:18:25] [AI] sh601991(大唐发电): 动作=HOLD, 逻辑=VALID
[13:18:25] [AI] sh600578(京能电力): 动作=HOLD, 逻辑=VALID
[13:18:25] [AI] sz002245(蔚蓝锂芯): 动作=HOLD, 逻辑=VALID
[13:18:25] [AI] sh601600(中国铝业): 动作=HOLD, 逻辑=VALID
[13:18:25] [AI] 信号处理：1 个有效 (修正 0 个)
[13:18:25] [AI] 原始候选信号: [{'symbol': 'sh600219', 'name': '南山铝业', 'score': 75, 'action': 'BUY', 'thesis': '资源股主线趋势，铝业板块联动，南山铝业涨幅7.5%换手2.9%量价健康，补涨试错。'}]
[13:18:25] [AI] 信号: 南山铝业(sh600219) 动作=BUY 评分=75.0
[13:18:25] [风控] 拒绝 sh600219: [A级]仓位已满：当前71% >= 市场震荡偏多最大70%
[13:18:25] [风控] sh600219 南山铝业 被拦截:[A级]仓位已满：当前71% >= 市场震荡偏多最大70%
[13:18:25] [周期] 执行完毕。生成信号: 1 个
[13:18:59] [周期] 开始执行分析周期...
[13:19:01] [周期] 市场状态: 震荡偏多 | 上涨:140 下跌:75 上涨比:65.1% | 涨停:16 跌停:9
[13:20:10] [AI思考] 市场震荡偏多，资源与科技主线明确，仓位重但持仓逻辑有效，候选蔚蓝锂芯跟随资源主线，形态良好，建议买入。...
[13:20:10] [AI] 交易分析完成: stage=震荡偏多, signals=1
[13:20:10] [AI] 持仓分析: 11 项
[13:20:10] [AI] sh688317(之江生物): 动作=HOLD, 逻辑=VALID
[13:20:10] [AI] sh688352(颀中科技): 动作=HOLD, 逻辑=VALID
[13:20:10] [AI] sz300162(雷曼光电): 动作=HOLD, 逻辑=VALID
[13:20:10] [AI] sh601101(昊华能源): 动作=HOLD, 逻辑=VALID
[13:20:10] [AI] sz300180(华峰超纤): 动作=HOLD, 逻辑=VALID
[13:20:10] [AI] sh601016(节能风电): 动作=HOLD, 逻辑=VALID
[13:20:10] [AI] sh601908(京运通): 动作=HOLD, 逻辑=VALID
[13:20:10] [AI] sh601991(大唐发电): 动作=HOLD, 逻辑=VALID
[13:20:10] [AI] sh600578(京能电力): 动作=HOLD, 逻辑=VALID
[13:20:10] [AI] sz002245(蔚蓝锂芯): 动作=HOLD, 逻辑=VALID
[13:20:10] [AI] sh601600(中国铝业): 动作=HOLD, 逻辑=VALID
[13:20:10] [AI] 信号处理：1 个有效 (修正 0 个)
[13:20:10] [AI] 原始候选信号: [{'symbol': 'sz002245', 'name': '蔚蓝锂芯', 'score': 80, 'action': 'BUY', 'thesis': '资源主线扩散，锂电跟随铝业走强，换手活跃，趋势突破。'}]
[13:20:10] [AI] 信号: 蔚蓝锂芯(sz002245) 动作=BUY 评分=80.0
[13:20:10] [风控] sz002245 加仓评分不足(80.0<85)
[13:20:10] [周期] 执行完毕。生成信号: 1 个
[13:20:29] [周期] 开始执行分析周期...
[13:20:30] [周期] 市场状态: 震荡偏多 | 上涨:141 下跌:74 上涨比:65.6% | 涨停:15 跌停:9
[13:21:16] [AI思考] 市场震荡偏多，资源股主线强劲。中国铝业涨停打开空间，天山铝业跟随放量，可作补涨试错。仓位重，谨慎参与。...
[13:21:16] [AI] 交易分析完成: stage=升温期, signals=1
[13:21:16] [AI] 持仓分析: 11 项
[13:21:16] [AI] sh688317(之江生物): 动作=HOLD, 逻辑=VALID
[13:21:16] [AI] sh688352(颀中科技): 动作=HOLD, 逻辑=VALID
[13:21:16] [AI] sz300162(雷曼光电): 动作=HOLD, 逻辑=VALID
[13:21:16] [AI] sh601101(昊华能源): 动作=HOLD, 逻辑=VALID
[13:21:16] [AI] sz300180(华峰超纤): 动作=HOLD, 逻辑=VALID
[13:21:16] [AI] sh601016(节能风电): 动作=HOLD, 逻辑=VALID
[13:21:16] [AI] sh601908(京运通): 动作=HOLD, 逻辑=VALID
[13:21:16] [AI] sh601991(大唐发电): 动作=HOLD, 逻辑=VALID
[13:21:16] [AI] sh600578(京能电力): 动作=HOLD, 逻辑=VALID
[13:21:16] [AI] sz002245(蔚蓝锂芯): 动作=HOLD, 逻辑=VALID
[13:21:16] [AI] sh601600(中国铝业): 动作=HOLD, 逻辑=VALID
[13:21:16] [AI] 信号处理：1 个有效 (修正 0 个)
[13:21:16] [AI] 原始候选信号: [{'symbol': 'sz002532', 'name': '天山铝业', 'score': 75, 'action': 'BUY', 'thesis': '资源股主线补涨，中国铝业涨停打开空间，换手2%筹码稳定，小仓试错。'}]
[13:21:16] [AI] 信号: 天山铝业(sz002532) 动作=BUY 评分=75.0
[13:21:16] [风控] 拒绝 sz002532: [A级]仓位已满：当前71% >= 市场震荡偏多最大70%
[13:21:16] [风控] sz002532 天山铝业 被拦截:[A级]仓位已满：当前71% >= 市场震荡偏多最大70%
[13:21:16] [周期] 执行完毕。生成信号: 1 个
[13:21:58] [周期] 开始执行分析周期...
[13:22:00] [周期] 市场状态: 震荡偏多 | 上涨:141 下跌:74 上涨比:65.6% | 涨停:15 跌停:9
[13:22:56] [AI思考] 市场震荡偏多，资金在资源和科技间轮动，创业板活跃。持仓均处冻结状态，无卖出理由。候选池多数涨停或冷却，金陵体育放量上涨，作为创业板非核心标的，符合兜底试错条件。...
[13:22:56] [AI] 交易分析完成: stage=震荡偏多, signals=1
[13:22:56] [AI] 持仓分析: 11 项
[13:22:56] [AI] sh688317(之江生物): 动作=HOLD, 逻辑=VALID
[13:22:56] [AI] sh688352(颀中科技): 动作=HOLD, 逻辑=VALID
[13:22:56] [AI] sz300162(雷曼光电): 动作=HOLD, 逻辑=VALID
[13:22:56] [AI] sh601101(昊华能源): 动作=HOLD, 逻辑=VALID
[13:22:56] [AI] sz300180(华峰超纤): 动作=HOLD, 逻辑=VALID
[13:22:56] [AI] sh601016(节能风电): 动作=HOLD, 逻辑=VALID
[13:22:56] [AI] sh601908(京运通): 动作=HOLD, 逻辑=VALID
[13:22:56] [AI] sh601991(大唐发电): 动作=HOLD, 逻辑=VALID
[13:22:56] [AI] sh600578(京能电力): 动作=HOLD, 逻辑=VALID
[13:22:56] [AI] sz002245(蔚蓝锂芯): 动作=HOLD, 逻辑=VALID
[13:22:56] [AI] sh601600(中国铝业): 动作=HOLD, 逻辑=VALID
[13:22:56] [AI] 信号处理：1 个有效 (修正 0 个)
[13:22:56] [AI] 原始候选信号: [{'symbol': 'sz300651', 'name': '金陵体育', 'score': 70, 'action': 'BUY', 'thesis': '创业板活跃标的，今日放量上涨超7%，换手健康，小仓试错博弈持续轮动。'}]
[13:22:56] [AI] 信号: 金陵体育(sz300651) 动作=BUY 评分=70.0
[13:22:56] [风控] 拒绝 sz300651: [A级]仓位已满：当前71% >= 市场震荡偏多最大70%
[13:22:56] [风控] sz300651 金陵体育 被拦截:[A级]仓位已满：当前71% >= 市场震荡偏多最大70%
[13:22:56] [周期] 执行完毕。生成信号: 1 个
[13:23:28] [周期] 开始执行分析周期...
[13:23:29] [周期] 市场状态: 震荡偏多 | 上涨:139 下跌:76 上涨比:64.7% | 涨停:15 跌停:9
[13:24:26] [AI思考] 市场震荡偏多，仓位71%重仓，主攻资源与创业板。现有持仓均未破位，持有为主。候选池中多股涨停无法买入，运达科技涨幅6.5%且换手健康，作为创业板补涨试错。...
[13:24:26] [AI] 交易分析完成: stage=震荡偏多, signals=1
[13:24:26] [AI] 持仓分析: 11 项
[13:24:26] [AI] sh688317(之江生物): 动作=HOLD, 逻辑=VALID
[13:24:26] [AI] sh688352(颀中科技): 动作=HOLD, 逻辑=VALID
[13:24:26] [AI] sz300162(雷曼光电): 动作=HOLD, 逻辑=VALID
[13:24:26] [AI] sh601101(昊华能源): 动作=HOLD, 逻辑=VALID
[13:24:26] [AI] sz300180(华峰超纤): 动作=HOLD, 逻辑=VALID
[13:24:26] [AI] sh601016(节能风电): 动作=HOLD, 逻辑=VALID
[13:24:26] [AI] sh601908(京运通): 动作=HOLD, 逻辑=VALID
[13:24:26] [AI] sh601991(大唐发电): 动作=HOLD, 逻辑=VALID
[13:24:26] [AI] sh600578(京能电力): 动作=HOLD, 逻辑=VALID
[13:24:26] [AI] sz002245(蔚蓝锂芯): 动作=HOLD, 逻辑=VALID
[13:24:26] [AI] sh601600(中国铝业): 动作=HOLD, 逻辑=VALID
[13:24:26] [AI] 信号处理：1 个有效 (修正 0 个)
[13:24:26] [AI] 原始候选信号: [{'symbol': 'sz300440', 'name': '运达科技', 'score': 72, 'action': 'BUY', 'thesis': '创业板活跃，跟随华峰超纤趋势，量价健康，补涨试错'}]
[13:24:26] [AI] 信号: 运达科技(sz300440) 动作=BUY 评分=72.0
[13:24:26] [风控] 拒绝 sz300440: [A级]仓位已满：当前71% >= 市场震荡偏多最大70%
[13:24:26] [风控] sz300440 运达科技 被拦截:[A级]仓位已满：当前71% >= 市场震荡偏多最大70%
[13:24:26] [周期] 执行完毕。生成信号: 1 个
[13:24:47] [系统] 正在启动双线程分析架构...
[13:24:47] [交易 AI] 线程已启动,间隔 90 秒 (优先级:高)。
[13:24:47] [研究 AI] 独立后台已启动,正在后台运行中... (等待触发节点)
[13:24:47] [系统] 双线程分析循环已启动 (交易 + 研究)。
[13:24:47] [周期] 开始执行分析周期...
[13:24:48] [周期] 市场状态: 震荡偏多 | 上涨:139 下跌:76 上涨比:64.7% | 涨停:12 跌停:8
[13:26:06] [AI思考] 市场震荡偏多，主线为创业板和资源，龙头雷曼光电可买，中国铝业等涨停禁买。持仓逻辑有效，全部持有。推荐加仓雷曼光电。...
[13:26:06] [AI] 交易分析完成: stage=震荡偏多, signals=1
[13:26:06] [AI] 持仓分析: 11 项
[13:26:06] [AI] sh688317(之江生物): 动作=HOLD, 逻辑=VALID
[13:26:06] [AI] sh688352(颀中科技): 动作=HOLD, 逻辑=VALID
[13:26:06] [AI] sz300162(雷曼光电): 动作=HOLD, 逻辑=VALID
[13:26:06] [AI] sh601101(昊华能源): 动作=HOLD, 逻辑=VALID
[13:26:06] [AI] sz300180(华峰超纤): 动作=HOLD, 逻辑=VALID
[13:26:06] [AI] sh601016(节能风电): 动作=HOLD, 逻辑=VALID
[13:26:06] [AI] sh601908(京运通): 动作=HOLD, 逻辑=VALID
[13:26:06] [AI] sh601991(大唐发电): 动作=HOLD, 逻辑=VALID
[13:26:06] [AI] sh600578(京能电力): 动作=HOLD, 逻辑=VALID
[13:26:06] [AI] sz002245(蔚蓝锂芯): 动作=HOLD, 逻辑=VALID
[13:26:06] [AI] sh601600(中国铝业): 动作=HOLD, 逻辑=VALID
[13:26:06] [AI] 信号处理：1 个有效 (修正 0 个)
[13:26:06] [AI] 原始候选信号: [{'symbol': 'sz300162', 'name': '雷曼光电', 'score': 80, 'action': 'BUY', 'thesis': '创业板情绪龙头，高换手资金接力，趋势延续'}]
[13:26:06] [AI] 信号: 雷曼光电(sz300162) 动作=BUY 评分=80.0
[13:26:06] [风控] sz300162 加仓评分不足(80.0<85)
[13:26:06] [周期] 执行完毕。生成信号: 1 个
[13:26:16] [周期] 开始执行分析周期...
[13:26:18] [周期] 市场状态: 震荡偏多 | 上涨:137 下跌:78 上涨比:63.7% | 涨停:12 跌停:7
[13:27:00] [AI思考] 市场震荡偏多，资源股强势，中国铝业涨停，天山铝业跟风补涨，评分70，小仓试错。持仓多为微利或微亏，无破位，继续持有。...
[13:27:00] [AI] 交易分析完成: stage=震荡偏多, signals=1
[13:27:00] [AI] 持仓分析: 11 项
[13:27:00] [AI] sh688317(之江生物): 动作=HOLD, 逻辑=VALID
[13:27:00] [AI] sh688352(颀中科技): 动作=HOLD, 逻辑=VALID
[13:27:00] [AI] sz300162(雷曼光电): 动作=HOLD, 逻辑=VALID
[13:27:00] [AI] sh601101(昊华能源): 动作=HOLD, 逻辑=VALID
[13:27:00] [AI] sz300180(华峰超纤): 动作=HOLD, 逻辑=VALID
[13:27:00] [AI] sh601016(节能风电): 动作=HOLD, 逻辑=VALID
[13:27:00] [AI] sh601908(京运通): 动作=HOLD, 逻辑=VALID
[13:27:00] [AI] sh601991(大唐发电): 动作=HOLD, 逻辑=VALID
[13:27:00] [AI] sh600578(京能电力): 动作=HOLD, 逻辑=VALID
[13:27:00] [AI] sz002245(蔚蓝锂芯): 动作=HOLD, 逻辑=VALID
[13:27:00] [AI] sh601600(中国铝业): 动作=HOLD, 逻辑=VALID
[13:27:00] [AI] 信号处理：1 个有效 (修正 0 个)
[13:27:00] [AI] 原始候选信号: [{'symbol': 'sz002532', 'name': '天山铝业', 'score': 70, 'action': 'BUY', 'thesis': '铝业板块龙头涨停，天山铝业跟风补涨，换手率低，试错仓。'}]
[13:27:00] [AI] 信号: 天山铝业(sz002532) 动作=BUY 评分=70.0
[13:27:00] [风控] 拒绝 sz002532: [A级]仓位已满：当前71% >= 市场震荡偏多最大70%
[13:27:00] [风控] sz002532 天山铝业 被拦截:[A级]仓位已满：当前71% >= 市场震荡偏多最大70%
[13:27:00] [周期] 执行完毕。生成信号: 1 个
[13:27:46] [周期] 开始执行分析周期...
[13:27:48] [周期] 市场状态: 震荡偏多 | 上涨:139 下跌:76 上涨比:64.7% | 涨停:11 跌停:7
[13:28:47] [AI思考] 市场震荡偏多，资源主线强，中国铝业涨停。仓位71%超限但候选需输出，选云铝股份作为补涨试错。...
[13:28:47] [AI] 交易分析完成: stage=震荡偏多, signals=1
[13:28:47] [AI] 持仓分析: 11 项
[13:28:47] [AI] sh688317(之江生物): 动作=HOLD, 逻辑=VALID
[13:28:47] [AI] sh688352(颀中科技): 动作=HOLD, 逻辑=VALID
[13:28:47] [AI] sz300162(雷曼光电): 动作=HOLD, 逻辑=VALID
[13:28:47] [AI] sh601101(昊华能源): 动作=HOLD, 逻辑=VALID
[13:28:47] [AI] sz300180(华峰超纤): 动作=HOLD, 逻辑=VALID
[13:28:47] [AI] sh601016(节能风电): 动作=HOLD, 逻辑=VALID
[13:28:47] [AI] sh601908(京运通): 动作=HOLD, 逻辑=VALID
[13:28:47] [AI] sh601991(大唐发电): 动作=HOLD, 逻辑=VALID
[13:28:47] [AI] sh600578(京能电力): 动作=HOLD, 逻辑=VALID
[13:28:47] [AI] sz002245(蔚蓝锂芯): 动作=HOLD, 逻辑=VALID
[13:28:47] [AI] sh601600(中国铝业): 动作=HOLD, 逻辑=VALID
[13:28:47] [AI] 信号处理：1 个有效 (修正 0 个)
[13:28:47] [AI] 原始候选信号: [{'symbol': 'sz000807', 'name': '云铝股份', 'score': 72, 'action': 'BUY', 'thesis': '资源主线跟风，量能温和，小仓试错。'}]
[13:28:47] [AI] 信号: 云铝股份(sz000807) 动作=BUY 评分=72.0
[13:28:47] [风控] 拒绝 sz000807: [A级]仓位已满：当前71% >= 市场震荡偏多最大70%
[13:28:47] [风控] sz000807 云铝股份 被拦截:[A级]仓位已满：当前71% >= 市场震荡偏多最大70%
[13:28:47] [周期] 执行完毕。生成信号: 1 个
[13:29:16] [周期] 开始执行分析周期...
[13:29:17] [周期] 市场状态: 震荡偏多 | 上涨:139 下跌:76 上涨比:64.7% | 涨停:12 跌停:6
[13:30:49] [AI思考] 市场震荡偏多，资源与科技双主线轮动，龙头中国铝业涨停买不到，持仓都已冻结不能卖。仓位重，可选标的有限，华峰超纤作为创业板领涨，换手健康，可小仓试错。...
[13:30:49] [AI] 交易分析完成: stage=震荡偏多, signals=1
[13:30:49] [AI] 持仓分析: 11 项
[13:30:49] [AI] sh688317(之江生物): 动作=HOLD, 逻辑=VALID
[13:30:49] [AI] sh688352(颀中科技): 动作=HOLD, 逻辑=VALID
[13:30:49] [AI] sz300162(雷曼光电): 动作=HOLD, 逻辑=VALID
[13:30:49] [AI] sh601101(昊华能源): 动作=HOLD, 逻辑=VALID
[13:30:49] [AI] sz300180(华峰超纤): 动作=HOLD, 逻辑=VALID
[13:30:49] [AI] sh601016(节能风电): 动作=HOLD, 逻辑=VALID
[13:30:49] [AI] sh601908(京运通): 动作=HOLD, 逻辑=VALID
[13:30:49] [AI] sh601991(大唐发电): 动作=HOLD, 逻辑=VALID
[13:30:49] [AI] sh600578(京能电力): 动作=HOLD, 逻辑=VALID
[13:30:49] [AI] sz002245(蔚蓝锂芯): 动作=HOLD, 逻辑=VALID
[13:30:49] [AI] sh601600(中国铝业): 动作=HOLD, 逻辑=VALID
[13:30:49] [AI] 信号处理：1 个有效 (修正 0 个)
[13:30:49] [AI] 原始候选信号: [{'symbol': 'sz300180', 'name': '华峰超纤', 'score': 80, 'action': 'BUY', 'thesis': '创业板领涨，换手6.3%健康，量价配合，可试错介入'}]
[13:30:49] [AI] 信号: 华峰超纤(sz300180) 动作=BUY 评分=80.0
[13:30:49] [风控] sz300180 加仓评分不足(80.0<85)
[13:30:49] [周期] 执行完毕。生成信号: 1 个
[13:30:50] [周期] 开始执行分析周期...
[13:30:51] [周期] 市场状态: 震荡偏多 | 上涨:141 下跌:74 上涨比:65.6% | 涨停:13 跌停:6
[13:31:38] [AI思考] 市场震荡偏多，主线暂未明朗。候选池涨停股多，非涨停中运达科技换手温和、涨幅居前，作为创业板补涨试错。...
[13:31:38] [AI] 交易分析完成: stage=震荡偏多, signals=1
[13:31:38] [AI] 持仓分析: 11 项
[13:31:38] [AI] sh688317(之江生物): 动作=HOLD, 逻辑=VALID
[13:31:38] [AI] sh688352(颀中科技): 动作=HOLD, 逻辑=VALID
[13:31:38] [AI] sz300162(雷曼光电): 动作=HOLD, 逻辑=VALID
[13:31:38] [AI] sh601101(昊华能源): 动作=HOLD, 逻辑=VALID
[13:31:38] [AI] sz300180(华峰超纤): 动作=HOLD, 逻辑=VALID
[13:31:38] [AI] sh601016(节能风电): 动作=HOLD, 逻辑=VALID
[13:31:38] [AI] sh601908(京运通): 动作=HOLD, 逻辑=VALID
[13:31:38] [AI] sh601991(大唐发电): 动作=HOLD, 逻辑=VALID
[13:31:38] [AI] sh600578(京能电力): 动作=HOLD, 逻辑=VALID
[13:31:38] [AI] sz002245(蔚蓝锂芯): 动作=HOLD, 逻辑=VALID
[13:31:38] [AI] sh601600(中国铝业): 动作=HOLD, 逻辑=VALID
[13:31:38] [AI] 信号处理：1 个有效 (修正 0 个)
[13:31:38] [AI] 原始候选信号: [{'symbol': 'sz300440', 'name': '运达科技', 'score': 72, 'action': 'BUY', 'thesis': '创业板补涨逻辑，跟随雷曼光电趋势，换手温和，形态健康'}]
[13:31:38] [AI] 信号: 运达科技(sz300440) 动作=BUY 评分=72.0
[13:31:38] [风控] 拒绝 sz300440: [A级]仓位已满：当前71% >= 市场震荡偏多最大70%
[13:31:38] [风控] sz300440 运达科技 被拦截:[A级]仓位已满：当前71% >= 市场震荡偏多最大70%
[13:31:38] [周期] 执行完毕。生成信号: 1 个
[13:32:20] [周期] 开始执行分析周期...
[13:32:21] [周期] 市场状态: 震荡偏多 | 上涨:139 下跌:76 上涨比:64.7% | 涨停:13 跌停:5
[13:33:17] [AI思考] 市场震荡偏多，资源与电子方向领涨但涨停股多无法买入。蔚蓝锂芯涨幅6.8%未涨停，换手13%活跃，属资源主线，符合升温期低吸策略。...
[13:33:17] [AI] 交易分析完成: stage=升温期, signals=1
[13:33:17] [AI] 持仓分析: 11 项
[13:33:17] [AI] sh688317(之江生物): 动作=HOLD, 逻辑=VALID
[13:33:17] [AI] sh688352(颀中科技): 动作=HOLD, 逻辑=VALID
[13:33:17] [AI] sz300162(雷曼光电): 动作=HOLD, 逻辑=VALID
[13:33:17] [AI] sh601101(昊华能源): 动作=HOLD, 逻辑=VALID
[13:33:17] [AI] sz300180(华峰超纤): 动作=HOLD, 逻辑=VALID
[13:33:17] [AI] sh601016(节能风电): 动作=HOLD, 逻辑=VALID
[13:33:17] [AI] sh601908(京运通): 动作=HOLD, 逻辑=VALID
[13:33:17] [AI] sh601991(大唐发电): 动作=HOLD, 逻辑=VALID
[13:33:17] [AI] sh600578(京能电力): 动作=HOLD, 逻辑=VALID
[13:33:17] [AI] sz002245(蔚蓝锂芯): 动作=HOLD, 逻辑=VALID
[13:33:17] [AI] sh601600(中国铝业): 动作=HOLD, 逻辑=VALID
[13:33:17] [AI] 信号处理：1 个有效 (修正 0 个)
[13:33:17] [AI] 原始候选信号: [{'symbol': 'sz002245', 'name': '蔚蓝锂芯', 'score': 75, 'action': 'BUY', 'thesis': '资源主线扩散，锂电材料跟涨，放量换手13%，未涨停可试错'}]
[13:33:17] [AI] 信号: 蔚蓝锂芯(sz002245) 动作=BUY 评分=75.0
[13:33:17] [风控] sz002245 加仓评分不足(75.0<85)
[13:33:17] [周期] 执行完毕。生成信号: 1 个
[13:33:49] [周期] 开始执行分析周期...
[13:33:50] [周期] 市场状态: 震荡偏多 | 上涨:141 下跌:74 上涨比:65.6% | 涨停:13 跌停:5
[13:34:53] [AI思考] 市场震荡偏多，资源与电子双主线。中国铝业涨停带动资源股，蔚蓝锂芯未涨停且换手温和，趋势良好，作为补涨试错。其余持仓因T+1锁定全HOLD。...
[13:34:53] [AI] 交易分析完成: stage=震荡偏多, signals=1
[13:34:53] [AI] 持仓分析: 11 项
[13:34:53] [AI] sh688317(之江生物): 动作=HOLD, 逻辑=VALID
[13:34:53] [AI] sh688352(颀中科技): 动作=HOLD, 逻辑=VALID
[13:34:53] [AI] sz300162(雷曼光电): 动作=HOLD, 逻辑=VALID
[13:34:53] [AI] sh601101(昊华能源): 动作=HOLD, 逻辑=VALID
[13:34:53] [AI] sz300180(华峰超纤): 动作=HOLD, 逻辑=VALID
[13:34:53] [AI] sh601016(节能风电): 动作=HOLD, 逻辑=VALID
[13:34:53] [AI] sh601908(京运通): 动作=HOLD, 逻辑=VALID
[13:34:53] [AI] sh601991(大唐发电): 动作=HOLD, 逻辑=VALID
[13:34:53] [AI] sh600578(京能电力): 动作=HOLD, 逻辑=VALID
[13:34:53] [AI] sz002245(蔚蓝锂芯): 动作=HOLD, 逻辑=VALID
[13:34:53] [AI] sh601600(中国铝业): 动作=HOLD, 逻辑=VALID
[13:34:53] [AI] 信号处理：1 个有效 (修正 0 个)
[13:34:53] [AI] 原始候选信号: [{'symbol': 'sz002245', 'name': '蔚蓝锂芯', 'score': 75, 'action': 'BUY', 'thesis': '资源主线，中国铝业涨停带动，换手13%量价健康，跟涨试错'}]
[13:34:53] [AI] 信号: 蔚蓝锂芯(sz002245) 动作=BUY 评分=75.0
[13:34:53] [风控] sz002245 加仓评分不足(75.0<85)
[13:34:53] [周期] 执行完毕。生成信号: 1 个
[13:35:18] [周期] 开始执行分析周期...
[13:35:20] [周期] 市场状态: 震荡偏多 | 上涨:140 下跌:75 上涨比:65.1% | 涨停:13 跌停:5
[13:36:08] [AI思考] 市场震荡偏多，主线为创业板与资源。持仓均今日买入冻结，持有观望。候选中华辰装备量价配合，适合小仓试错。...
[13:36:08] [AI] 交易分析完成: stage=震荡偏多, signals=1
[13:36:08] [AI] 持仓分析: 11 项
[13:36:08] [AI] sh688317(之江生物): 动作=HOLD, 逻辑=VALID
[13:36:08] [AI] sh688352(颀中科技): 动作=HOLD, 逻辑=VALID
[13:36:08] [AI] sz300162(雷曼光电): 动作=HOLD, 逻辑=VALID
[13:36:08] [AI] sh601101(昊华能源): 动作=HOLD, 逻辑=VALID
[13:36:08] [AI] sz300180(华峰超纤): 动作=HOLD, 逻辑=VALID
[13:36:08] [AI] sh601016(节能风电): 动作=HOLD, 逻辑=VALID
[13:36:08] [AI] sh601908(京运通): 动作=HOLD, 逻辑=VALID
[13:36:08] [AI] sh601991(大唐发电): 动作=HOLD, 逻辑=VALID
[13:36:08] [AI] sh600578(京能电力): 动作=HOLD, 逻辑=VALID
[13:36:08] [AI] sz002245(蔚蓝锂芯): 动作=HOLD, 逻辑=VALID
[13:36:08] [AI] sh601600(中国铝业): 动作=HOLD, 逻辑=VALID
[13:36:08] [AI] 信号处理：1 个有效 (修正 0 个)
[13:36:08] [AI] 原始候选信号: [{'symbol': 'sz300809', 'name': '华辰装备', 'score': 72, 'action': 'BUY', 'thesis': '创业板活跃股，量价健康，跟随雷曼光电，小仓试错'}]
[13:36:08] [AI] 信号: 华辰装备(sz300809) 动作=BUY 评分=72.0
[13:36:08] [风控] 拒绝 sz300809: [A级]仓位已满：当前71% >= 市场震荡偏多最大70%
[13:36:08] [风控] sz300809 华辰装备 被拦截:[A级]仓位已满：当前71% >= 市场震荡偏多最大70%
[13:36:08] [周期] 执行完毕。生成信号: 1 个
[13:36:48] [周期] 开始执行分析周期...
[13:36:49] [周期] 市场状态: 震荡偏多 | 上涨:141 下跌:74 上涨比:65.6% | 涨停:14 跌停:6
[13:37:54] [AI思考] 市场震荡偏多，主线为科技制造，持仓大多跟随上涨或企稳，无卖出信号。风控仓位已满，但按兜底机制从候选池选一只非核心试错：四环生物，换手活跃，医药轮动补跌低吸。...
[13:37:54] [AI] 交易分析完成: stage=震荡偏多, signals=1
[13:37:54] [AI] 持仓分析: 11 项
[13:37:54] [AI] sh688317(之江生物): 动作=HOLD, 逻辑=VALID
[13:37:54] [AI] sh688352(颀中科技): 动作=HOLD, 逻辑=VALID
[13:37:54] [AI] sz300162(雷曼光电): 动作=HOLD, 逻辑=VALID
[13:37:54] [AI] sh601101(昊华能源): 动作=HOLD, 逻辑=VALID
[13:37:54] [AI] sz300180(华峰超纤): 动作=HOLD, 逻辑=VALID
[13:37:54] [AI] sh601016(节能风电): 动作=HOLD, 逻辑=VALID
[13:37:54] [AI] sh601908(京运通): 动作=HOLD, 逻辑=VALID
[13:37:54] [AI] sh601991(大唐发电): 动作=HOLD, 逻辑=VALID
[13:37:54] [AI] sh600578(京能电力): 动作=HOLD, 逻辑=VALID
[13:37:54] [AI] sz002245(蔚蓝锂芯): 动作=HOLD, 逻辑=VALID
[13:37:54] [AI] sh601600(中国铝业): 动作=HOLD, 逻辑=VALID
[13:37:54] [AI] 信号处理：1 个有效 (修正 0 个)
[13:37:54] [AI] 原始候选信号: [{'symbol': 'sz000518', 'name': '四环生物', 'score': 70, 'action': 'BUY', 'thesis': '医药补涨，换手活跃，低吸试错'}]
[13:37:54] [AI] 信号: 四环生物(sz000518) 动作=BUY 评分=70.0
[13:37:54] [风控] 拒绝 sz000518: [A级]仓位已满：当前71% >= 市场震荡偏多最大70%
[13:37:54] [风控] sz000518 四环生物 被拦截:[A级]仓位已满：当前71% >= 市场震荡偏多最大70%
[13:37:54] [周期] 执行完毕。生成信号: 1 个
[13:38:17] [周期] 开始执行分析周期...
[13:38:19] [周期] 市场状态: 震荡偏多 | 上涨:140 下跌:74 上涨比:65.1% | 涨停:13 跌停:5
[13:39:14] [系统] 正在启动双线程分析架构...
[13:39:14] [交易 AI] 线程已启动,间隔 90 秒 (优先级:高)。
[13:39:14] [研究 AI] 独立后台已启动,正在后台运行中... (等待触发节点)
[13:39:14] [系统] 双线程分析循环已启动 (交易 + 研究)。
[13:39:14] [周期] 开始执行分析周期...
[13:39:16] [周期] 市场状态: 震荡偏多 | 上涨:144 下跌:71 上涨比:66.4% | 涨停:14 跌停:6
[13:39:16] ✅ [记忆交接] AI 已加载昨日复盘。 🎯 关注作业:sz000938, sh688317, sh688702 | 🚫 禁忌模式:半路追高, 缩量半路板, 退潮期接力
[13:39:16] [AI] 系统异常: name 'pf' is not defined
[13:39:16] [AI] 错误: name 'pf' is not defined
[13:39:34] [系统] 正在启动双线程分析架构...
[13:39:34] [交易 AI] 线程已启动,间隔 90 秒 (优先级:高)。
[13:39:34] [研究 AI] 独立后台已启动,正在后台运行中... (等待触发节点)
[13:39:34] [系统] 双线程分析循环已启动 (交易 + 研究)。
[13:39:34] [周期] 开始执行分析周期...
[13:39:35] [周期] 市场状态: 震荡偏多 | 上涨:144 下跌:73 上涨比:66.1% | 涨停:14 跌停:6
[13:39:35] ✅ [记忆交接] AI 已加载昨日复盘。 🎯 关注作业:sz000938, sh688317, sh688702 | 🚫 禁忌模式:半路追高, 缩量半路板, 退潮期接力
[13:39:35] [AI] 系统异常: name 'pf' is not defined
[13:39:35] [AI] 错误: name 'pf' is not defined
[13:39:41] [系统] 分析循环已停止。
[13:40:43] [系统] 正在启动双线程分析架构...
[13:40:43] [交易 AI] 线程已启动,间隔 90 秒 (优先级:高)。
[13:40:43] [研究 AI] 独立后台已启动,正在后台运行中... (等待触发节点)
[13:40:43] [周期] 开始执行分析周期...
[13:40:44] [周期] 市场状态: 震荡偏多 | 上涨:144 下跌:74 上涨比:66.1% | 涨停:14 跌停:5
[13:40:44] ✅ [记忆交接] AI 已加载昨日复盘。 🎯 关注作业:sz000938, sh688317, sh688702 | 🚫 禁忌模式:半路追高, 缩量半路板, 退潮期接力
[13:41:58] [AI思考] 市场震荡偏多，资源、创业板活跃。持仓股均T+1锁定，继续持有。候选池中蔚蓝锂芯跟随资源主线，换手活跃，符合趋势股标准，给予80分推荐。...
[13:41:58] [AI] 交易分析完成: stage=震荡偏多, signals=1
[13:41:58] [AI] 持仓分析: 11 项
[13:41:58] [AI] sh688317(之江生物): 动作=HOLD, 逻辑=VALID
[13:41:58] [AI] sh688352(颀中科技): 动作=HOLD, 逻辑=VALID
[13:41:58] [AI] sz300162(雷曼光电): 动作=HOLD, 逻辑=VALID
[13:41:58] [AI] sh601101(昊华能源): 动作=HOLD, 逻辑=VALID
[13:41:58] [AI] sz300180(华峰超纤): 动作=HOLD, 逻辑=VALID
[13:41:58] [AI] sh601016(节能风电): 动作=HOLD, 逻辑=VALID
[13:41:58] [AI] sh601908(京运通): 动作=HOLD, 逻辑=VALID
[13:41:58] [AI] sh601991(大唐发电): 动作=HOLD, 逻辑=VALID
[13:41:58] [AI] sh600578(京能电力): 动作=HOLD, 逻辑=VALID
[13:41:58] [AI] sz002245(蔚蓝锂芯): 动作=HOLD, 逻辑=VALID
[13:41:58] [AI] sh601600(中国铝业): 动作=HOLD, 逻辑=VALID
[13:41:58] [AI] 信号处理：1 个有效 (修正 0 个)
[13:41:58] [AI] 原始候选信号: [{'symbol': 'sz002245', 'name': '蔚蓝锂芯', 'score': 80, 'action': 'BUY', 'thesis': '资源和新能源主线，跟随中国铝业趋势，放量拉升换手充分'}]
[13:41:58] [AI] 信号: 蔚蓝锂芯(sz002245) 动作=BUY 评分=80.0
[13:41:58] [风控] sz002245 加仓评分不足(80.0<85)
[13:41:58] [周期] 执行完毕。生成信号: 1 个
[13:42:13] [周期] 开始执行分析周期...
[13:42:14] [周期] 市场状态: 震荡偏多 | 上涨:144 下跌:74 上涨比:66.1% | 涨停:14 跌停:6
[13:42:14] ✅ [记忆交接] AI 已加载昨日复盘。 🎯 关注作业:sz000938, sh688317, sh688702 | 🚫 禁忌模式:半路追高, 缩量半路板, 退潮期接力
[13:43:38] [AI思考] 市场震荡偏多，LED/半导体主线明确，雷曼光电涨停引领。持仓为主，非主线电力煤炭逻辑弱化。候选池仅蔚蓝锂芯兼具LED与锂电，未涨停且放量，评分85。...
[13:43:38] [AI] 交易分析完成: stage=震荡偏多, signals=1
[13:43:38] [AI] 持仓分析: 11 项
[13:43:38] [AI] sh688317(之江生物): 动作=HOLD, 逻辑=VALID
[13:43:38] [AI] sh688352(颀中科技): 动作=HOLD, 逻辑=VALID
[13:43:38] [AI] sz300162(雷曼光电): 动作=HOLD, 逻辑=VALID
[13:43:38] [AI] sh601101(昊华能源): 动作=HOLD, 逻辑=BROKEN
[13:43:38] [AI] sz300180(华峰超纤): 动作=HOLD, 逻辑=VALID
[13:43:38] [AI] sh601016(节能风电): 动作=HOLD, 逻辑=BROKEN
[13:43:38] [AI] sh601908(京运通): 动作=HOLD, 逻辑=BROKEN
[13:43:38] [AI] sh601991(大唐发电): 动作=HOLD, 逻辑=BROKEN
[13:43:38] [AI] sh600578(京能电力): 动作=HOLD, 逻辑=BROKEN
[13:43:38] [AI] sz002245(蔚蓝锂芯): 动作=HOLD, 逻辑=VALID
[13:43:38] [AI] sh601600(中国铝业): 动作=HOLD, 逻辑=VALID
[13:43:38] [AI] 信号处理：1 个有效 (修正 0 个)
[13:43:38] [AI] 原始候选信号: [{'symbol': 'sz002245', 'name': '蔚蓝锂芯', 'score': 85, 'action': 'BUY', 'thesis': 'LED芯片与锂电池双主业，跟随雷曼光电主线，换手13.3%放量突破平台，趋势向好'}]
[13:43:38] [AI] 信号: 蔚蓝锂芯(sz002245) 动作=BUY 评分=85.0
[13:43:38] [加仓] sz002245(蔚蓝锂芯) 允许加仓,当前仓位10.6%,评分85.0
[13:43:38] [加仓] 预算调整为原预算的50%: 389
[13:43:38] [风控] 拒绝 sz002245: [A级]仓位已满：当前71% >= 市场震荡偏多最大70%
[13:43:38] [风控] sz002245 蔚蓝锂芯 被拦截:[A级]仓位已满：当前71% >= 市场震荡偏多最大70%
[13:43:38] [周期] 执行完毕。生成信号: 1 个
[13:43:42] [周期] 开始执行分析周期...
[13:43:44] [周期] 市场状态: 震荡偏多 | 上涨:143 下跌:75 上涨比:65.6% | 涨停:14 跌停:6
[13:43:44] ✅ [记忆交接] AI 已加载昨日复盘。 🎯 关注作业:sz000938, sh688317, sh688702 | 🚫 禁忌模式:半路追高, 缩量半路板, 退潮期接力
[13:44:52] [AI思考] 科技成长主线，电子方向领涨。持仓T+1锁定持有。仓位已超71%，候选池中华瑞股份放量未涨停，小仓试错。中芯、京东方不在候选池不推荐。...
[13:44:52] [AI] 交易分析完成: stage=震荡偏多, signals=1
[13:44:52] [AI] 持仓分析: 11 项
[13:44:52] [AI] sh688317(之江生物): 动作=HOLD, 逻辑=VALID
[13:44:52] [AI] sh688352(颀中科技): 动作=HOLD, 逻辑=VALID
[13:44:52] [AI] sz300162(雷曼光电): 动作=HOLD, 逻辑=VALID
[13:44:52] [AI] sh601101(昊华能源): 动作=HOLD, 逻辑=VALID
[13:44:52] [AI] sz300180(华峰超纤): 动作=HOLD, 逻辑=VALID
[13:44:52] [AI] sh601016(节能风电): 动作=HOLD, 逻辑=VALID
[13:44:52] [AI] sh601908(京运通): 动作=HOLD, 逻辑=VALID
[13:44:52] [AI] sh601991(大唐发电): 动作=HOLD, 逻辑=VALID
[13:44:52] [AI] sh600578(京能电力): 动作=HOLD, 逻辑=VALID
[13:44:52] [AI] sz002245(蔚蓝锂芯): 动作=HOLD, 逻辑=VALID
[13:44:52] [AI] sh601600(中国铝业): 动作=HOLD, 逻辑=VALID
[13:44:52] [AI] 信号处理：1 个有效 (修正 0 个)
[13:44:52] [AI] 原始候选信号: [{'symbol': 'sz300626', 'name': '华瑞股份', 'score': 70, 'action': 'BUY', 'thesis': '创业板活跃，换手16%放量上攻未涨停，形态强势，小仓试错'}]
[13:44:52] [AI] 信号: 华瑞股份(sz300626) 动作=BUY 评分=70.0
[13:44:52] [风控] 拒绝 sz300626: [A级]仓位已满：当前71% >= 市场震荡偏多最大70%
[13:44:52] [风控] sz300626 华瑞股份 被拦截:[A级]仓位已满：当前71% >= 市场震荡偏多最大70%
[13:44:52] [周期] 执行完毕。生成信号: 1 个
[13:45:12] [周期] 开始执行分析周期...
[13:45:14] [周期] 市场状态: 震荡偏多 | 上涨:141 下跌:76 上涨比:64.7% | 涨停:14 跌停:6
[13:45:14] ✅ [记忆交接] AI 已加载昨日复盘。 🎯 关注作业:sz000938, sh688317, sh688702 | 🚫 禁忌模式:半路追高, 缩量半路板, 退潮期接力
[13:46:27] [AI思考] 市场震荡偏多，科技主线涨停潮但非核心标的可试错。持仓多只浮盈或微亏无卖点。金陵体育放量异动可小仓博弈。...
[13:46:27] [AI] 交易分析完成: stage=震荡偏多, signals=1
[13:46:27] [AI] 持仓分析: 11 项
[13:46:27] [AI] sh688317(之江生物): 动作=HOLD, 逻辑=VALID
[13:46:27] [AI] sh688352(颀中科技): 动作=HOLD, 逻辑=VALID
[13:46:27] [AI] sz300162(雷曼光电): 动作=HOLD, 逻辑=VALID
[13:46:27] [AI] sh601101(昊华能源): 动作=HOLD, 逻辑=VALID
[13:46:27] [AI] sz300180(华峰超纤): 动作=HOLD, 逻辑=VALID
[13:46:27] [AI] sh601016(节能风电): 动作=HOLD, 逻辑=VALID
[13:46:27] [AI] sh601908(京运通): 动作=HOLD, 逻辑=VALID
[13:46:27] [AI] sh601991(大唐发电): 动作=HOLD, 逻辑=VALID
[13:46:27] [AI] sh600578(京能电力): 动作=HOLD, 逻辑=VALID
[13:46:27] [AI] sz002245(蔚蓝锂芯): 动作=HOLD, 逻辑=VALID
[13:46:27] [AI] sh601600(中国铝业): 动作=HOLD, 逻辑=VALID
[13:46:27] [AI] 信号处理：1 个有效 (修正 0 个)
[13:46:27] [AI] 原始候选信号: [{'symbol': 'sz300651', 'name': '金陵体育', 'score': 70, 'action': 'BUY', 'thesis': '非核心试错，放量异动+7.5%，换手16.5%，博弈轮动补涨。'}]
[13:46:27] [AI] 信号: 金陵体育(sz300651) 动作=BUY 评分=70.0
[13:46:27] [风控] 拒绝 sz300651: [A级]仓位已满：当前71% >= 市场震荡偏多最大70%
[13:46:27] [风控] sz300651 金陵体育 被拦截:[A级]仓位已满：当前71% >= 市场震荡偏多最大70%
[13:46:27] [周期] 执行完毕。生成信号: 1 个
[13:46:42] [周期] 开始执行分析周期...
[13:46:50] [周期] 市场状态: 震荡偏多 | 上涨:138 下跌:80 上涨比:63.3% | 涨停:15 跌停:6
[13:46:50] ✅ [记忆交接] AI 已加载昨日复盘。 🎯 关注作业:sz000938, sh688317, sh688702 | 🚫 禁忌模式:半路追高, 缩量半路板, 退潮期接力
[13:48:08] [AI思考] 市场震荡偏多，主线分散，仓位已满，但按兜底机制选出梅花生物小仓试错。...
[13:48:08] [AI] 交易分析完成: stage=震荡偏多, signals=1
[13:48:08] [AI] 持仓分析: 11 项
[13:48:08] [AI] sh688317(之江生物): 动作=HOLD, 逻辑=VALID
[13:48:08] [AI] sh688352(颀中科技): 动作=HOLD, 逻辑=VALID
[13:48:08] [AI] sz300162(雷曼光电): 动作=HOLD, 逻辑=VALID
[13:48:08] [AI] sh601101(昊华能源): 动作=HOLD, 逻辑=VALID
[13:48:08] [AI] sz300180(华峰超纤): 动作=HOLD, 逻辑=VALID
[13:48:08] [AI] sh601016(节能风电): 动作=HOLD, 逻辑=VALID
[13:48:08] [AI] sh601908(京运通): 动作=HOLD, 逻辑=VALID
[13:48:08] [AI] sh601991(大唐发电): 动作=HOLD, 逻辑=VALID
[13:48:08] [AI] sh600578(京能电力): 动作=HOLD, 逻辑=VALID
[13:48:08] [AI] sz002245(蔚蓝锂芯): 动作=HOLD, 逻辑=VALID
[13:48:08] [AI] sh601600(中国铝业): 动作=HOLD, 逻辑=VALID
[13:48:08] [AI] 信号处理：1 个有效 (修正 0 个)
[13:48:08] [AI] 原始候选信号: [{'symbol': 'sh600873', 'name': '梅花生物', 'score': 70, 'action': 'BUY', 'thesis': '医药板块轮动，梅花生物低位放量小阳，换手低抛压轻，适合小仓试错。'}]
[13:48:08] [AI] 信号: 梅花生物(sh600873) 动作=BUY 评分=70.0
[13:48:08] [风控] 拒绝 sh600873: [A级]仓位已满：当前71% >= 市场震荡偏多最大70%
[13:48:08] [风控] sh600873 梅花生物 被拦截:[A级]仓位已满：当前71% >= 市场震荡偏多最大70%
[13:48:08] [周期] 执行完毕。生成信号: 1 个
[13:48:11] [周期] 开始执行分析周期...
[13:48:46] [周期] 市场状态: 震荡偏多 | 上涨:137 下跌:81 上涨比:62.8% | 涨停:14 跌停:7
[13:48:46] ✅ [记忆交接] AI 已加载昨日复盘。 🎯 关注作业:sz000938, sh688317, sh688702 | 🚫 禁忌模式:半路追高, 缩量半路板, 退潮期接力
[13:49:34] [系统] 正在启动双线程分析架构...
[13:49:34] [交易 AI] 线程已启动,间隔 90 秒 (优先级:高)。
[13:49:34] [研究 AI] 独立后台已启动,正在后台运行中... (等待触发节点)
[13:49:34] [系统] 双线程分析循环已启动 (交易 + 研究)。
[13:49:34] [周期] 开始执行分析周期...
[13:49:35] [周期] 市场状态: 震荡偏多 | 上涨:134 下跌:81 上涨比:62.3% | 涨停:15 跌停:7
[13:49:35] ✅ [记忆交接] AI 已加载昨日复盘。 🎯 关注作业:sz000938, sh688317, sh688702 | 🚫 禁忌模式:半路追高, 缩量半路板, 退潮期接力
[13:50:50] [AI思考] 市场震荡偏多，资源与电子活跃，涨停15家，多方占优。持仓T+1锁定，均暂持。候选池中涨停股不可买；天山铝业缩量拉升禁忌剔除；华辰装备换手充分，量价健康，作为非核心试错。...
[13:50:50] [AI] 交易分析完成: stage=震荡偏多, signals=1
[13:50:50] [AI] 持仓检查完成: 11 只 (全部健康 ✅)
[13:50:50] [AI] 信号: 华辰装备(sz300809) 动作=BUY 评分=70.0
[13:50:50] [风控] 拒绝 sz300809: [A级]仓位已满：当前71% >= 市场震荡偏多最大70%
[13:50:50] [风控] sz300809 华辰装备 被拦截:[A级]仓位已满：当前71% >= 市场震荡偏多最大70%
[13:50:50] [周期] 执行完毕。生成信号: 1 个
[13:51:04] [周期] 开始执行分析周期...
[13:51:05] [周期] 市场状态: 震荡偏多 | 上涨:134 下跌:81 上涨比:62.3% | 涨停:13 跌停:8
[13:51:05] ✅ [记忆交接] AI 已加载昨日复盘。 🎯 关注作业:sz000938, sh688317, sh688702 | 🚫 禁忌模式:半路追高, 缩量半路板, 退潮期接力
[13:51:59] [AI思考] 震荡偏多，资源主线明确，铝业领涨。天山铝业跟涨6.2%未涨停，换手低，趋势健康。仓位重，小仓试错跟随。...
[13:51:59] [AI] 交易分析完成: stage=震荡偏多, signals=1
[13:51:59] ⚠️ [持仓警报] sh688352(颀中科技): HOLD (逻辑=BROKEN)
[13:51:59] ⚠️ [持仓警报] sh601016(节能风电): HOLD (逻辑=BROKEN)
[13:51:59] ⚠️ [持仓警报] sh601908(京运通): HOLD (逻辑=BROKEN)
[13:51:59] ⚠️ [持仓警报] sh601991(大唐发电): HOLD (逻辑=BROKEN)
[13:51:59] ⚠️ [持仓警报] sh600578(京能电力): HOLD (逻辑=BROKEN)
[13:51:59] [AI] 持仓检查完成: 11 只 (全部健康 ✅)
[13:51:59] [AI] 信号: 天山铝业(sz002532) 动作=BUY 评分=75.0
[13:51:59] [风控] 拒绝 sz002532: [A级]仓位已满：当前71% >= 市场震荡偏多最大70%
[13:51:59] [风控] sz002532 天山铝业 被拦截:[A级]仓位已满：当前71% >= 市场震荡偏多最大70%
[13:51:59] [周期] 执行完毕。生成信号: 1 个
[13:52:33] [周期] 开始执行分析周期...
[13:52:34] [周期] 市场状态: 震荡偏多 | 上涨:134 下跌:81 上涨比:62.3% | 涨停:12 跌停:7
[13:52:34] ✅ [记忆交接] AI 已加载昨日复盘。 🎯 关注作业:sz000938, sh688317, sh688702 | 🚫 禁忌模式:半路追高, 缩量半路板, 退潮期接力
[13:53:41] [AI思考] 震荡偏多，新材料主线，华峰超纤与龙头双星新材同属性，换手健康，拟小仓买入。...
[13:53:41] [AI] 交易分析完成: stage=震荡偏多, signals=1
[13:53:41] [AI] 持仓检查完成: 11 只 (全部健康 ✅)
[13:53:41] [AI] 信号: 华峰超纤(sz300180) 动作=BUY 评分=80.0
[13:53:41] [风控] sz300180 加仓评分不足(80.0<85)
[13:53:41] [周期] 执行完毕。生成信号: 1 个
[13:54:03] [周期] 开始执行分析周期...
[13:54:04] [周期] 市场状态: 震荡偏多 | 上涨:134 下跌:81 上涨比:62.3% | 涨停:12 跌停:7
[13:54:04] ✅ [记忆交接] AI 已加载昨日复盘。 🎯 关注作业:sz000938, sh688317, sh688702 | 🚫 禁忌模式:半路追高, 缩量半路板, 退潮期接力
[13:55:20] [系统] 分析循环已停止。
[13:55:29] [AI思考] 市场震荡偏多，创业板和资源双主线。持仓电力股偏弱，卖弱换强。仓位71%超限，卖出非主线股后低吸主线补涨标的。...
[13:55:29] [AI] 交易分析完成: stage=震荡偏多, signals=1
[13:55:29] ⚠️ [持仓警报] sh601101(昊华能源): SELL (逻辑=BROKEN)
[13:55:29] [AI] 逻辑破坏 sh601101,触发卖出
[13:55:29] [同步] 已将 sh601101 内存状态更新为 BROKEN,准备强平
[13:55:29] [风控] 拒绝 sh601101: [S级]T+1限制：今日(2026-05-26)买入不可卖出
[13:55:29] ⚠️ [持仓警报] sh601016(节能风电): SELL (逻辑=BROKEN)
[13:55:29] [AI] 逻辑破坏 sh601016,触发卖出
[13:55:29] [同步] 已将 sh601016 内存状态更新为 BROKEN,准备强平
[13:55:29] [风控] 拒绝 sh601016: [S级]T+1限制：今日(2026-05-26)买入不可卖出
[13:55:29] ⚠️ [持仓警报] sh601908(京运通): SELL (逻辑=BROKEN)
[13:55:29] [AI] 逻辑破坏 sh601908,触发卖出
[13:55:29] [同步] 已将 sh601908 内存状态更新为 BROKEN,准备强平
[13:55:29] [风控] 拒绝 sh601908: [S级]T+1限制：今日(2026-05-26)买入不可卖出
[13:55:29] ⚠️ [持仓警报] sh601991(大唐发电): SELL (逻辑=BROKEN)
[13:55:29] [AI] 逻辑破坏 sh601991,触发卖出
[13:55:29] [同步] 已将 sh601991 内存状态更新为 BROKEN,准备强平
[13:55:29] [风控] 拒绝 sh601991: [S级]T+1限制：今日(2026-05-26)买入不可卖出
[13:55:29] [AI] 持仓检查完成: 11 只 (全部健康 ✅)
[13:55:29] [AI] 信号: 华瑞股份(sz300626) 动作=BUY 评分=73.0
[13:55:29] [风控] 拒绝 sz300626: [A级]仓位已满：当前71% >= 市场震荡偏多最大70%
[13:55:29] [风控] sz300626 华瑞股份 被拦截:[A级]仓位已满：当前71% >= 市场震荡偏多最大70%
[13:55:29] [周期] 执行完毕。生成信号: 1 个
[14:12:37] [系统] 正在启动双线程分析架构...
[14:12:37] [交易 AI] 线程已启动,间隔 90 秒 (优先级:高)。
[14:12:37] [研究 AI] 独立后台已启动,正在后台运行中... (等待触发节点)
[14:12:37] [系统] 双线程分析循环已启动 (交易 + 研究)。
[14:12:37] [周期] 开始执行分析周期...
[14:12:39] [周期] 市场状态: 震荡偏多 | 上涨:138 下跌:77 上涨比:64.2% | 涨停:12 跌停:6
[14:12:39] ✅ [记忆交接] AI 已加载昨日复盘。 🎯 关注作业:sz000938, sh688317, sh688702 | 🚫 禁忌模式:半路追高, 缩量半路板, 退潮期接力
[14:12:43] [系统] 分析循环已停止。
[14:14:13] [AI思考] 市场震荡偏多，资源主线明确。中国铝业涨停，蔚蓝锂芯放量跟风，评分82。雷曼光电换手31.5%活跃，可作为试错。持仓去弱留强，卖出缩量拉升及非主线电力股。...
[14:14:13] [AI] 交易分析完成: stage=震荡偏多, signals=2
[14:14:13] ⚠️ [持仓警报] sh601101(昊华能源): SELL (逻辑=BROKEN)
[14:14:13] [AI] 逻辑破坏 sh601101,触发卖出
[14:14:13] [同步] 已将 sh601101 内存状态更新为 BROKEN,准备强平
[14:14:13] [风控] 拒绝 sh601101: [S级]T+1限制：今日(2026-05-26)买入不可卖出
[14:14:13] ⚠️ [持仓警报] sz300180(华峰超纤): SELL (逻辑=BROKEN)
[14:14:13] [AI] 逻辑破坏 sz300180,触发卖出
[14:14:13] [同步] 已将 sz300180 内存状态更新为 BROKEN,准备强平
[14:14:13] [风控] 拒绝 sz300180: [S级]T+1限制：今日(2026-05-26)买入不可卖出
[14:14:13] ⚠️ [持仓警报] sh601016(节能风电): SELL (逻辑=BROKEN)
[14:14:13] [AI] 逻辑破坏 sh601016,触发卖出
[14:14:13] [同步] 已将 sh601016 内存状态更新为 BROKEN,准备强平
[14:14:13] [风控] 拒绝 sh601016: [S级]T+1限制：今日(2026-05-26)买入不可卖出
[14:14:13] ⚠️ [持仓警报] sh601908(京运通): SELL (逻辑=BROKEN)
[14:14:13] [AI] 逻辑破坏 sh601908,触发卖出
[14:14:13] [同步] 已将 sh601908 内存状态更新为 BROKEN,准备强平
[14:14:13] [风控] 拒绝 sh601908: [S级]T+1限制：今日(2026-05-26)买入不可卖出
[14:14:13] ⚠️ [持仓警报] sh601991(大唐发电): SELL (逻辑=BROKEN)
[14:14:13] [AI] 逻辑破坏 sh601991,触发卖出
[14:14:13] [同步] 已将 sh601991 内存状态更新为 BROKEN,准备强平
[14:14:13] [风控] 拒绝 sh601991: [S级]T+1限制：今日(2026-05-26)买入不可卖出
[14:14:13] ⚠️ [持仓警报] sh600578(京能电力): SELL (逻辑=BROKEN)
[14:14:13] [AI] 逻辑破坏 sh600578,触发卖出
[14:14:13] [同步] 已将 sh600578 内存状态更新为 BROKEN,准备强平
[14:14:13] [风控] 拒绝 sh600578: [S级]T+1限制：今日(2026-05-26)买入不可卖出
[14:14:13] [AI] 持仓检查完成: 11 只 (全部健康 ✅)
[14:14:13] [AI] 信号: 蔚蓝锂芯(sz002245) 动作=BUY 评分=82.0
[14:14:13] [风控] sz002245 加仓评分不足(82.0<85)
[14:14:13] [AI] 信号: 雷曼光电(sz300162) 动作=BUY 评分=73.0
[14:14:13] [风控] sz300162 加仓评分不足(73.0<85)
[14:14:13] [周期] 执行完毕。生成信号: 2 个
[14:32:47] [系统] 正在启动双线程分析架构...
[14:32:47] [交易 AI] 线程已启动,间隔 90 秒 (优先级:高)。
[14:32:47] [周期] 开始执行分析周期...
[14:32:47] [研究 AI] 独立后台已启动,正在后台运行中... (等待触发节点)
[14:32:47] [系统] 双线程分析循环已启动 (交易 + 研究)。
[14:33:06] [周期] 市场状态: 震荡偏多 | 上涨:146 下跌:68 上涨比:68.2% | 涨停:13 跌停:4
[14:33:06] ✅ [记忆交接] AI 已加载昨日复盘。 🎯 关注作业:sz000938, sh688317, sh688702 | 🚫 禁忌模式:半路追高, 缩量半路板, 退潮期接力
[14:33:35] [系统] 分析循环已停止。
[14:34:23] [AI思考] 科技主线明确，电子/半导体涨停潮，但龙头涨停不可追。持仓以周期和电力为主，非核心方向，但市场偏强暂时持有。候选选择新相微，科创板半导体跟风，换手适中，有望补涨。...
[14:34:23] [AI] 交易分析完成: stage=震荡偏多, signals=1
[14:34:23] ⚠️ [持仓警报] sz300162(雷曼光电): HOLD (逻辑=BROKEN)
[14:34:23] ⚠️ [持仓警报] sh600578(京能电力): HOLD (逻辑=BROKEN)
[14:34:23] [AI] 持仓检查完成: 11 只 (全部健康 ✅)
[14:34:23] [AI] 信号: 新相微(sh688593) 动作=BUY 评分=70.0
[14:34:23] [风控] 拒绝 sh688593: [A级]仓位已满：当前71% >= 市场震荡偏多最大70%
[14:34:23] [风控] sh688593 新相微 被拦截:[A级]仓位已满：当前71% >= 市场震荡偏多最大70%
[14:34:23] [周期] 执行完毕。生成信号: 1 个
[15:05:07] [系统] 正在启动双线程分析架构...
[15:05:07] [交易 AI] 线程已启动,间隔 90 秒 (优先级:高)。
[15:05:07] [交易 AI] 正在休市,等待开盘自动运行...
[15:05:07] [系统] 双线程分析循环已启动 (交易 + 研究)。
[15:05:07] [研究 AI] 独立后台已启动,正在后台运行中... (等待触发节点)
[15:07:28] [系统] 正在启动双线程分析架构...
[15:07:28] [交易 AI] 线程已启动,间隔 90 秒 (优先级:高)。
[15:07:28] [研究 AI] 独立后台已启动,正在后台运行中... (等待触发节点)
[15:07:28] [系统] 双线程分析循环已启动 (交易 + 研究)。
[15:07:28] [交易 AI] 正在休市,等待开盘自动运行...
[15:07:43] [系统] 分析循环已停止。
[15:07:46] [系统] 正在启动双线程分析架构...
[15:07:46] [交易 AI] 线程已启动,间隔 90 秒 (优先级:高)。
[15:07:46] [研究 AI] 独立后台已启动,正在后台运行中... (等待触发节点)
[15:07:46] [系统] 双线程分析循环已启动 (交易 + 研究)。
[15:07:46] [交易 AI] 正在休市,等待开盘自动运行...
[15:10:46] [系统] 正在启动双线程分析架构...
[15:10:46] [交易 AI] 线程已启动,间隔 90 秒 (优先级:高)。
[15:10:46] [研究 AI] 独立后台已启动,正在后台运行中... (等待触发节点)
[15:10:46] [系统] 双线程分析循环已启动 (交易 + 研究)。
[15:10:46] [交易 AI] 正在休市,等待开盘自动运行...
[15:35:46] [研究 AI] 触发节点 [收盘后深度复盘],开始调用进行工作...
[15:36:40] [研究 AI] [收盘后深度复盘] 工作完成。提示: 去弱留强，减持电力跟风股，聚焦资源与半导体核心机会
[15:36:40] [研究 AI] 今日复盘日记已成功写入数据库。
[15:36:40] [经验层] 自动登记禁忌模式:跟风补涨追高
[09:19:02] [系统] 正在启动双线程分析架构...
[09:19:02] [研究 AI] 独立后台已启动,正在后台运行中... (等待触发节点)
[09:19:02] [系统] 双线程分析循环已启动 (交易 + 研究)。
[09:19:02] [交易 AI] 线程已启动,间隔 90 秒 (优先级:高)。
[09:19:02] [研究 AI] 启动补检:错过早盘窗口,立即补做 [早盘前预判(补)]
[09:19:02] [研究 AI] 触发节点 [早盘前预判],开始调用进行工作...
[09:19:02] [周期] 开始执行分析周期...
[09:19:10] [周期] 市场状态: 震荡偏空 | 上涨:4 下跌:6 上涨比:28.6% | 涨停:0 跌停:0
[09:19:10] ✅ [记忆交接] AI 已加载昨日复盘。 🎯 关注作业:sz000938, sh688317, sh688702 | 🚫 禁忌模式:半路追高, 缩量半路板, 退潮期接力
[09:19:32] [研究 AI] [早盘前预判] 工作完成。提示: 聚焦电力主线龙头，去弱留强，降低跟风股仓位，等待确认后加码核心标的
[09:19:32] [研究 AI] 今日复盘日记已成功写入数据库。
[09:19:32] [经验层] 自动登记禁忌模式:弱势跟风追高
[09:19:32] [经验层] 自动登记禁忌模式:过度分散持仓
[09:19:44] [AI思考] 市场震荡偏空，上涨比低，集合竞价阶段不宜操作。持仓观望，关注低位防御股京东方A，若放量可考虑。...
[09:19:44] [AI] 交易分析完成: stage=震荡偏空, signals=1
[09:19:44] [AI] 持仓检查完成: 11 只 (全部健康 ✅)
[09:19:44] [拦截] AI 幻觉：代码 sz000725 (京东方Ａ) 与名称 '京东方A' 均无法对应 -> 丢弃
[09:19:44] [周期] 执行完毕。生成信号: 0 个
[09:20:32] [周期] 开始执行分析周期...
[09:20:33] [周期] 市场状态: 震荡偏空 | 上涨:4 下跌:7 上涨比:28.6% | 涨停:0 跌停:0
[09:20:33] ✅ [记忆交接] AI 已加载昨日复盘。 🎯 关注作业:sz000938, sh688317, sh688702 | 🚫 禁忌模式:半路追高, 缩量半路板, 退潮期接力
[09:21:05] [AI思考] 竞价阶段，市场震荡偏空，上涨率28.6%，均跌幅-0.73%，无明确主线。持仓整体需观望，关注医药和资源板块能否持续。...
[09:21:05] [AI] 交易分析完成: stage=震荡偏空, signals=1
[09:21:05] [AI] 持仓检查完成: 11 只 (全部健康 ✅)
[09:21:05] [AI] 信号: 梅花生物(sh600873) 动作=BUY 评分=75.0
[09:21:05] [风控] 拒绝 sh600873: [A级]仓位已满：当前71% >= 市场震荡偏空最大70%
[09:21:05] [风控] sh600873 梅花生物 被拦截:[A级]仓位已满：当前71% >= 市场震荡偏空最大70%
[09:21:05] [周期] 执行完毕。生成信号: 1 个
[09:22:02] [周期] 开始执行分析周期...
[09:22:08] [周期] 市场状态: 震荡偏空 | 上涨:5 下跌:7 上涨比:35.7% | 涨停:0 跌停:0
[09:22:08] ✅ [记忆交接] AI 已加载昨日复盘。 🎯 关注作业:sz000938, sh688317, sh688702 | 🚫 禁忌模式:半路追高, 缩量半路板, 退潮期接力
[09:22:57] [AI思考] 竞价阶段市场震荡偏空，上涨比35.7%，无涨停跌停。龙头中国铝业高开3.2%资源方向较强，医药平开轮动预期，持仓股分化。仓位71%超限，控制风险，观察为主。...
[09:22:57] [AI] 交易分析完成: stage=震荡偏空, signals=1
[09:22:57] ⚠️ [持仓警报] sz300162(雷曼光电): HOLD (逻辑=BROKEN)
[09:22:57] ⚠️ [持仓警报] sz300180(华峰超纤): HOLD (逻辑=BROKEN)
[09:22:57] ⚠️ [持仓警报] sh601991(大唐发电): HOLD (逻辑=BROKEN)
[09:22:57] ⚠️ [持仓警报] sh600578(京能电力): HOLD (逻辑=BROKEN)
[09:22:57] ⚠️ [持仓警报] sz002245(蔚蓝锂芯): HOLD (逻辑=BROKEN)
[09:22:57] [AI] 持仓检查完成: 11 只 (全部健康 ✅)
[09:22:57] [AI] 信号: 之江生物(sh688317) 动作=BUY 评分=60.0
[09:22:57] [风控] sh688317 加仓评分不足(60.0<85)
[09:22:57] [周期] 执行完毕。生成信号: 1 个
[09:23:31] [周期] 开始执行分析周期...
[09:23:32] [周期] 市场状态: 低迷 | 上涨:3 下跌:10 上涨比:21.4% | 涨停:0 跌停:0
[09:23:32] ✅ [记忆交接] AI 已加载昨日复盘。 🎯 关注作业:sz000938, sh688317, sh688702 | 🚫 禁忌模式:半路追高, 缩量半路板, 退潮期接力
[09:24:00] [系统] 分析循环已停止。
[09:24:09] [AI思考] 市场低迷，无涨停跌停，竞价情绪弱。持仓大多微亏，需观察开盘。研究AI关注之江生物，但已持仓。AI算力方向紫光股份可关注低吸机会。...
[09:24:09] [AI] 交易分析完成: stage=低迷, signals=1
[09:24:09] [AI] 持仓检查完成: 11 只 (全部健康 ✅)
[09:24:09] [拦截] AI 瞎编：找不到代码 sz000938 且名称 '紫光股份' 不在监控池中 -> 丢弃
[09:24:09] [周期] 执行完毕。生成信号: 0 个
[09:29:58] [系统] 正在启动双线程分析架构...
[09:29:58] [交易 AI] 线程已启动,间隔 90 秒 (优先级:高)。
[09:29:58] [研究 AI] 独立后台已启动,正在后台运行中... (等待触发节点)
[09:29:58] [系统] 双线程分析循环已启动 (交易 + 研究)。
[09:29:58] [周期] 开始执行分析周期...
[09:29:58] [研究 AI] 启动补检:错过早盘窗口,立即补做 [早盘前预判(补)]
[09:29:59] [周期] 市场状态: 低迷 | 上涨:3 下跌:10 上涨比:21.4% | 涨停:0 跌停:0
[09:29:59] ✅ [记忆交接] AI 已加载昨日复盘。 🎯 关注作业:sz000938, sh688317, sh688702 | 🚫 禁忌模式:半路追高, 缩量半路板, 退潮期接力
[09:30:57] [AI思考] 市场开盘低迷，上涨比仅21.4%，龙头分化，无明确主线。持仓暂持观望，不宜追高。候选京东方A作为面板龙头低位防御，符合震荡期低吸策略。...
[09:30:57] [AI] 交易分析完成: stage=低迷, signals=1
[09:30:57] [AI] 持仓检查完成: 11 只 (全部健康 ✅)
[09:30:57] [拦截] AI 幻觉：代码 sz000725 (京东方Ａ) 与名称 '京东方A' 均无法对应 -> 丢弃
[09:30:57] [周期] 执行完毕。生成信号: 0 个
[09:31:28] [周期] 开始执行分析周期...
[09:31:29] [周期] 市场状态: 震荡偏空 | 上涨:4 下跌:10 上涨比:28.6% | 涨停:0 跌停:0
[09:31:29] ✅ [记忆交接] AI 已加载昨日复盘。 🎯 关注作业:sz000938, sh688317, sh688702 | 🚫 禁忌模式:半路追高, 缩量半路板, 退潮期接力
[09:31:53] [系统] 正在启动双线程分析架构...
[09:31:53] [交易 AI] 线程已启动,间隔 90 秒 (优先级:高)。
[09:31:53] [研究 AI] 独立后台已启动,正在后台运行中... (等待触发节点)
[09:31:53] [系统] 双线程分析循环已启动 (交易 + 研究)。
[09:31:53] [周期] 开始执行分析周期...
[09:31:54] [周期] 市场状态: 震荡偏多 | 上涨:148 下跌:56 上涨比:71.2% | 涨停:7 跌停:1
[09:31:54] ✅ [记忆交接] AI 已加载昨日复盘。 🎯 关注作业:sz000938, sh688317, sh688702 | 🚫 禁忌模式:半路追高, 缩量半路板, 退潮期接力
[09:33:18] [AI思考] 涨停股买不到，候选池仅同有科技未涨停且题材沾边半导体，卖弱买强腾资金介入。...
[09:33:18] [AI] 交易分析完成: stage=震荡偏多, signals=1
[09:33:18] ⚠️ [持仓警报] sz300180(华峰超纤): SELL (逻辑=BROKEN)
[09:33:18] [AI] 逻辑破坏 sz300180,触发卖出
[09:33:18] [同步] 已将 sz300180 内存状态更新为 BROKEN,准备强平
[09:33:18] [经验层] 已记录 华峰超纤 的卖出结果 (loss) 到数据库
[09:33:18] [交易] 卖出 华峰超纤: 200股 @ 5.24, 盈亏=-39.00
[09:33:18] ⚠️ [持仓警报] sh601991(大唐发电): SELL (逻辑=BROKEN)
[09:33:18] [AI] 逻辑破坏 sh601991,触发卖出
[09:33:18] [同步] 已将 sh601991 内存状态更新为 BROKEN,准备强平
[09:33:18] [经验层] 已记录 大唐发电 的卖出结果 (loss) 到数据库
[09:33:18] [交易] 卖出 大唐发电: 100股 @ 7.18, 盈亏=-22.00
[09:33:18] [AI] 持仓检查完成: 11 只 (全部健康 ✅)
[09:33:18] [AI] 信号: 华峰超纤(sz300180) 动作=SELL 评分=0.0
[09:33:18] [AI] 信号: 华峰超纤 动作=SELL 评分=0.0
[09:33:18] [AI] 信号: 大唐发电(sh601991) 动作=SELL 评分=0.0
[09:33:18] [AI] 信号: 大唐发电 动作=SELL 评分=0.0
[09:33:18] [AI] 信号: 同有科技(sz300302) 动作=BUY 评分=72.0
[09:33:18] [风控] 拒绝 sz300302: [A级]单只超限：24% > 普通上限15%
[09:33:18] [风控] sz300302 同有科技 被拦截:[A级]单只超限：24% > 普通上限15%
[09:33:18] [周期] 执行完毕。生成信号: 3 个
[09:33:23] [周期] 开始执行分析周期...
[09:33:24] [周期] 市场状态: 震荡偏多 | 上涨:145 下跌:62 上涨比:69.7% | 涨停:8 跌停:2
[09:33:24] ✅ [记忆交接] AI 已加载昨日复盘。 🎯 关注作业:sz000938, sh688317, sh688702 | 🚫 禁忌模式:半路追高, 缩量半路板, 退潮期接力
[09:34:10] [AI思考] 市场震荡偏多，涨停8只，情绪回暖。持仓多为盈亏平衡或小幅盈利，整体可持有；节能风电走势疲弱换手低，拟卖出。候选池非涨停标的仅元力股份，换手温和，可小仓试错。...
[09:34:10] [AI] 交易分析完成: stage=震荡偏多, signals=1
[09:34:10] ⚠️ [持仓警报] sh601016(节能风电): SELL (逻辑=BROKEN)
[09:34:10] [AI] 逻辑破坏 sh601016,触发卖出
[09:34:10] [同步] 已将 sh601016 内存状态更新为 BROKEN,准备强平
[09:34:10] [经验层] 已记录 节能风电 的卖出结果 (win) 到数据库
[09:34:10] [交易] 卖出 节能风电: 100股 @ 4.65, 盈亏=+1.00
[09:34:10] [AI] 持仓检查完成: 9 只 (全部健康 ✅)
[09:34:10] [AI] 信号: 节能风电(sh601016) 动作=SELL 评分=0.0
[09:34:10] [AI] 信号: 节能风电 动作=SELL 评分=0.0
[09:34:10] [AI] 信号: 元力股份(sz300174) 动作=BUY 评分=70.0
[09:34:10] [交易] 买入 元力股份: 100股 @ 23.33
[09:34:10] [周期] 执行完毕。生成信号: 2 个
[09:34:52] [周期] 开始执行分析周期...
[09:34:57] [周期] 市场状态: 震荡偏多 | 上涨:149 下跌:58 上涨比:71.6% | 涨停:11 跌停:2
[09:34:57] ✅ [记忆交接] AI 已加载昨日复盘。 🎯 关注作业:sz000938, sh688317, sh688702 | 🚫 禁忌模式:半路追高, 缩量半路板, 退潮期接力
[09:36:04] [AI思考] 市场震荡偏多，涨停11家，AI应用与低价股活跃。中文在线涨幅7.3%未涨停，换手3.0%，形态较强，可作为AI补涨试错。持仓整体稳健，之江生物盈利8.3%非主线，止盈腾出空间。...
[09:36:04] [AI] 交易分析完成: stage=震荡偏多, signals=1
[09:36:04] ⚠️ [持仓警报] sh688317(之江生物): SELL (逻辑=VALID)
[09:36:04] [AI] 持仓检查完成: 9 只 (全部健康 ✅)
[09:36:04] [AI] 信号: 中文在线(sz300364) 动作=BUY 评分=70.0
[09:36:04] [风控] 拒绝 sz300364: [A级]仓位已满：当前72% >= 市场震荡偏多最大70%
[09:36:04] [风控] sz300364 中文在线 被拦截:[A级]仓位已满：当前72% >= 市场震荡偏多最大70%
[09:36:04] [周期] 执行完毕。生成信号: 1 个
[09:36:21] [周期] 开始执行分析周期...
[09:36:51] [周期] 市场状态: 震荡偏多 | 上涨:148 下跌:58 上涨比:71.2% | 涨停:12 跌停:3
[09:36:51] ✅ [记忆交接] AI 已加载昨日复盘。 🎯 关注作业:sz000938, sh688317, sh688702 | 🚫 禁忌模式:半路追高, 缩量半路板, 退潮期接力
[09:38:23] [AI思考] 光伏主线（罗博特科领涨），首航新能+10.8%放量，可80分。持仓中京能电力弱势，之江生物冲高可卖。资金仅够买1只。...
[09:38:23] [AI] 交易分析完成: stage=震荡偏多, signals=1
[09:38:23] ⚠️ [持仓警报] sh688317(之江生物): SELL (逻辑=BROKEN)
[09:38:23] [AI] 逻辑破坏 sh688317,触发卖出
[09:38:23] [同步] 已将 sh688317 内存状态更新为 BROKEN,准备强平
[09:38:23] [经验层] 已记录 之江生物 的卖出结果 (win) 到数据库
[09:38:23] [交易] 卖出 之江生物: 100股 @ 24.23, 盈亏=+172.00
[09:38:23] ⚠️ [持仓警报] sh600578(京能电力): SELL (逻辑=BROKEN)
[09:38:23] [AI] 逻辑破坏 sh600578,触发卖出
[09:38:23] [同步] 已将 sh600578 内存状态更新为 BROKEN,准备强平
[09:38:23] [经验层] 已记录 京能电力 的卖出结果 (loss) 到数据库
[09:38:23] [交易] 卖出 京能电力: 100股 @ 9.3, 盈亏=-28.00
[09:38:23] [AI] 持仓检查完成: 9 只 (全部健康 ✅)
[09:38:23] [校正] AI 代码失效 (sz002665)，通过名称 '首航新能' 反查锁定 sz301658
[09:38:23] [AI] 信号: 之江生物(sh688317) 动作=SELL 评分=0.0
[09:38:23] [AI] 信号: 之江生物 动作=SELL 评分=0.0
[09:38:23] [AI] 信号: 京能电力(sh600578) 动作=SELL 评分=0.0
[09:38:23] [AI] 信号: 京能电力 动作=SELL 评分=0.0
[09:38:23] [AI] 信号: 首航新能(sz301658) 动作=BUY 评分=80.0
[09:38:23] [风控] 拒绝 sz301658: [A级]单只超限：21% > 普通上限15%
[09:38:23] [风控] sz301658 首航新能 被拦截:[A级]单只超限：21% > 普通上限15%
[09:38:23] [周期] 执行完毕。生成信号: 3 个
[09:38:24] [周期] 开始执行分析周期...
[09:38:26] [周期] 市场状态: 震荡偏多 | 上涨:139 下跌:68 上涨比:66.8% | 涨停:12 跌停:3
[09:38:26] ✅ [记忆交接] AI 已加载昨日复盘。 🎯 关注作业:sz000938, sh688317, sh688702 | 🚫 禁忌模式:半路追高, 缩量半路板, 退潮期接力
[09:39:08] [AI思考] 市场震荡偏多，涨停12家。候选池中泰永长征等四股涨停不买，同有科技冷却，仅剩节能风电。虽无主线特征，按兜底机制小仓试错。持仓盈亏不大，均持有。...
[09:39:08] [AI] 交易分析完成: stage=震荡偏多, signals=1
[09:39:08] [AI] 持仓检查完成: 7 只 (全部健康 ✅)
[09:39:08] [AI] 信号: 节能风电(sh601016) 动作=BUY 评分=65.0
[09:39:08] [风控] 拒绝 sh601016: [S级]仓位状态：信念值不足：20 < 60
[09:39:08] [风控] sh601016 节能风电 被拦截:[S级]仓位状态：信念值不足：20 < 60
[09:39:08] [周期] 执行完毕。生成信号: 1 个
[09:39:54] [周期] 开始执行分析周期...
[09:39:55] [周期] 市场状态: 震荡偏多 | 上涨:143 下跌:65 上涨比:68.8% | 涨停:14 跌停:4
[09:39:55] ✅ [记忆交接] AI 已加载昨日复盘。 🎯 关注作业:sz000938, sh688317, sh688702 | 🚫 禁忌模式:半路追高, 缩量半路板, 退潮期接力
[09:40:26] [AI思考] 市场震荡偏多，但候选池全部涨停，无介入机会，持仓暂持观察。...
[09:40:26] [AI调试] candidates为空 | stage=震荡偏多 | 第二层候选池=有 | max_price=51.0元 | cash=9145
[09:40:26] [AI调试] AI内部逻辑: 市场震荡偏多，但候选池全部涨停，无介入机会，持仓暂持观察。
[09:40:26] [AI] 交易分析完成: stage=震荡偏多, signals=0
[09:40:26] [AI] 持仓检查完成: 7 只 (全部健康 ✅)
[09:40:26] [周期] 执行完毕。生成信号: 0 个
[09:41:23] [周期] 开始执行分析周期...
[09:41:24] [周期] 市场状态: 震荡偏多 | 上涨:136 下跌:71 上涨比:65.4% | 涨停:15 跌停:3
[09:41:24] ✅ [记忆交接] AI 已加载昨日复盘。 🎯 关注作业:sz000938, sh688317, sh688702 | 🚫 禁忌模式:半路追高, 缩量半路板, 退潮期接力
[09:42:03] [AI思考] 市场震荡偏多，涨停家数多但集中于非核心板块。候选池股票均涨停或处于冷却名单，无符合条件的买入标的，故candidates为空。持仓整体微盈，逻辑未破，继续持有。...
[09:42:03] [AI调试] candidates为空 | stage=震荡偏多 | 第二层候选池=有 | max_price=50.9元 | cash=9145
[09:42:03] [AI调试] AI内部逻辑: 市场震荡偏多，涨停家数多但集中于非核心板块。候选池股票均涨停或处于冷却名单，无符合条件的买入标的，故candidates为空。持仓整体微盈，逻辑未破，继续持有。
[09:42:03] [AI] 交易分析完成: stage=震荡偏多, signals=0
[09:42:03] [AI] 持仓检查完成: 6 只 (全部健康 ✅)
[09:42:03] [周期] 执行完毕。生成信号: 0 个
[09:43:05] [系统] 正在启动双线程分析架构...
[09:43:05] [交易 AI] 线程已启动,间隔 90 秒 (优先级:高)。
[09:43:05] [研究 AI] 独立后台已启动,正在后台运行中... (等待触发节点)
[09:43:05] [系统] 双线程分析循环已启动 (交易 + 研究)。
[09:43:05] [周期] 开始执行分析周期...
[09:43:06] [同步] T+1状态同步失败: Thesis.__init__() missing 1 required positional argument: 'invalid_conditions'
[09:43:07] [周期] 市场状态: 震荡偏多 | 上涨:135 下跌:66 上涨比:67.2% | 涨停:9 跌停:1
[09:43:07] ✅ [记忆交接] AI 已加载昨日复盘。 🎯 关注作业:sz000938, sh688317, sh688702 | 🚫 禁忌模式:半路追高, 缩量半路板, 退潮期接力
[09:44:22] [AI思考] 科创板强势，N长进领涨，纳微科技同属新材料小盘，温和放量，符合升温期趋势股标准，给予80分。持仓股盈亏平衡，趋势未破，暂持有。...
[09:44:22] [AI] 交易分析完成: stage=震荡偏多, signals=2
[09:44:22] [AI] 持仓检查完成: 7 只 (全部健康 ✅)
[09:44:22] [AI] 信号: 纳微科技(sh688690) 动作=BUY 评分=80.0
[09:44:22] [风控] 拒绝 sh688690: [A级]单只超限：19% > 普通上限15%
[09:44:22] [风控] sh688690 纳微科技 被拦截:[A级]单只超限：19% > 普通上限15%
[09:44:22] [AI] 信号: 芯联集成-U(sh688469) 动作=BUY 评分=70.0
[09:44:22] [交易] 买入 芯联集成-U: 100股 @ 8.75
[09:44:22] [周期] 执行完毕。生成信号: 2 个
[09:44:35] [周期] 开始执行分析周期...
[09:44:35] [同步] T+1状态同步失败: Thesis.__init__() missing 1 required positional argument: 'invalid_conditions'
[09:44:36] [周期] 市场状态: 震荡偏多 | 上涨:135 下跌:66 上涨比:67.2% | 涨停:11 跌停:1
[09:44:36] ✅ [记忆交接] AI 已加载昨日复盘。 🎯 关注作业:sz000938, sh688317, sh688702 | 🚫 禁忌模式:半路追高, 缩量半路板, 退潮期接力
[09:45:29] [AI思考] 市场震荡偏多，芯片半导体主线强势（华天科技等涨停），芯联集成-U属科创板芯片，涨幅7.5%未涨停，补涨逻辑，可小仓跟进。持仓中非主线弱势股雷曼光电建议卖出。...
[09:45:29] [AI] 交易分析完成: stage=震荡偏多, signals=1
[09:45:29] ⚠️ [持仓警报] sz300162(雷曼光电): SELL (逻辑=BROKEN)
[09:45:29] [AI] 逻辑破坏 sz300162,触发卖出
[09:45:29] [同步] 已将 sz300162 内存状态更新为 BROKEN,准备强平
[09:45:29] [经验层] 已记录 雷曼光电 的卖出结果 (loss) 到数据库
[09:45:29] [交易] 卖出 雷曼光电: 100股 @ 11.38, 盈亏=-38.00
[09:45:29] [AI] 持仓检查完成: 8 只 (全部健康 ✅)
[09:45:29] [AI] 信号: 雷曼光电(sz300162) 动作=SELL 评分=0.0
[09:45:29] [AI] 信号: 雷曼光电 动作=SELL 评分=0.0
[09:45:29] [AI] 信号: 芯联集成-U(sh688469) 动作=BUY 评分=75.0
[09:45:29] [风控] sh688469 加仓评分不足(75.0<85)
[09:45:29] [周期] 执行完毕。生成信号: 2 个
[09:46:04] [周期] 开始执行分析周期...
[09:46:05] [同步] T+1状态同步失败: Thesis.__init__() missing 1 required positional argument: 'invalid_conditions'
[09:46:05] [周期] 市场状态: 震荡偏多 | 上涨:138 下跌:63 上涨比:68.7% | 涨停:13 跌停:1
[09:46:05] ✅ [记忆交接] AI 已加载昨日复盘。 🎯 关注作业:sz000938, sh688317, sh688702 | 🚫 禁忌模式:半路追高, 缩量半路板, 退潮期接力
[09:47:00] [AI思考] 震荡偏多，半导体主线领涨，龙头华天科技等强势。持仓暂时持有。候选池中芯联集成-U跟涨半导体，虽已持仓冻结但可小仓试错，避免空仓。...
[09:47:00] [AI] 交易分析完成: stage=震荡偏多, signals=1
[09:47:00] [AI] 持仓检查完成: 7 只 (全部健康 ✅)
[09:47:00] [AI] 信号: 芯联集成-U(sh688469) 动作=BUY 评分=75.0
[09:47:00] [风控] sh688469 加仓评分不足(75.0<85)
[09:47:00] [周期] 执行完毕。生成信号: 1 个
[09:47:33] [周期] 开始执行分析周期...
[09:47:34] [同步] T+1状态同步失败: Thesis.__init__() missing 1 required positional argument: 'invalid_conditions'
[09:47:35] [周期] 市场状态: 震荡偏多 | 上涨:138 下跌:63 上涨比:68.7% | 涨停:11 跌停:2
[09:47:35] ✅ [记忆交接] AI 已加载昨日复盘。 🎯 关注作业:sz000938, sh688317, sh688702 | 🚫 禁忌模式:半路追高, 缩量半路板, 退潮期接力
[09:48:33] [AI思考] 市场震荡偏多，涨停较多但第二层可买标的有限，排除涨停和冷却股后，百纳千成涨幅8.2%领涨非涨停，换手温和，试错买入。...
[09:48:33] [AI] 交易分析完成: stage=震荡偏多, signals=1
[09:48:33] [AI] 持仓检查完成: 7 只 (全部健康 ✅)
[09:48:33] [AI] 信号: 百纳千成(sz300291) 动作=BUY 评分=72.0
[09:48:33] [交易] 买入 百纳千成: 100股 @ 6.05
[09:48:33] [周期] 执行完毕。生成信号: 1 个
[09:49:03] [周期] 开始执行分析周期...
[09:49:04] [同步] T+1状态同步失败: Thesis.__init__() missing 1 required positional argument: 'invalid_conditions'
[09:49:04] [周期] 市场状态: 震荡偏多 | 上涨:136 下跌:65 上涨比:67.7% | 涨停:14 跌停:1
[09:49:04] ✅ [记忆交接] AI 已加载昨日复盘。 🎯 关注作业:sz000938, sh688317, sh688702 | 🚫 禁忌模式:半路追高, 缩量半路板, 退潮期接力
[09:50:33] [AI思考] 市场震荡偏多，半导体芯片领涨，主线明确。持仓中非主线股卖出，集中主线。芯联集成-U为科创板半导体，涨幅6.8%，趋势良好，可买入。...
[09:50:33] [AI] 交易分析完成: stage=震荡偏多, signals=1
[09:50:33] ⚠️ [持仓警报] sh601101(昊华能源): SELL (逻辑=BROKEN)
[09:50:33] [AI] 逻辑破坏 sh601101,触发卖出
[09:50:33] [同步] 已将 sh601101 内存状态更新为 BROKEN,准备强平
[09:50:33] [经验层] 已记录 昊华能源 的卖出结果 (loss) 到数据库
[09:50:33] [交易] 卖出 昊华能源: 100股 @ 10.28, 盈亏=-19.00
[09:50:33] ⚠️ [持仓警报] sh601908(京运通): SELL (逻辑=BROKEN)
[09:50:33] [AI] 逻辑破坏 sh601908,触发卖出
[09:50:33] [同步] 已将 sh601908 内存状态更新为 BROKEN,准备强平
[09:50:33] [经验层] 已记录 京运通 的卖出结果 (win) 到数据库
[09:50:33] [交易] 卖出 京运通: 400股 @ 3.74, 盈亏=+16.00
[09:50:33] ⚠️ [持仓警报] sz002245(蔚蓝锂芯): SELL (逻辑=BROKEN)
[09:50:33] [AI] 逻辑破坏 sz002245,触发卖出
[09:50:33] [同步] 已将 sz002245 内存状态更新为 BROKEN,准备强平
[09:50:33] [经验层] 已记录 蔚蓝锂芯 的卖出结果 (win) 到数据库
[09:50:33] [交易] 卖出 蔚蓝锂芯: 100股 @ 22.17, 盈亏=+21.00
[09:50:33] ⚠️ [持仓警报] sh601600(中国铝业): SELL (逻辑=BROKEN)
[09:50:33] [AI] 逻辑破坏 sh601600,触发卖出
[09:50:33] [同步] 已将 sh601600 内存状态更新为 BROKEN,准备强平
[09:50:33] [经验层] 已记录 中国铝业 的卖出结果 (win) 到数据库
[09:50:33] [交易] 卖出 中国铝业: 100股 @ 12.0, 盈亏=+42.00
[09:50:33] ⚠️ [持仓警报] sz300174(元力股份): HOLD (逻辑=BROKEN)
[09:50:33] [AI] 持仓检查完成: 8 只 (全部健康 ✅)
[09:50:33] [AI] 信号: 昊华能源(sh601101) 动作=SELL 评分=0.0
[09:50:33] [AI] 信号: 昊华能源 动作=SELL 评分=0.0
[09:50:33] [AI] 信号: 京运通(sh601908) 动作=SELL 评分=0.0
[09:50:33] [AI] 信号: 京运通 动作=SELL 评分=0.0
[09:50:33] [AI] 信号: 蔚蓝锂芯(sz002245) 动作=SELL 评分=0.0
[09:50:33] [AI] 信号: 蔚蓝锂芯 动作=SELL 评分=0.0
[09:50:33] [AI] 信号: 中国铝业(sh601600) 动作=SELL 评分=0.0
[09:50:33] [AI] 信号: 中国铝业 动作=SELL 评分=0.0
[09:50:33] [AI] 信号: 芯联集成-U(sh688469) 动作=BUY 评分=85.0
[09:50:33] [加仓] sh688469(芯联集成-U) 允许加仓,当前仓位4.3%,评分85.0
[09:50:33] [加仓] 预算调整为原预算的50%: 884
[09:50:33] [交易] 买入 芯联集成-U: 100股 @ 8.86
[09:50:33] [周期] 执行完毕。生成信号: 5 个
[09:50:34] [周期] 开始执行分析周期...
[09:50:36] [周期] 市场状态: 震荡偏多 | 上涨:135 下跌:65 上涨比:67.2% | 涨停:14 跌停:1
[09:50:36] ✅ [记忆交接] AI 已加载昨日复盘。 🎯 关注作业:sz000938, sh688317, sh688702 | 🚫 禁忌模式:半路追高, 缩量半路板, 退潮期接力
[09:51:25] [AI思考] 市场震荡偏多，科技主线活跃。持仓颀中科技微亏但趋势未破，持有。候选池中涨停股不可买，选星徽股份作为创业板跟风，小仓试错。...
[09:51:25] [AI] 交易分析完成: stage=震荡偏多, signals=1
[09:51:25] [AI] 持仓检查完成: 1 只 (全部健康 ✅)
[09:51:25] [AI] 信号: 星徽股份(sz300464) 动作=BUY 评分=70.0
[09:51:25] [交易] 买入 星徽股份: 100股 @ 10.79
[09:51:25] [周期] 执行完毕。生成信号: 1 个
[09:52:03] [周期] 开始执行分析周期...
[09:52:04] [周期] 市场状态: 震荡偏多 | 上涨:135 下跌:66 上涨比:67.2% | 涨停:14 跌停:1
[09:52:04] ✅ [记忆交接] AI 已加载昨日复盘。 🎯 关注作业:sz000938, sh688317, sh688702 | 🚫 禁忌模式:半路追高, 缩量半路板, 退潮期接力
[09:52:41] [AI思考] 市场震荡偏多，涨停多跌停少，情绪回暖。持仓中仅颀中科技可卖但亏损少暂持。候选池中龙头多已涨停，按策略需选一只非核心标的试错。星徽股份跟随创业板龙头百纳千成放量上涨，形态较强，可小仓试错。...
[09:52:41] [AI] 交易分析完成: stage=震荡偏多, signals=1
[09:52:41] [AI] 持仓检查完成: 1 只 (全部健康 ✅)
[09:52:41] [AI] 信号: 星徽股份(sz300464) 动作=BUY 评分=72.0
[09:52:41] [风控] sz300464 加仓评分不足(72.0<85)
[09:52:41] [周期] 执行完毕。生成信号: 1 个
[09:53:32] [周期] 开始执行分析周期...
[09:53:33] [周期] 市场状态: 震荡偏多 | 上涨:134 下跌:67 上涨比:66.7% | 涨停:15 跌停:1
[09:53:33] ✅ [记忆交接] AI 已加载昨日复盘。 🎯 关注作业:sz000938, sh688317, sh688702 | 🚫 禁忌模式:半路追高, 缩量半路板, 退潮期接力
[09:54:28] [AI思考] 市场震荡偏多，科技主线批量涨停，但已无买点。可买标的仅电力补涨。持仓中颀中科技非主线弱势，建议卖出。...
[09:54:28] [AI] 交易分析完成: stage=震荡偏多, signals=1
[09:54:28] ⚠️ [持仓警报] sh688352(颀中科技): SELL (逻辑=BROKEN)
[09:54:28] [AI] 逻辑破坏 sh688352,触发卖出
[09:54:28] [同步] 已将 sh688352 内存状态更新为 BROKEN,准备强平
[09:54:28] [经验层] 已记录 颀中科技 的卖出结果 (loss) 到数据库
[09:54:28] [交易] 卖出 颀中科技: 100股 @ 18.37, 盈亏=-27.00
[09:54:28] [AI] 持仓检查完成: 5 只 (全部健康 ✅)
[09:54:28] [AI] 信号: 颀中科技(sh688352) 动作=SELL 评分=0.0
[09:54:28] [AI] 信号: 颀中科技 动作=SELL 评分=0.0
[09:54:28] [AI] 信号: 上海电力(sh600021) 动作=BUY 评分=70.0
[09:54:28] [交易] 买入 上海电力: 100股 @ 21.03
[09:54:28] [周期] 执行完毕。生成信号: 2 个
[09:55:01] [周期] 开始执行分析周期...
[09:55:03] [周期] 市场状态: 震荡偏多 | 上涨:135 下跌:66 上涨比:67.2% | 涨停:15 跌停:1
[09:55:03] ✅ [记忆交接] AI 已加载昨日复盘。 🎯 关注作业:sz000938, sh688317, sh688702 | 🚫 禁忌模式:半路追高, 缩量半路板, 退潮期接力
[09:55:38] [AI思考] 市场震荡偏多，涨停较多，但主线散乱。候选池中仅京能电力未涨停且不在冷却/持仓中，可小仓试错，跟随电力板块轮动。...
[09:55:38] [AI] 交易分析完成: stage=震荡偏多, signals=1
[09:55:38] [AI] 持仓检查完成: 5 只 (全部健康 ✅)
[09:55:38] [校正] AI 代码失效 (sh601578)，通过名称 '京能电力' 反查锁定 sh600578
[09:55:38] [AI] 信号: 京能电力(sh600578) 动作=BUY 评分=65.0
[09:55:38] [交易] 买入 京能电力: 100股 @ 9.35
[09:55:38] [周期] 执行完毕。生成信号: 1 个
[09:56:31] [周期] 开始执行分析周期...
[09:56:33] [周期] 市场状态: 震荡偏多 | 上涨:138 下跌:62 上涨比:68.7% | 涨停:16 跌停:3
[09:56:33] ✅ [记忆交接] AI 已加载昨日复盘。 🎯 关注作业:sz000938, sh688317, sh688702 | 🚫 禁忌模式:半路追高, 缩量半路板, 退潮期接力
[09:57:17] [AI思考] 市场震荡偏多，科技主线活跃。持仓全冻结，不宜卖出。候选池仅商络电子未涨停且非冷却，可作补涨试错。...
[09:57:17] [AI] 交易分析完成: stage=震荡偏多, signals=1
[09:57:17] [AI] 持仓检查完成: 6 只 (全部健康 ✅)
[09:57:17] [AI] 信号: 商络电子(sz300975) 动作=BUY 评分=75.0
[09:57:17] [风控] 拒绝 sz300975: [A级]单只超限：16% > 普通上限15%
[09:57:17] [风控] sz300975 商络电子 被拦截:[A级]单只超限：16% > 普通上限15%
[09:57:17] [周期] 执行完毕。生成信号: 1 个
[09:58:01] [周期] 开始执行分析周期...
[09:58:02] [周期] 市场状态: 震荡偏多 | 上涨:136 下跌:63 上涨比:67.7% | 涨停:15 跌停:1
[09:58:02] ✅ [记忆交接] AI 已加载昨日复盘。 🎯 关注作业:sz000938, sh688317, sh688702 | 🚫 禁忌模式:半路追高, 缩量半路板, 退潮期接力
[09:59:06] [AI思考] 市场震荡偏多，半导体主线明确，华天科技涨停，芯联集成-U同属性未涨停，量价合理，符合升温期趋势股策略，评分85。...
[09:59:06] [AI] 交易分析完成: stage=震荡偏多, signals=1
[09:59:06] [AI] 持仓检查完成: 6 只 (全部健康 ✅)
[09:59:06] [AI] 信号: 芯联集成-U(sh688469) 动作=BUY 评分=85.0
[09:59:06] [加仓] sh688469(芯联集成-U) 允许加仓,当前仓位8.7%,评分85.0
[09:59:06] [加仓] 预算调整为原预算的50%: 694
[09:59:06] [交易] 买入 芯联集成-U: 100股 @ 8.88
[09:59:06] [周期] 执行完毕。生成信号: 1 个
[09:59:31] [周期] 开始执行分析周期...
[09:59:32] [周期] 市场状态: 震荡偏多 | 上涨:138 下跌:63 上涨比:68.7% | 涨停:15 跌停:1
[09:59:32] ✅ [记忆交接] AI 已加载昨日复盘。 🎯 关注作业:sz000938, sh688317, sh688702 | 🚫 禁忌模式:半路追高, 缩量半路板, 退潮期接力
[10:00:21] [AI思考] 市场震荡偏多，主线在半导体，涨停15家。持仓全锁，持有。候选池芯联集成-U属半导体，涨幅7%未涨停，可追入。...
[10:00:21] [AI] 交易分析完成: stage=震荡偏多, signals=1
[10:00:21] [AI] 持仓检查完成: 6 只 (全部健康 ✅)
[10:00:21] [AI] 信号: 芯联集成-U(sh688469) 动作=BUY 评分=80.0
[10:00:21] [风控] sh688469 加仓评分不足(80.0<85)
[10:00:21] [周期] 执行完毕。生成信号: 1 个
[10:01:00] [周期] 开始执行分析周期...
[10:01:01] [周期] 市场状态: 震荡偏多 | 上涨:138 下跌:62 上涨比:68.7% | 涨停:13 跌停:1
[10:01:01] ✅ [记忆交接] AI 已加载昨日复盘。 🎯 关注作业:sz000938, sh688317, sh688702 | 🚫 禁忌模式:半路追高, 缩量半路板, 退潮期接力
[10:02:08] [AI思考] 半导体主线延续，天岳先进领涨，纳微科技放量强势可介入。百纳千成涨停、芯联集成-U持仓中，商络电子冷却。持仓多数逻辑有效，百纳千成龙头溢价高。...
[10:02:08] [AI] 交易分析完成: stage=震荡偏多, signals=1
[10:02:08] ⚠️ [持仓警报] sz300174(元力股份): HOLD (逻辑=BROKEN)
[10:02:08] ⚠️ [持仓警报] sz300464(星徽股份): HOLD (逻辑=BROKEN)
[10:02:08] [AI] 持仓检查完成: 6 只 (全部健康 ✅)
[10:02:08] [AI] 信号: 纳微科技(sh688690) 动作=BUY 评分=85.0
[10:02:08] [风控] 拒绝 sh688690: [A级]单只超限：21% > 普通上限15%
[10:02:08] [风控] sh688690 纳微科技 被拦截:[A级]单只超限：21% > 普通上限15%
[10:02:08] [周期] 执行完毕。生成信号: 1 个
[10:02:30] [周期] 开始执行分析周期...
[10:02:32] [周期] 市场状态: 震荡偏多 | 上涨:137 下跌:64 上涨比:68.2% | 涨停:14 跌停:1
[10:02:32] ✅ [记忆交接] AI 已加载昨日复盘。 🎯 关注作业:sz000938, sh688317, sh688702 | 🚫 禁忌模式:半路追高, 缩量半路板, 退潮期接力
[10:03:28] [AI思考] 市场震荡偏多，半导体主线明确，华天科技等涨停引领，芯联集成-U作为同属性趋势股，涨幅6.9%未涨停，可择机小仓介入。持仓均冻结，持有。...
[10:03:28] [AI] 交易分析完成: stage=震荡偏多, signals=1
[10:03:28] [AI] 持仓检查完成: 6 只 (全部健康 ✅)
[10:03:28] [AI] 信号: 芯联集成-U(sh688469) 动作=BUY 评分=80.0
[10:03:28] [风控] sh688469 加仓评分不足(80.0<85)
[10:03:28] [周期] 执行完毕。生成信号: 1 个
[10:03:59] [周期] 开始执行分析周期...
[10:04:00] [周期] 市场状态: 震荡偏多 | 上涨:139 下跌:61 上涨比:69.2% | 涨停:13 跌停:2
[10:04:00] ✅ [记忆交接] AI 已加载昨日复盘。 🎯 关注作业:sz000938, sh688317, sh688702 | 🚫 禁忌模式:半路追高, 缩量半路板, 退潮期接力
[10:05:00] [AI思考] 市场震荡偏多，涨停股多但候选池中非涨停可选标的仅电力股，电力板块轮动温和，上海电力领涨，量价健康，试错买入。...
[10:05:00] [AI] 交易分析完成: stage=震荡偏多, signals=1
[10:05:00] [AI] 持仓检查完成: 6 只 (全部健康 ✅)
[10:05:00] [AI] 信号: 上海电力(sh600021) 动作=BUY 评分=70.0
[10:05:00] [风控] sh600021 加仓评分不足(70.0<85)
[10:05:00] [周期] 执行完毕。生成信号: 1 个
[10:05:29] [周期] 开始执行分析周期...
[10:05:30] [周期] 市场状态: 震荡偏多 | 上涨:139 下跌:62 上涨比:69.2% | 涨停:14 跌停:2
[10:05:30] ✅ [记忆交接] AI 已加载昨日复盘。 🎯 关注作业:sz000938, sh688317, sh688702 | 🚫 禁忌模式:半路追高, 缩量半路板, 退潮期接力
[10:06:27] [AI思考] 市场震荡偏多，百纳千成领涨创业板且换手健康，符合升温期趋势股逻辑，其余涨停股不可追，电力偏弱，故推荐加仓百纳千成。...
[10:06:27] [AI] 交易分析完成: stage=震荡偏多, signals=1
[10:06:27] [AI] 持仓检查完成: 6 只 (全部健康 ✅)
[10:06:27] [AI] 信号: 百纳千成(sz300291) 动作=BUY 评分=85.0
[10:06:27] [加仓] sz300291(百纳千成) 允许加仓,当前仓位3.2%,评分85.0
[10:06:27] [加仓] 预算调整为原预算的50%: 641
[10:06:27] [交易] 买入 百纳千成: 100股 @ 6.55
[10:06:27] [周期] 执行完毕。生成信号: 1 个
[10:06:58] [周期] 开始执行分析周期...
[10:06:59] [周期] 市场状态: 震荡偏多 | 上涨:135 下跌:66 上涨比:67.2% | 涨停:13 跌停:2
[10:06:59] ✅ [记忆交接] AI 已加载昨日复盘。 🎯 关注作业:sz000938, sh688317, sh688702 | 🚫 禁忌模式:半路追高, 缩量半路板, 退潮期接力
[10:07:53] [AI思考] 震荡偏多，百纳千成领涨创业板，银禧科技同板块跟风，量价健康，符合主线趋势，评分80。持仓股趋势未破，继续持有。...
[10:07:53] [AI] 交易分析完成: stage=震荡偏多, signals=1
[10:07:53] [AI] 持仓检查完成: 6 只 (全部健康 ✅)
[10:07:53] [AI] 信号: 银禧科技(sz300221) 动作=BUY 评分=80.0
[10:07:53] [交易] 买入 银禧科技: 100股 @ 14.52
[10:07:53] [周期] 执行完毕。生成信号: 1 个
[10:08:28] [周期] 开始执行分析周期...
[10:08:29] [周期] 市场状态: 震荡偏多 | 上涨:140 下跌:60 上涨比:69.7% | 涨停:14 跌停:2
[10:08:29] ✅ [记忆交接] AI 已加载昨日复盘。 🎯 关注作业:sz000938, sh688317, sh688702 | 🚫 禁忌模式:半路追高, 缩量半路板, 退潮期接力
[10:09:07] [AI思考] 市场震荡偏多，上涨比69.7%，领涨方向为低价股及创业板。候选池中非持仓未涨停标的仅华塑控股，符合主线且换手充足，可小仓跟随。其他涨停票放弃。仓位半仓，控制风险。...
[10:09:07] [AI] 交易分析完成: stage=震荡偏多, signals=1
[10:09:07] [AI] 持仓检查完成: 7 只 (全部健康 ✅)
[10:09:07] [AI] 信号: 华塑控股(sz000509) 动作=BUY 评分=90.0
[10:09:07] [涨跌停拦截] sz000509(华塑控股) 现价5.21 >= 涨停价5.21*0.99,拒绝买入
[10:09:07] [风控] sz000509 华塑控股 被拦截:涨停限制(涨停价5.21)
[10:09:07] [周期] 执行完毕。生成信号: 1 个
[10:09:31] [系统] 正在启动双线程分析架构...
[10:09:31] [交易 AI] 线程已启动,间隔 90 秒 (优先级:高)。
[10:09:31] [研究 AI] 独立后台已启动,正在后台运行中... (等待触发节点)
[10:09:31] [系统] 双线程分析循环已启动 (交易 + 研究)。
[10:09:31] [周期] 开始执行分析周期...
[10:09:31] [同步] T+1状态同步失败: Thesis.__init__() missing 1 required positional argument: 'invalid_conditions'
[10:09:32] [周期] 市场状态: 震荡偏多 | 上涨:153 下跌:52 上涨比:74.6% | 涨停:14 跌停:3
[10:09:32] ✅ [记忆交接] AI 已加载昨日复盘。 🎯 关注作业:sz000938, sh688317, sh688702 | 🚫 禁忌模式:半路追高, 缩量半路板, 退潮期接力
[10:10:28] [AI思考] 市场震荡偏多，半导体和传媒双主线。持仓百纳千成涨停锁仓，其他非热点但无卖出信号。候选池仅怡达股份符合半导体趋势且未涨停，评分为补涨试错75分。...
[10:10:28] [AI] 交易分析完成: stage=震荡偏多, signals=1
[10:10:28] [AI] 持仓检查完成: 7 只 (全部健康 ✅)
[10:10:28] [AI] 信号: 怡达股份(sz300721) 动作=BUY 评分=75.0
[10:10:28] [交易] 买入 怡达股份: 100股 @ 30.7
[10:10:28] [周期] 执行完毕。生成信号: 1 个
[10:11:01] [周期] 开始执行分析周期...
[10:11:01] [同步] T+1状态同步失败: Thesis.__init__() missing 1 required positional argument: 'invalid_conditions'
[10:11:02] [周期] 市场状态: 震荡偏多 | 上涨:153 下跌:52 上涨比:74.6% | 涨停:14 跌停:3
[10:11:02] ✅ [记忆交接] AI 已加载昨日复盘。 🎯 关注作业:sz000938, sh688317, sh688702 | 🚫 禁忌模式:半路追高, 缩量半路板, 退潮期接力
[10:12:09] [AI思考] 市场震荡偏多，科技成长主线，传媒与半导体强势。持仓涨停锁仓，无需卖出。候选捷成股份跟风龙头百纳千成，换手充分，评分85。...
[10:12:09] [AI] 交易分析完成: stage=震荡偏多, signals=1
[10:12:09] [AI] 持仓检查完成: 8 只 (全部健康 ✅)
[10:12:09] [AI] 信号: 捷成股份(sz300182) 动作=BUY 评分=85.0
[10:12:09] [风控] 拒绝 sz300182: [A级]仓位已满：当前73% >= 市场震荡偏多最大70%
[10:12:09] [风控] sz300182 捷成股份 被拦截:[A级]仓位已满：当前73% >= 市场震荡偏多最大70%
[10:12:09] [周期] 执行完毕。生成信号: 1 个
[10:12:30] [周期] 开始执行分析周期...
[10:12:31] [同步] T+1状态同步失败: Thesis.__init__() missing 1 required positional argument: 'invalid_conditions'
[10:12:31] [周期] 市场状态: 震荡偏多 | 上涨:156 下跌:49 上涨比:76.1% | 涨停:14 跌停:4
[10:12:31] ✅ [记忆交接] AI 已加载昨日复盘。 🎯 关注作业:sz000938, sh688317, sh688702 | 🚫 禁忌模式:半路追高, 缩量半路板, 退潮期接力
[10:13:41] [AI思考] 市场震荡偏多，半导体主线明确（天岳先进领涨），持仓中非核心品种（元力、星徽、银禧）逻辑弱化建议卖出，腾出仓位加仓主线跟风怡达股份。...
[10:13:41] [AI] 交易分析完成: stage=震荡偏多, signals=1
[10:13:41] ⚠️ [持仓警报] sz300174(元力股份): SELL (逻辑=BROKEN)
[10:13:41] [AI] 逻辑破坏 sz300174,触发卖出
[10:13:41] [同步] 已将 sz300174 内存状态更新为 BROKEN,准备强平
[10:13:41] [风控] 拒绝 sz300174: [S级]T+1限制：今日(2026-05-27)买入不可卖出
[10:13:41] ⚠️ [持仓警报] sz300464(星徽股份): SELL (逻辑=BROKEN)
[10:13:41] [AI] 逻辑破坏 sz300464,触发卖出
[10:13:41] [同步] 已将 sz300464 内存状态更新为 BROKEN,准备强平
[10:13:41] [风控] 拒绝 sz300464: [S级]T+1限制：今日(2026-05-27)买入不可卖出
[10:13:41] ⚠️ [持仓警报] sz300221(银禧科技): SELL (逻辑=BROKEN)
[10:13:41] [AI] 逻辑破坏 sz300221,触发卖出
[10:13:41] [同步] 已将 sz300221 内存状态更新为 BROKEN,准备强平
[10:13:41] [风控] 拒绝 sz300221: [S级]T+1限制：今日(2026-05-27)买入不可卖出
[10:13:41] [AI] 持仓检查完成: 8 只 (全部健康 ✅)
[10:13:41] [AI] 信号: 怡达股份(sz300721) 动作=BUY 评分=80.0
[10:13:41] [风控] sz300721 单票仓位已达15.0%上限,拒绝加仓
[10:13:41] [周期] 执行完毕。生成信号: 1 个
[10:14:00] [周期] 开始执行分析周期...
[10:14:00] [同步] T+1状态同步失败: Thesis.__init__() missing 1 required positional argument: 'invalid_conditions'
[10:14:02] [周期] 市场状态: 震荡偏多 | 上涨:153 下跌:52 上涨比:74.6% | 涨停:13 跌停:3
[10:14:02] ✅ [记忆交接] AI 已加载昨日复盘。 🎯 关注作业:sz000938, sh688317, sh688702 | 🚫 禁忌模式:半路追高, 缩量半路板, 退潮期接力
[10:14:59] [AI思考] 主线半导体：天岳先进领涨，怡达股份跟随涨幅7.7%未板，换手适中，可小仓试错。电力方向弱势，非主线。百纳千成涨停锁仓，继续持有。持仓均未破位，持有观望。...
[10:14:59] [AI] 交易分析完成: stage=震荡偏多, signals=1
[10:14:59] [AI] 持仓检查完成: 8 只 (全部健康 ✅)
[10:14:59] [AI] 信号: 怡达股份(sz300721) 动作=BUY 评分=78.0
[10:14:59] [风控] sz300721 单票仓位已达15.1%上限,拒绝加仓
[10:14:59] [周期] 执行完毕。生成信号: 1 个
[10:15:29] [周期] 开始执行分析周期...
[10:15:30] [同步] T+1状态同步失败: Thesis.__init__() missing 1 required positional argument: 'invalid_conditions'
[10:15:31] [周期] 市场状态: 震荡偏多 | 上涨:152 下跌:53 上涨比:74.1% | 涨停:14 跌停:3
[10:15:31] ✅ [记忆交接] AI 已加载昨日复盘。 🎯 关注作业:sz000938, sh688317, sh688702 | 🚫 禁忌模式:半路追高, 缩量半路板, 退潮期接力
[10:16:04] [AI思考] 市场震荡偏多，当前持仓均今日买入T+1锁定，无法卖出。候选池中仅怡达股份未涨停且符合预算，为半导体方向，可小仓试错。...
[10:16:04] [AI] 交易分析完成: stage=震荡偏多, signals=1
[10:16:04] [AI] 持仓检查完成: 8 只 (全部健康 ✅)
[10:16:04] [AI] 信号: 怡达股份(sz300721) 动作=BUY 评分=75.0
[10:16:04] [风控] sz300721 单票仓位已达15.1%上限,拒绝加仓
[10:16:04] [周期] 执行完毕。生成信号: 1 个
[10:16:59] [周期] 开始执行分析周期...
[10:16:59] [同步] T+1状态同步失败: Thesis.__init__() missing 1 required positional argument: 'invalid_conditions'
[10:17:00] [周期] 市场状态: 震荡偏多 | 上涨:155 下跌:49 上涨比:75.6% | 涨停:14 跌停:2
[10:17:00] ✅ [记忆交接] AI 已加载昨日复盘。 🎯 关注作业:sz000938, sh688317, sh688702 | 🚫 禁忌模式:半路追高, 缩量半路板, 退潮期接力
[10:17:52] [AI思考] 市场震荡偏多，半导体主线，候选池仅怡达股份未涨停且可操作，但仓位已达72.9%超限，仍按规则推荐试错。...
[10:17:52] [AI] 交易分析完成: stage=震荡偏多, signals=1
[10:17:52] [AI] 持仓检查完成: 8 只 (全部健康 ✅)
[10:17:52] [AI] 信号: 怡达股份(sz300721) 动作=BUY 评分=75.0
[10:17:52] [风控] sz300721 单票仓位已达15.0%上限,拒绝加仓
[10:17:52] [周期] 执行完毕。生成信号: 1 个
[10:18:28] [周期] 开始执行分析周期...
[10:18:29] [同步] T+1状态同步失败: Thesis.__init__() missing 1 required positional argument: 'invalid_conditions'
[10:18:30] [周期] 市场状态: 震荡偏多 | 上涨:153 下跌:52 上涨比:74.6% | 涨停:14 跌停:3
[10:18:30] ✅ [记忆交接] AI 已加载昨日复盘。 🎯 关注作业:sz000938, sh688317, sh688702 | 🚫 禁忌模式:半路追高, 缩量半路板, 退潮期接力
[10:18:57] [AI思考] 市场震荡偏多，主线半导体方向，候选池涨停股居多，仅怡达股份未涨停且跟随龙头天岳先进，仓位重但可小仓试错。...
[10:18:57] [AI] 交易分析完成: stage=震荡偏多, signals=1
[10:18:57] [AI] 持仓检查完成: 8 只 (全部健康 ✅)
[10:18:57] [AI] 信号: 怡达股份(sz300721) 动作=BUY 评分=75.0
[10:18:57] [风控] sz300721 加仓评分不足(75.0<85)
[10:18:57] [周期] 执行完毕。生成信号: 1 个
[10:19:58] [周期] 开始执行分析周期...
[10:19:59] [同步] T+1状态同步失败: Thesis.__init__() missing 1 required positional argument: 'invalid_conditions'
[10:19:59] [周期] 市场状态: 震荡偏多 | 上涨:153 下跌:52 上涨比:74.6% | 涨停:14 跌停:3
[10:19:59] ✅ [记忆交接] AI 已加载昨日复盘。 🎯 关注作业:sz000938, sh688317, sh688702 | 🚫 禁忌模式:半路追高, 缩量半路板, 退潮期接力
[10:21:07] [AI思考] 市场震荡偏多，涨停多于跌停，科技股领涨，天通股份为领涨核心，符合升温期主线趋势模式。...
[10:21:07] [AI] 交易分析完成: stage=震荡偏多, signals=1
[10:21:07] ⚠️ [持仓警报] sh688469(芯联集成-U): SELL (逻辑=BROKEN)
[10:21:07] [AI] 逻辑破坏 sh688469,触发卖出
[10:21:07] [同步] 已将 sh688469 内存状态更新为 BROKEN,准备强平
[10:21:07] [风控] 拒绝 sh688469: [S级]T+1限制：今日(2026-05-27)买入不可卖出
[10:21:07] ⚠️ [持仓警报] sh600021(上海电力): SELL (逻辑=BROKEN)
[10:21:07] [AI] 逻辑破坏 sh600021,触发卖出
[10:21:07] [同步] 已将 sh600021 内存状态更新为 BROKEN,准备强平
[10:21:07] [风控] 拒绝 sh600021: [S级]T+1限制：今日(2026-05-27)买入不可卖出
[10:21:07] ⚠️ [持仓警报] sh600578(京能电力): SELL (逻辑=BROKEN)
[10:21:07] [AI] 逻辑破坏 sh600578,触发卖出
[10:21:07] [同步] 已将 sh600578 内存状态更新为 BROKEN,准备强平
[10:21:07] [风控] 拒绝 sh600578: [S级]T+1限制：今日(2026-05-27)买入不可卖出
[10:21:07] [AI] 持仓检查完成: 8 只 (全部健康 ✅)
[10:21:07] [AI] 信号: 天通股份(sh600330) 动作=BUY 评分=85.0
[10:21:07] [涨跌停拦截] sh600330(天通股份) 现价31.75 >= 涨停价31.75*0.99,拒绝买入
[10:21:07] [风控] sh600330 天通股份 被拦截:涨停限制(涨停价31.75)
[10:21:07] [周期] 执行完毕。生成信号: 1 个
[10:21:28] [周期] 开始执行分析周期...
[10:21:28] [同步] T+1状态同步失败: Thesis.__init__() missing 1 required positional argument: 'invalid_conditions'
[10:21:29] [周期] 市场状态: 震荡偏多 | 上涨:153 下跌:51 上涨比:74.6% | 涨停:15 跌停:3
[10:21:29] ✅ [记忆交接] AI 已加载昨日复盘。 🎯 关注作业:sz000938, sh688317, sh688702 | 🚫 禁忌模式:半路追高, 缩量半路板, 退潮期接力
[10:22:44] [AI思考] 震荡偏多，半导体、传媒主线。持仓均T+1锁仓，仓位已满不宜新开，但候选中芯联集成未涨停且趋势强，勉强选为候选。...
[10:22:44] [AI] 交易分析完成: stage=震荡偏多, signals=1
[10:22:44] [AI] 持仓检查完成: 8 只 (全部健康 ✅)
[10:22:44] [AI] 信号: 芯联集成-U(sh688469) 动作=BUY 评分=80.0
[10:22:44] [风控] sh688469 加仓评分不足(80.0<85)
[10:22:44] [周期] 执行完毕。生成信号: 1 个
[10:22:57] [周期] 开始执行分析周期...
[10:22:58] [同步] T+1状态同步失败: Thesis.__init__() missing 1 required positional argument: 'invalid_conditions'
[10:22:59] [周期] 市场状态: 震荡偏多 | 上涨:155 下跌:50 上涨比:75.6% | 涨停:16 跌停:3
[10:22:59] ✅ [记忆交接] AI 已加载昨日复盘。 🎯 关注作业:sz000938, sh688317, sh688702 | 🚫 禁忌模式:半路追高, 缩量半路板, 退潮期接力
[10:23:52] [AI思考] 市场震荡偏多，半导体主线清晰，怡达股份放量未涨停，可小仓试错。持仓多数T+1锁，仓位重但推一只候选。...
[10:23:52] [AI] 交易分析完成: stage=震荡偏多, signals=1
[10:23:52] ⚠️ [持仓警报] sz300174(元力股份): HOLD (逻辑=BROKEN)
[10:23:52] ⚠️ [持仓警报] sz300464(星徽股份): HOLD (逻辑=BROKEN)
[10:23:52] ⚠️ [持仓警报] sz300221(银禧科技): HOLD (逻辑=BROKEN)
[10:23:52] [AI] 持仓检查完成: 8 只 (全部健康 ✅)
[10:23:52] [AI] 信号: 怡达股份(sz300721) 动作=BUY 评分=75.0
[10:23:52] [风控] sz300721 加仓评分不足(75.0<85)
[10:23:52] [周期] 执行完毕。生成信号: 1 个
[10:24:27] [周期] 开始执行分析周期...
[10:24:27] [同步] T+1状态同步失败: Thesis.__init__() missing 1 required positional argument: 'invalid_conditions'
[10:24:28] [周期] 市场状态: 震荡偏多 | 上涨:158 下跌:47 上涨比:77.1% | 涨停:18 跌停:4
[10:24:28] ✅ [记忆交接] AI 已加载昨日复盘。 🎯 关注作业:sz000938, sh688317, sh688702 | 🚫 禁忌模式:半路追高, 缩量半路板, 退潮期接力
[10:25:05] [AI思考] 市场震荡偏多，半导体主线活跃，宏微科技跟涨。仓位已满72.9%，超70%上限，不宜开新仓，但候选池仅剩此标的未涨停且符合预算，保留观察。...
[10:25:05] [AI] 交易分析完成: stage=震荡偏多, signals=1
[10:25:05] [AI] 持仓检查完成: 8 只 (全部健康 ✅)
[10:25:05] [AI] 信号: 宏微科技(sh688711) 动作=BUY 评分=70.0
[10:25:05] [风控] 拒绝 sh688711: [A级]仓位已满：当前73% >= 市场震荡偏多最大70%
[10:25:05] [风控] sh688711 宏微科技 被拦截:[A级]仓位已满：当前73% >= 市场震荡偏多最大70%
[10:25:05] [周期] 执行完毕。生成信号: 1 个
[10:25:56] [周期] 开始执行分析周期...
[10:25:57] [周期] 市场状态: 震荡偏多 | 上涨:156 下跌:48 上涨比:76.1% | 涨停:17 跌停:3
[10:25:57] ✅ [记忆交接] AI 已加载昨日复盘。 🎯 关注作业:sz000938, sh688317, sh688702 | 🚫 禁忌模式:半路追高, 缩量半路板, 退潮期接力
[10:26:37] [AI思考] 市场震荡偏多，半导体和创业板活跃。持仓均T+1锁定，不宜卖出。仓位73%已超限，但候选池仅剩怡达股份未涨停，作为半导体补涨可小仓试错。...
[10:26:37] [AI] 交易分析完成: stage=震荡偏多, signals=1
[10:26:37] [AI] 持仓检查完成: 8 只 (全部健康 ✅)
[10:26:37] [AI] 信号: 怡达股份(sz300721) 动作=BUY 评分=70.0
[10:26:37] [风控] sz300721 加仓评分不足(70.0<85)
[10:26:37] [周期] 执行完毕。生成信号: 1 个
[10:27:25] [周期] 开始执行分析周期...
[10:27:27] [周期] 市场状态: 震荡偏多 | 上涨:153 下跌:51 上涨比:74.6% | 涨停:17 跌停:3
[10:27:27] ✅ [记忆交接] AI 已加载昨日复盘。 🎯 关注作业:sz000938, sh688317, sh688702 | 🚫 禁忌模式:半路追高, 缩量半路板, 退潮期接力
[10:28:25] [AI思考] 仓位72.9%超70%上限，不宜加仓；候选池仅怡达股份未涨停且可买，但已持仓。市场主线半导体，怡达跟风，小仓试错。...
[10:28:25] [AI] 交易分析完成: stage=震荡偏多, signals=1
[10:28:25] [AI] 持仓检查完成: 8 只 (全部健康 ✅)
[10:28:25] [AI] 信号: 怡达股份(sz300721) 动作=BUY 评分=65.0
[10:28:25] [风控] sz300721 加仓评分不足(65.0<85)
[10:28:25] [周期] 执行完毕。生成信号: 1 个
[10:28:55] [周期] 开始执行分析周期...
[10:28:56] [周期] 市场状态: 震荡偏多 | 上涨:153 下跌:52 上涨比:74.6% | 涨停:18 跌停:3
[10:28:56] ✅ [记忆交接] AI 已加载昨日复盘。 🎯 关注作业:sz000938, sh688317, sh688702 | 🚫 禁忌模式:半路追高, 缩量半路板, 退潮期接力
[10:29:46] [AI思考] 市场震荡偏多，半导体主线突出，天岳先进领涨但超预算。候选池中涨停股众多，怡达股份为半导体方向非涨停标的，涨幅6.9%换手8.5%，量价健康，可作补涨试错。...
[10:29:46] [AI] 交易分析完成: stage=震荡偏多, signals=1
[10:29:46] ⚠️ [持仓警报] sz300721(怡达股份): BUY (逻辑=VALID)
[10:29:46] [AI] 持仓检查完成: 8 只 (全部健康 ✅)
[10:29:46] [AI] 信号: 怡达股份(sz300721) 动作=BUY 评分=72.0
[10:29:46] [风控] sz300721 加仓评分不足(72.0<85)
[10:29:46] [周期] 执行完毕。生成信号: 1 个
[10:30:24] [周期] 开始执行分析周期...
[10:30:25] [周期] 市场状态: 震荡偏多 | 上涨:153 下跌:52 上涨比:74.6% | 涨停:19 跌停:3
[10:30:25] ✅ [记忆交接] AI 已加载昨日复盘。 🎯 关注作业:sz000938, sh688317, sh688702 | 🚫 禁忌模式:半路追高, 缩量半路板, 退潮期接力
[10:30:53] [AI思考] 市场震荡偏多，涨停19只，候选池仅怡达股份非涨停可买，属半导体方向，与主线共振，评分75作补涨试错。持仓T+1锁定，均持有。...
[10:30:53] [AI] 交易分析完成: stage=震荡偏多, signals=1
[10:30:53] [AI] 持仓检查完成: 8 只 (全部健康 ✅)
[10:30:53] [AI] 信号: 怡达股份(sz300721) 动作=BUY 评分=75.0
[10:30:53] [风控] sz300721 加仓评分不足(75.0<85)
[10:30:53] [周期] 执行完毕。生成信号: 1 个
[10:31:53] [周期] 开始执行分析周期...
[10:31:55] [周期] 市场状态: 震荡偏多 | 上涨:152 下跌:53 上涨比:74.1% | 涨停:19 跌停:3
[10:31:55] ✅ [记忆交接] AI 已加载昨日复盘。 🎯 关注作业:sz000938, sh688317, sh688702 | 🚫 禁忌模式:半路追高, 缩量半路板, 退潮期接力
[10:32:37] [AI思考] 市场震荡偏多，半导体主线强势，持仓暂持；唯一可买非涨停候选怡达股份，小仓试错。...
[10:32:37] [AI] 交易分析完成: stage=震荡偏多, signals=1
[10:32:37] [AI] 持仓检查完成: 8 只 (全部健康 ✅)
[10:32:37] [AI] 信号: 怡达股份(sz300721) 动作=BUY 评分=75.0
[10:32:37] [风控] sz300721 加仓评分不足(75.0<85)
[10:32:37] [周期] 执行完毕。生成信号: 1 个
[10:33:23] [周期] 开始执行分析周期...
[10:33:25] [周期] 市场状态: 震荡偏多 | 上涨:152 下跌:53 上涨比:74.1% | 涨停:17 跌停:4
[10:33:25] ✅ [记忆交接] AI 已加载昨日复盘。 🎯 关注作业:sz000938, sh688317, sh688702 | 🚫 禁忌模式:半路追高, 缩量半路板, 退潮期接力
[10:34:19] [AI思考] 市场升温期，半导体主线明确，龙头天岳先进领涨。持仓百纳千成涨停，多数微亏但未破趋势，继续持有。候选池唯怡达股份未涨停，评分80参与主线。...
[10:34:19] [AI] 交易分析完成: stage=震荡偏多, signals=1
[10:34:19] [AI] 持仓检查完成: 8 只 (全部健康 ✅)
[10:34:19] [AI] 信号: 怡达股份(sz300721) 动作=BUY 评分=80.0
[10:34:19] [风控] sz300721 加仓评分不足(80.0<85)
[10:34:19] [周期] 执行完毕。生成信号: 1 个
[10:34:53] [周期] 开始执行分析周期...
[10:34:54] [周期] 市场状态: 震荡偏多 | 上涨:151 下跌:54 上涨比:73.7% | 涨停:17 跌停:4
[10:34:54] ✅ [记忆交接] AI 已加载昨日复盘。 🎯 关注作业:sz000938, sh688317, sh688702 | 🚫 禁忌模式:半路追高, 缩量半路板, 退潮期接力
[10:35:16] [AI思考] 市场震荡偏多，主线在创业板和半导体。候选池中仅怡达股份非涨停可买，属于半导体板块，量价健康，试错性推荐。...
[10:35:16] [AI] 交易分析完成: stage=震荡偏多, signals=1
[10:35:16] [AI] 持仓检查完成: 8 只 (全部健康 ✅)
[10:35:16] [AI] 信号: 怡达股份(sz300721) 动作=BUY 评分=75.0
[10:35:16] [风控] sz300721 加仓评分不足(75.0<85)
[10:35:16] [周期] 执行完毕。生成信号: 1 个
[10:36:23] [周期] 开始执行分析周期...
[10:36:24] [周期] 市场状态: 震荡偏多 | 上涨:152 下跌:53 上涨比:74.1% | 涨停:18 跌停:4
[10:36:24] ✅ [记忆交接] AI 已加载昨日复盘。 🎯 关注作业:sz000938, sh688317, sh688702 | 🚫 禁忌模式:半路追高, 缩量半路板, 退潮期接力
[10:37:26] [AI思考] 市场震荡偏多，涨停18家，情绪温和。龙头分散，主线暂不明朗，半导体方向天岳先进领涨，怡达股份量价尚可，可作为补涨试错。持仓普遍微盈微亏，T+1锁定不动。...
[10:37:26] [AI] 交易分析完成: stage=震荡偏多, signals=1
[10:37:26] [AI] 持仓检查完成: 8 只 (全部健康 ✅)
[10:37:26] [AI] 信号: 怡达股份(sz300721) 动作=BUY 评分=80.0
[10:37:26] [风控] sz300721 加仓评分不足(80.0<85)
[10:37:26] [周期] 执行完毕。生成信号: 1 个
[10:37:52] [周期] 开始执行分析周期...
[10:37:54] [周期] 市场状态: 震荡偏多 | 上涨:149 下跌:54 上涨比:72.7% | 涨停:17 跌停:4
[10:37:54] ✅ [记忆交接] AI 已加载昨日复盘。 🎯 关注作业:sz000938, sh688317, sh688702 | 🚫 禁忌模式:半路追高, 缩量半路板, 退潮期接力
[10:38:55] [AI思考] 半导体方向领涨，天岳先进+12.9%引领，候选池怡达股份属半导体且未涨停，可作为补涨试错。持仓全部T+1锁定，持有为主。...
[10:38:55] [AI] 交易分析完成: stage=震荡偏多, signals=1
[10:38:55] [AI] 持仓检查完成: 8 只 (全部健康 ✅)
[10:38:55] [AI] 信号: 怡达股份(sz300721) 动作=BUY 评分=72.0
[10:38:55] [风控] sz300721 加仓评分不足(72.0<85)
[10:38:55] [周期] 执行完毕。生成信号: 1 个
[10:39:22] [周期] 开始执行分析周期...
[10:39:25] [周期] 市场状态: 震荡偏多 | 上涨:149 下跌:56 上涨比:72.7% | 涨停:12 跌停:3
[10:39:25] ✅ [记忆交接] AI 已加载昨日复盘。 🎯 关注作业:sz000938, sh688317, sh688702 | 🚫 禁忌模式:半路追高, 缩量半路板, 退潮期接力
[10:39:57] [AI思考] 市场震荡偏多，升温期，科技主线由N长进和百纳千成引领。持仓均T+1冻结，维持HOLD。候选池中商络电子换手活跃，符合科技补涨，小仓试错。...
[10:39:57] [AI] 交易分析完成: stage=震荡偏多, signals=1
[10:39:57] [AI] 持仓检查完成: 8 只 (全部健康 ✅)
[10:39:57] [AI] 信号: 商络电子(sz300975) 动作=BUY 评分=78.0
[10:39:57] [风控] 拒绝 sz300975: [A级]仓位已满：当前73% >= 市场震荡偏多最大70%
[10:39:57] [风控] sz300975 商络电子 被拦截:[A级]仓位已满：当前73% >= 市场震荡偏多最大70%
[10:39:57] [周期] 执行完毕。生成信号: 1 个
[10:40:51] [周期] 开始执行分析周期...
[10:40:52] [周期] 市场状态: 震荡偏多 | 上涨:149 下跌:56 上涨比:72.7% | 涨停:13 跌停:4
[10:40:52] ✅ [记忆交接] AI 已加载昨日复盘。 🎯 关注作业:sz000938, sh688317, sh688702 | 🚫 禁忌模式:半路追高, 缩量半路板, 退潮期接力
[10:41:30] [AI思考] 市场震荡偏多，主线不清晰，持仓冻结持有。候选池中涨停股多，仅节能风电未涨停且量价健康，作为补涨试错。...
[10:41:30] [AI] 交易分析完成: stage=震荡偏多, signals=1
[10:41:30] [AI] 持仓检查完成: 8 只 (全部健康 ✅)
[10:41:30] [AI] 信号: 节能风电(sh601016) 动作=BUY 评分=72.0
[10:41:30] [风控] 拒绝 sh601016: [A级]仓位已满：当前73% >= 市场震荡偏多最大70%
[10:41:30] [风控] sh601016 节能风电 被拦截:[A级]仓位已满：当前73% >= 市场震荡偏多最大70%
[10:41:30] [周期] 执行完毕。生成信号: 1 个
[10:42:21] [周期] 开始执行分析周期...
[10:42:22] [周期] 市场状态: 震荡偏多 | 上涨:149 下跌:56 上涨比:72.7% | 涨停:13 跌停:3
[10:42:22] ✅ [记忆交接] AI 已加载昨日复盘。 🎯 关注作业:sz000938, sh688317, sh688702 | 🚫 禁忌模式:半路追高, 缩量半路板, 退潮期接力
[10:43:25] [AI思考] 市场震荡偏多，主线尚不清晰，龙头百纳千成涨停不可追，其他涨停或冷却标的剔除。悦安新材涨7%未涨停，换手适中，符合小仓试错兜底策略。...
[10:43:25] [AI] 交易分析完成: stage=震荡偏多, signals=1
[10:43:25] [AI] 持仓检查完成: 8 只 (全部健康 ✅)
[10:43:25] [AI] 信号: 悦安新材(sh688786) 动作=BUY 评分=70.0
[10:43:25] [风控] 拒绝 sh688786: [A级]仓位已满：当前73% >= 市场震荡偏多最大70%
[10:43:25] [风控] sh688786 悦安新材 被拦截:[A级]仓位已满：当前73% >= 市场震荡偏多最大70%
[10:43:25] [周期] 执行完毕。生成信号: 1 个
[10:43:51] [周期] 开始执行分析周期...
[10:43:52] [周期] 市场状态: 震荡偏多 | 上涨:148 下跌:57 上涨比:72.2% | 涨停:13 跌停:3
[10:43:52] ✅ [记忆交接] AI 已加载昨日复盘。 🎯 关注作业:sz000938, sh688317, sh688702 | 🚫 禁忌模式:半路追高, 缩量半路板, 退潮期接力
[10:44:32] [AI思考] 市场震荡偏多，但仓位已重，仅小仓试错非核心标的。候选池中百纳千成、天通股份、真视通涨停不可买，节能风电在冷却名单。朗坤科技涨幅合理，换手活跃，作为兜底试错。...
[10:44:32] [AI] 交易分析完成: stage=震荡偏多, signals=1
[10:44:32] [AI] 持仓检查完成: 8 只 (全部健康 ✅)
[10:44:32] [AI] 信号: 银禧科技(sz300221) 动作=BUY 评分=65.0
[10:44:32] [风控] sz300221 加仓评分不足(65.0<85)
[10:44:32] [周期] 执行完毕。生成信号: 1 个
[10:45:21] [周期] 开始执行分析周期...
[10:45:22] [周期] 市场状态: 震荡偏多 | 上涨:148 下跌:57 上涨比:72.2% | 涨停:13 跌停:3
[10:45:22] ✅ [记忆交接] AI 已加载昨日复盘。 🎯 关注作业:sz000938, sh688317, sh688702 | 🚫 禁忌模式:半路追高, 缩量半路板, 退潮期接力
[10:46:22] [AI思考] 市场震荡偏多，创业板强势，百纳千成为龙头。候选池中涨停股排除，银禧科技放量补涨，作为唯一切实可买标的，小仓试错。持仓无破位，均持有。...
[10:46:22] [AI] 交易分析完成: stage=震荡偏多, signals=1
[10:46:22] [AI] 持仓检查完成: 8 只 (全部健康 ✅)
[10:46:22] [AI] 信号: 银禧科技(sz300221) 动作=BUY 评分=75.0
[10:46:22] [风控] sz300221 加仓评分不足(75.0<85)
[10:46:22] [周期] 执行完毕。生成信号: 1 个
[10:46:50] [周期] 开始执行分析周期...
[10:46:52] [周期] 市场状态: 震荡偏多 | 上涨:147 下跌:58 上涨比:71.7% | 涨停:13 跌停:3
[10:46:52] ✅ [记忆交接] AI 已加载昨日复盘。 🎯 关注作业:sz000938, sh688317, sh688702 | 🚫 禁忌模式:半路追高, 缩量半路板, 退潮期接力
[10:47:37] [AI思考] 市场震荡偏多，创业板活跃，百纳千成涨停引领，但主线不明确。持仓全部T+1冻结，继续持有。唯一可买且未涨停的银禧科技，创业板跟风补涨，评分70，小仓试错。...
[10:47:37] [AI] 交易分析完成: stage=震荡偏多, signals=1
[10:47:37] [AI] 持仓检查完成: 8 只 (全部健康 ✅)
[10:47:37] [AI] 信号: 银禧科技(sz300221) 动作=BUY 评分=72.0
[10:47:37] [风控] sz300221 加仓评分不足(72.0<85)
[10:47:37] [周期] 执行完毕。生成信号: 1 个
[10:48:19] [周期] 开始执行分析周期...
[10:48:21] [周期] 市场状态: 震荡偏多 | 上涨:148 下跌:57 上涨比:72.2% | 涨停:13 跌停:4
[10:48:21] ✅ [记忆交接] AI 已加载昨日复盘。 🎯 关注作业:sz000938, sh688317, sh688702 | 🚫 禁忌模式:半路追高, 缩量半路板, 退潮期接力
[10:49:24] [AI思考] 市场震荡偏多，创业板强势，百纳千成涨停为龙头。持仓全部冻结故持有。候选池中银禧科技属创业板跟风活跃，未涨停，符合主线趋势，可小仓试错。...
[10:49:24] [AI] 交易分析完成: stage=震荡偏多, signals=1
[10:49:24] [AI] 持仓检查完成: 8 只 (全部健康 ✅)
[10:49:24] [AI] 信号: 银禧科技(sz300221) 动作=BUY 评分=82.0
[10:49:24] [风控] sz300221 加仓评分不足(82.0<85)
[10:49:24] [周期] 执行完毕。生成信号: 1 个
[10:49:48] [周期] 开始执行分析周期...
[10:49:50] [周期] 市场状态: 震荡偏多 | 上涨:147 下跌:58 上涨比:71.7% | 涨停:13 跌停:4
[10:49:50] ✅ [记忆交接] AI 已加载昨日复盘。 🎯 关注作业:sz000938, sh688317, sh688702 | 🚫 禁忌模式:半路追高, 缩量半路板, 退潮期接力
[10:51:02] [AI思考] 市场震荡偏多，半导体方向持续活跃，怡达股份作为半导体跟风标的，量价健康，符合升温期趋势跟随策略，小仓博弈。...
[10:51:02] [AI] 交易分析完成: stage=震荡偏多, signals=1
[10:51:02] [AI] 持仓检查完成: 8 只 (全部健康 ✅)
[10:51:02] [AI] 信号: 怡达股份(sz300721) 动作=BUY 评分=78.0
[10:51:02] [风控] sz300721 加仓评分不足(78.0<85)
[10:51:02] [周期] 执行完毕。生成信号: 1 个
[10:51:18] [周期] 开始执行分析周期...
[10:51:20] [周期] 市场状态: 震荡偏多 | 上涨:147 下跌:57 上涨比:71.7% | 涨停:11 跌停:4
[10:51:20] ✅ [记忆交接] AI 已加载昨日复盘。 🎯 关注作业:sz000938, sh688317, sh688702 | 🚫 禁忌模式:半路追高, 缩量半路板, 退潮期接力
[10:52:16] [AI思考] 市场震荡偏多，创业板和半导体方向活跃，百纳千成涨停带动创业板情绪。持仓股多数微利或微亏，趋势尚可，继续持有。候选池中银禧科技与龙头同属创业板，涨幅10.9%未涨停，换手充分，可加仓作为补涨。...
[10:52:16] [AI] 交易分析完成: stage=震荡偏多, signals=1
[10:52:16] [AI] 持仓检查完成: 8 只 (全部健康 ✅)
[10:52:16] [AI] 信号: 银禧科技(sz300221) 动作=BUY 评分=82.0
[10:52:16] [风控] sz300221 加仓评分不足(82.0<85)
[10:52:16] [周期] 执行完毕。生成信号: 1 个
[10:52:48] [周期] 开始执行分析周期...
[10:52:50] [周期] 市场状态: 震荡偏多 | 上涨:149 下跌:55 上涨比:72.7% | 涨停:11 跌停:4
[10:52:50] ✅ [记忆交接] AI 已加载昨日复盘。 🎯 关注作业:sz000938, sh688317, sh688702 | 🚫 禁忌模式:半路追高, 缩量半路板, 退潮期接力
[10:53:57] [AI思考] 市场震荡偏多，创业板强势，龙头百纳千成涨停。候选池中银禧科技同属创业板，放量上涨，符合主线逻辑，可小仓试错。仓位虽近满，按指令仍推一只。...
[10:53:57] [AI] 交易分析完成: stage=震荡偏多, signals=1
[10:53:57] [AI] 持仓检查完成: 8 只 (全部健康 ✅)
[10:53:57] [AI] 信号: 银禧科技(sz300221) 动作=BUY 评分=80.0
[10:53:57] [风控] sz300221 加仓评分不足(80.0<85)
[10:53:57] [周期] 执行完毕。生成信号: 1 个
[10:54:18] [周期] 开始执行分析周期...
[10:54:20] [周期] 市场状态: 震荡偏多 | 上涨:149 下跌:55 上涨比:72.7% | 涨停:14 跌停:4
[10:54:20] ✅ [记忆交接] AI 已加载昨日复盘。 🎯 关注作业:sz000938, sh688317, sh688702 | 🚫 禁忌模式:半路追高, 缩量半路板, 退潮期接力
[10:55:27] [AI思考] 市场震荡偏多，上涨比例高，持仓多浮盈，仓位重不宜激进。候选池中非涨停非持仓仅剩朗坤科技、粤电力A、大唐发电，因朗坤代码不明且无主线，选取电力补涨粤电力A，小仓试错。...
[10:55:27] [AI] 交易分析完成: stage=震荡偏多, signals=1
[10:55:27] [AI] 持仓检查完成: 8 只 (全部健康 ✅)
[10:55:27] [AI] 信号: 粤电力Ａ(sz000539) 动作=BUY 评分=72.0
[10:55:27] [风控] 拒绝 sz000539: [A级]仓位已满：当前73% >= 市场震荡偏多最大70%
[10:55:27] [风控] sz000539 粤电力Ａ 被拦截:[A级]仓位已满：当前73% >= 市场震荡偏多最大70%
[10:55:27] [周期] 执行完毕。生成信号: 1 个
[10:55:48] [周期] 开始执行分析周期...
[10:55:49] [周期] 市场状态: 震荡偏多 | 上涨:150 下跌:55 上涨比:73.2% | 涨停:13 跌停:4
[10:55:49] ✅ [记忆交接] AI 已加载昨日复盘。 🎯 关注作业:sz000938, sh688317, sh688702 | 🚫 禁忌模式:半路追高, 缩量半路板, 退潮期接力
[10:56:42] [AI思考] 市场震荡偏多，持仓多数盈利，但仓位已超7成。百纳千成涨停领涨创业板，银禧科技同属创业板，换手充分且未涨停，可作为补涨试错，评分70。...
[10:56:42] [AI] 交易分析完成: stage=震荡偏多, signals=1
[10:56:42] [AI] 持仓检查完成: 8 只 (全部健康 ✅)
[10:56:42] [AI] 信号: 银禧科技(sz300221) 动作=BUY 评分=70.0
[10:56:42] [风控] sz300221 加仓评分不足(70.0<85)
[10:56:42] [周期] 执行完毕。生成信号: 1 个
[10:57:18] [周期] 开始执行分析周期...
[10:57:19] [周期] 市场状态: 震荡偏多 | 上涨:149 下跌:54 上涨比:72.7% | 涨停:14 跌停:3
[10:57:19] ✅ [记忆交接] AI 已加载昨日复盘。 🎯 关注作业:sz000938, sh688317, sh688702 | 🚫 禁忌模式:半路追高, 缩量半路板, 退潮期接力
[10:58:24] [AI思考] 市场震荡偏多，涨停14家，创业板领涨。仓位73%已近上限，龙头百纳千成等涨停无法买入。节能风电作为非核心补涨，量价尚可，可用剩余资金小仓试错，其他持仓T+1锁定持有。...
[10:58:24] [AI] 交易分析完成: stage=震荡偏多, signals=1
[10:58:24] [AI] 持仓检查完成: 8 只 (全部健康 ✅)
[10:58:24] [AI] 信号: 节能风电(sh601016) 动作=BUY 评分=65.0
[10:58:24] [风控] 拒绝 sh601016: [A级]仓位已满：当前73% >= 市场震荡偏多最大70%
[10:58:24] [风控] sh601016 节能风电 被拦截:[A级]仓位已满：当前73% >= 市场震荡偏多最大70%
[10:58:24] [周期] 执行完毕。生成信号: 1 个
[10:58:47] [周期] 开始执行分析周期...
[10:58:48] [周期] 市场状态: 震荡偏多 | 上涨:150 下跌:55 上涨比:73.2% | 涨停:12 跌停:3
[10:58:48] ✅ [记忆交接] AI 已加载昨日复盘。 🎯 关注作业:sz000938, sh688317, sh688702 | 🚫 禁忌模式:半路追高, 缩量半路板, 退潮期接力
[11:00:10] [AI思考] 市场震荡偏多，创业板和半导体领涨。持仓冻结无法卖出，仓位超70%上限，但升温期需试错。怡达股份跟风半导体，量价健康，适合小仓试错。...
[11:00:10] [AI] 交易分析完成: stage=震荡偏多, signals=1
[11:00:10] [AI] 持仓检查完成: 8 只 (全部健康 ✅)
[11:00:10] [AI] 信号: 怡达股份(sz300721) 动作=BUY 评分=75.0
[11:00:10] [风控] sz300721 单票仓位已达15.2%上限,拒绝加仓
[11:00:10] [周期] 执行完毕。生成信号: 1 个
[11:00:17] [周期] 开始执行分析周期...
[11:00:18] [周期] 市场状态: 震荡偏多 | 上涨:149 下跌:55 上涨比:72.7% | 涨停:14 跌停:3
[11:00:18] ✅ [记忆交接] AI 已加载昨日复盘。 🎯 关注作业:sz000938, sh688317, sh688702 | 🚫 禁忌模式:半路追高, 缩量半路板, 退潮期接力
[11:01:46] [AI思考] 市场震荡偏多，涨停14家，上涨比72.7%，资金聚焦创业板科技主线。持仓整体盈利，百纳千成涨停。仓位73%接近上限，但可用资金可小仓试错朗坤科技，量价活跃，未涨停，评分70。...
[11:01:46] [AI] 交易分析完成: stage=震荡偏多, signals=1
[11:01:46] [AI] 持仓检查完成: 8 只 (全部健康 ✅)
[11:01:46] [校正] AI 代码失效 (sz300682)，通过名称 '朗坤科技' 反查锁定 sz301305
[11:01:46] [AI] 信号: 朗坤科技(sz301305) 动作=BUY 评分=70.0
[11:01:46] [风控] 拒绝 sz301305: [A级]仓位已满：当前73% >= 市场震荡偏多最大70%
[11:01:46] [风控] sz301305 朗坤科技 被拦截:[A级]仓位已满：当前73% >= 市场震荡偏多最大70%
[11:01:46] [周期] 执行完毕。生成信号: 1 个
[11:01:47] [周期] 开始执行分析周期...
[11:01:48] [周期] 市场状态: 震荡偏多 | 上涨:148 下跌:57 上涨比:72.2% | 涨停:12 跌停:3
[11:01:48] ✅ [记忆交接] AI 已加载昨日复盘。 🎯 关注作业:sz000938, sh688317, sh688702 | 🚫 禁忌模式:半路追高, 缩量半路板, 退潮期接力
[11:02:51] [AI思考] 市场升温期，创业板百纳千成涨停成为情绪锚点，半导体方向天岳先进强势。持仓全部T+1锁定，持有。候选池中涨停股不可买，银禧科技换手活跃、涨幅10%未涨停，属创业板跟风补涨，评分70试错。...
[11:02:51] [AI] 交易分析完成: stage=升温期, signals=1
[11:02:51] [AI] 持仓检查完成: 8 只 (全部健康 ✅)
[11:02:51] [AI] 信号: 银禧科技(sz300221) 动作=BUY 评分=70.0
[11:02:51] [风控] sz300221 加仓评分不足(70.0<85)
[11:02:51] [周期] 执行完毕。生成信号: 1 个
[11:03:16] [周期] 开始执行分析周期...
[11:03:17] [周期] 市场状态: 震荡偏多 | 上涨:150 下跌:54 上涨比:73.2% | 涨停:15 跌停:3
[11:03:17] ✅ [记忆交接] AI 已加载昨日复盘。 🎯 关注作业:sz000938, sh688317, sh688702 | 🚫 禁忌模式:半路追高, 缩量半路板, 退潮期接力
[11:04:30] [AI思考] 市场震荡偏多，半导体主线强势，持仓怡达股份可加仓。悦安新材作为科创板新材料，可小仓试错。...
[11:04:30] [AI] 交易分析完成: stage=震荡偏多, signals=2
[11:04:30] ⚠️ [持仓警报] sh688469(芯联集成-U): HOLD (逻辑=BROKEN)
[11:04:30] ⚠️ [持仓警报] sz300464(星徽股份): HOLD (逻辑=BROKEN)
[11:04:30] [AI] 持仓检查完成: 8 只 (全部健康 ✅)
[11:04:30] [AI] 信号: 怡达股份(sz300721) 动作=BUY 评分=82.0
[11:04:30] [风控] sz300721 单票仓位已达15.0%上限,拒绝加仓
[11:04:30] [AI] 信号: 悦安新材(sh688786) 动作=BUY 评分=65.0
[11:04:30] [风控] 拒绝 sh688786: [A级]仓位已满：当前73% >= 市场震荡偏多最大70%
[11:04:30] [风控] sh688786 悦安新材 被拦截:[A级]仓位已满：当前73% >= 市场震荡偏多最大70%
[11:04:30] [周期] 执行完毕。生成信号: 2 个
[11:04:45] [周期] 开始执行分析周期...
[11:04:48] [周期] 市场状态: 震荡偏多 | 上涨:149 下跌:55 上涨比:72.7% | 涨停:15 跌停:4
[11:04:48] ✅ [记忆交接] AI 已加载昨日复盘。 🎯 关注作业:sz000938, sh688317, sh688702 | 🚫 禁忌模式:半路追高, 缩量半路板, 退潮期接力
[11:05:35] [AI思考] 市场震荡偏多，半导体主线明确，怡达股份趋势良好，未涨停，虽仓位近满但可试错买入。...
[11:05:35] [AI] 交易分析完成: stage=震荡偏多, signals=1
[11:05:35] [AI] 持仓检查完成: 8 只 (全部健康 ✅)
[11:05:35] [AI] 信号: 怡达股份(sz300721) 动作=BUY 评分=80.0
[11:05:35] [风控] sz300721 单票仓位已达15.1%上限,拒绝加仓
[11:05:35] [周期] 执行完毕。生成信号: 1 个
[11:06:15] [周期] 开始执行分析周期...
[11:06:17] [周期] 市场状态: 震荡偏多 | 上涨:148 下跌:57 上涨比:72.2% | 涨停:15 跌停:4
[11:06:17] ✅ [记忆交接] AI 已加载昨日复盘。 🎯 关注作业:sz000938, sh688317, sh688702 | 🚫 禁忌模式:半路追高, 缩量半路板, 退潮期接力
[11:07:02] [AI思考] 市场震荡偏多，半导体主线清晰。仓位已73%超限，但候选池中仅怡达股份未涨停且非冷却，可小仓试错，其量价健康，跟随龙头天岳先进。...
[11:07:02] [AI] 交易分析完成: stage=震荡偏多, signals=1
[11:07:02] [AI] 持仓检查完成: 8 只 (全部健康 ✅)
[11:07:02] [AI] 信号: 怡达股份(sz300721) 动作=BUY 评分=70.0
[11:07:02] [风控] sz300721 单票仓位已达15.0%上限,拒绝加仓
[11:07:02] [周期] 执行完毕。生成信号: 1 个
[11:07:44] [周期] 开始执行分析周期...
[11:07:46] [周期] 市场状态: 震荡偏多 | 上涨:147 下跌:57 上涨比:71.7% | 涨停:16 跌停:4
[11:07:46] ✅ [记忆交接] AI 已加载昨日复盘。 🎯 关注作业:sz000938, sh688317, sh688702 | 🚫 禁忌模式:半路追高, 缩量半路板, 退潮期接力
[11:08:50] [AI思考] 市场震荡偏多，情绪偏暖。持仓均T+1冻结，持有观察。百纳千成涨停不追，天通股份涨停不追，银禧科技跟风创业板龙头，换手活跃，小仓试错。...
[11:08:50] [AI] 交易分析完成: stage=震荡偏多, signals=1
[11:08:50] [AI] 持仓检查完成: 8 只 (全部健康 ✅)
[11:08:50] [AI] 信号: 银禧科技(sz300221) 动作=BUY 评分=75.0
[11:08:50] [风控] sz300221 加仓评分不足(75.0<85)
[11:08:50] [周期] 执行完毕。生成信号: 1 个
[11:09:14] [周期] 开始执行分析周期...
[11:09:15] [周期] 市场状态: 震荡偏多 | 上涨:151 下跌:54 上涨比:73.7% | 涨停:17 跌停:4
[11:09:15] ✅ [记忆交接] AI 已加载昨日复盘。 🎯 关注作业:sz000938, sh688317, sh688702 | 🚫 禁忌模式:半路追高, 缩量半路板, 退潮期接力
[11:09:53] [AI思考] 市场震荡偏多，创业板强势，持仓股百纳千成涨停。候选池中银禧科技跟随创业板主线，量价健康，可小仓试错。持仓全部冻结，持有等待。...
[11:09:53] [AI] 交易分析完成: stage=震荡偏多, signals=1
[11:09:53] [AI] 持仓检查完成: 8 只 (全部健康 ✅)
[11:09:53] [AI] 信号: 银禧科技(sz300221) 动作=BUY 评分=75.0
[11:09:53] [风控] sz300221 加仓评分不足(75.0<85)
[11:09:53] [周期] 执行完毕。生成信号: 1 个
[11:10:43] [周期] 开始执行分析周期...
[11:10:47] [周期] 市场状态: 震荡偏多 | 上涨:155 下跌:55 上涨比:73.8% | 涨停:11 跌停:3
[11:10:47] ✅ [记忆交接] AI 已加载昨日复盘。 🎯 关注作业:sz000938, sh688317, sh688702 | 🚫 禁忌模式:半路追高, 缩量半路板, 退潮期接力
[11:11:28] [AI思考] 市场震荡偏多，半导体主线。持仓已满，但可用现金不多。宏微科技是半导体方向趋势股，涨幅7.3%未涨停，换手健康，小仓试错。...
[11:11:28] [AI] 交易分析完成: stage=震荡偏多, signals=1
[11:11:28] [AI] 持仓检查完成: 8 只 (全部健康 ✅)
[11:11:28] [AI] 信号: 宏微科技(sh688711) 动作=BUY 评分=72.0
[11:11:28] [风控] 拒绝 sh688711: [A级]仓位已满：当前73% >= 市场震荡偏多最大70%
[11:11:28] [风控] sh688711 宏微科技 被拦截:[A级]仓位已满：当前73% >= 市场震荡偏多最大70%
[11:11:29] [周期] 执行完毕。生成信号: 1 个
[11:12:13] [周期] 开始执行分析周期...
[11:12:14] [周期] 市场状态: 震荡偏多 | 上涨:153 下跌:56 上涨比:72.9% | 涨停:12 跌停:2
[11:12:14] ✅ [记忆交接] AI 已加载昨日复盘。 🎯 关注作业:sz000938, sh688317, sh688702 | 🚫 禁忌模式:半路追高, 缩量半路板, 退潮期接力
[11:12:57] [AI思考] 市场震荡偏多，科技成长主线。持仓逻辑未破，继续持有。候选池中唯一非涨停可买为银禧科技，换手活跃，可小仓试错。...
[11:12:57] [AI] 交易分析完成: stage=震荡偏多, signals=1
[11:12:57] [AI] 持仓检查完成: 8 只 (全部健康 ✅)
[11:12:57] [AI] 信号: 银禧科技(sz300221) 动作=BUY 评分=72.0
[11:12:57] [风控] sz300221 加仓评分不足(72.0<85)
[11:12:57] [周期] 执行完毕。生成信号: 1 个
[11:13:42] [周期] 开始执行分析周期...
[11:13:43] [周期] 市场状态: 震荡偏多 | 上涨:152 下跌:57 上涨比:72.4% | 涨停:11 跌停:2
[11:13:43] ✅ [记忆交接] AI 已加载昨日复盘。 🎯 关注作业:sz000938, sh688317, sh688702 | 🚫 禁忌模式:半路追高, 缩量半路板, 退潮期接力
[11:14:38] [AI思考] 市场震荡偏多，科技材料主线清晰（N长进/天岳）。持仓无卖出信号。候选银禧科技强势+11.9%，换手佳，与主线共振，评分80，推荐小仓加仓。...
[11:14:38] [AI] 交易分析完成: stage=升温期, signals=1
[11:14:38] [AI] 持仓检查完成: 8 只 (全部健康 ✅)
[11:14:38] [AI] 信号: 银禧科技(sz300221) 动作=BUY 评分=80.0
[11:14:38] [风控] sz300221 加仓评分不足(80.0<85)
[11:14:38] [周期] 执行完毕。生成信号: 1 个
[11:15:12] [周期] 开始执行分析周期...
[11:15:28] [周期] 市场状态: 震荡偏多 | 上涨:86 下跌:31 上涨比:73.5% | 涨停:7 跌停:1
[11:15:28] ✅ [记忆交接] AI 已加载昨日复盘。 🎯 关注作业:sz000938, sh688317, sh688702 | 🚫 禁忌模式:半路追高, 缩量半路板, 退潮期接力
[11:16:54] [AI思考] 市场震荡偏多，主线创业板和半导体。仓位73%超限且持仓冻结，但按策略必须推荐。美格智能作为AI领涨，换手健康，跟随主线，评分83。...
[11:16:54] [AI] 交易分析完成: stage=震荡偏多, signals=1
[11:16:54] ⚠️ [持仓警报] sz300174(元力股份): HOLD (逻辑=BROKEN)
[11:16:54] ⚠️ [持仓警报] sz300464(星徽股份): HOLD (逻辑=BROKEN)
[11:16:54] ⚠️ [持仓警报] sh600021(上海电力): HOLD (逻辑=BROKEN)
[11:16:54] ⚠️ [持仓警报] sh600578(京能电力): HOLD (逻辑=BROKEN)
[11:16:54] ⚠️ [持仓警报] sz300221(银禧科技): HOLD (逻辑=BROKEN)
[11:16:54] [AI] 持仓检查完成: 8 只 (全部健康 ✅)
[11:16:54] [AI] 信号: 美格智能(sz002881) 动作=BUY 评分=83.0
[11:16:54] [风控] 拒绝 sz002881: [A级]仓位已满：当前73% >= 市场震荡偏多最大70%
[11:16:54] [风控] sz002881 美格智能 被拦截:[A级]仓位已满：当前73% >= 市场震荡偏多最大70%
[11:16:54] [周期] 执行完毕。生成信号: 1 个
[11:16:55] [周期] 开始执行分析周期...
[11:16:56] [周期] 市场状态: 震荡偏多 | 上涨:149 下跌:60 上涨比:71.0% | 涨停:12 跌停:3
[11:16:56] ✅ [记忆交接] AI 已加载昨日复盘。 🎯 关注作业:sz000938, sh688317, sh688702 | 🚫 禁忌模式:半路追高, 缩量半路板, 退潮期接力
[11:17:52] [AI思考] 市场震荡偏多，仓位73%接近上限，仅小仓试错。银禧科技未涨停且换手活跃，符合兜底策略。...
[11:17:52] [AI] 交易分析完成: stage=震荡偏多, signals=1
[11:17:52] ⚠️ [持仓警报] sz300464(星徽股份): HOLD (逻辑=BROKEN)
[11:17:52] [AI] 持仓检查完成: 8 只 (全部健康 ✅)
[11:17:52] [AI] 信号: 银禧科技(sz300221) 动作=BUY 评分=72.0
[11:17:52] [风控] sz300221 加仓评分不足(72.0<85)
[11:17:52] [周期] 执行完毕。生成信号: 1 个
[11:18:24] [周期] 开始执行分析周期...
[11:18:26] [周期] 市场状态: 震荡偏多 | 上涨:148 下跌:62 上涨比:70.5% | 涨停:13 跌停:4
[11:18:26] ✅ [记忆交接] AI 已加载昨日复盘。 🎯 关注作业:sz000938, sh688317, sh688702 | 🚫 禁忌模式:半路追高, 缩量半路板, 退潮期接力
[11:19:04] [AI思考] 市场震荡偏多，创业板领涨，但仓位已达73%超限，风控禁止开仓。仍按规则推荐候选，选银禧科技作为创业板跟风补涨。...
[11:19:04] [AI] 交易分析完成: stage=震荡偏多, signals=1
[11:19:04] [AI] 持仓检查完成: 8 只 (全部健康 ✅)
[11:19:04] [AI] 信号: 银禧科技(sz300221) 动作=BUY 评分=75.0
[11:19:04] [风控] sz300221 加仓评分不足(75.0<85)
[11:19:04] [周期] 执行完毕。生成信号: 1 个
[11:19:54] [周期] 开始执行分析周期...
[11:19:55] [周期] 市场状态: 震荡偏多 | 上涨:146 下跌:64 上涨比:69.5% | 涨停:13 跌停:3
[11:19:55] ✅ [记忆交接] AI 已加载昨日复盘。 🎯 关注作业:sz000938, sh688317, sh688702 | 🚫 禁忌模式:半路追高, 缩量半路板, 退潮期接力
[11:20:51] [AI思考] 仓位超限无法买入，但规则要求必须推荐一候选。市场主线为创业板，银禧科技放量上涨跟随龙头，作为试错补涨。持仓弱势股减仓。...
[11:20:51] [AI] 交易分析完成: stage=震荡偏多, signals=1
[11:20:51] ⚠️ [持仓警报] sh688469(芯联集成-U): SELL (逻辑=BROKEN)
[11:20:51] [AI] 逻辑破坏 sh688469,触发卖出
[11:20:51] [同步] 已将 sh688469 内存状态更新为 BROKEN,准备强平
[11:20:51] [风控] 拒绝 sh688469: [S级]T+1限制：今日(2026-05-27)买入不可卖出
[11:20:51] ⚠️ [持仓警报] sz300464(星徽股份): SELL (逻辑=BROKEN)
[11:20:51] [AI] 逻辑破坏 sz300464,触发卖出
[11:20:51] [同步] 已将 sz300464 内存状态更新为 BROKEN,准备强平
[11:20:51] [风控] 拒绝 sz300464: [S级]T+1限制：今日(2026-05-27)买入不可卖出
[11:20:51] ⚠️ [持仓警报] sh600021(上海电力): SELL (逻辑=BROKEN)
[11:20:51] [AI] 逻辑破坏 sh600021,触发卖出
[11:20:51] [同步] 已将 sh600021 内存状态更新为 BROKEN,准备强平
[11:20:51] [风控] 拒绝 sh600021: [S级]T+1限制：今日(2026-05-27)买入不可卖出
[11:20:51] ⚠️ [持仓警报] sh600578(京能电力): SELL (逻辑=BROKEN)
[11:20:51] [AI] 逻辑破坏 sh600578,触发卖出
[11:20:51] [同步] 已将 sh600578 内存状态更新为 BROKEN,准备强平
[11:20:51] [风控] 拒绝 sh600578: [S级]T+1限制：今日(2026-05-27)买入不可卖出
[11:20:51] [AI] 持仓检查完成: 8 只 (全部健康 ✅)
[11:20:51] [AI] 信号: 银禧科技(sz300221) 动作=BUY 评分=75.0
[11:20:51] [风控] sz300221 加仓评分不足(75.0<85)
[11:20:51] [周期] 执行完毕。生成信号: 1 个
[11:21:23] [周期] 开始执行分析周期...
[11:21:24] [周期] 市场状态: 震荡偏多 | 上涨:145 下跌:64 上涨比:69.0% | 涨停:13 跌停:4
[11:21:24] ✅ [记忆交接] AI 已加载昨日复盘。 🎯 关注作业:sz000938, sh688317, sh688702 | 🚫 禁忌模式:半路追高, 缩量半路板, 退潮期接力
[11:22:33] [AI思考] 市场震荡偏多，持仓重但现金尚存。候选池无双主线核心，朗坤科技涨幅最高换手活跃，可小仓试错。持仓多数T+1锁定，均持有。...
[11:22:33] [AI] 交易分析完成: stage=震荡偏多, signals=1
[11:22:33] [AI] 持仓检查完成: 8 只 (全部健康 ✅)
[11:22:33] [校正] AI 代码失效 (sz301202)，通过名称 '朗坤科技' 反查锁定 sz301305
[11:22:33] [AI] 信号: 朗坤科技(sz301305) 动作=BUY 评分=75.0
[11:22:33] [风控] 拒绝 sz301305: [A级]仓位已满：当前73% >= 市场震荡偏多最大70%
[11:22:33] [风控] sz301305 朗坤科技 被拦截:[A级]仓位已满：当前73% >= 市场震荡偏多最大70%
[11:22:33] [周期] 执行完毕。生成信号: 1 个
[11:22:53] [周期] 开始执行分析周期...
[11:22:54] [周期] 市场状态: 震荡偏多 | 上涨:143 下跌:67 上涨比:68.1% | 涨停:12 跌停:4
[11:22:54] ✅ [记忆交接] AI 已加载昨日复盘。 🎯 关注作业:sz000938, sh688317, sh688702 | 🚫 禁忌模式:半路追高, 缩量半路板, 退潮期接力
[11:24:24] [AI思考] 市场震荡偏多，仓位73%已超过70%上限，无法新开仓。持仓多数健康，仅芯联集成-U微亏但T+1锁定。天通股份为第一层领涨龙头且股价合适，推荐买入试错，但风控可能拒绝。...
[11:24:24] [AI] 交易分析完成: stage=震荡偏多, signals=1
[11:24:24] [AI] 持仓检查完成: 8 只 (全部健康 ✅)
[11:24:24] [AI] 信号: 天通股份(sh600330) 动作=BUY 评分=82.0
[11:24:24] [涨跌停拦截] sh600330(天通股份) 现价31.75 >= 涨停价31.75*0.99,拒绝买入
[11:24:24] [风控] sh600330 天通股份 被拦截:涨停限制(涨停价31.75)
[11:24:24] [周期] 执行完毕。生成信号: 1 个
[11:24:25] [周期] 开始执行分析周期...
[11:24:26] [周期] 市场状态: 震荡偏多 | 上涨:140 下跌:70 上涨比:66.7% | 涨停:11 跌停:4
[11:24:26] ✅ [记忆交接] AI 已加载昨日复盘。 🎯 关注作业:sz000938, sh688317, sh688702 | 🚫 禁忌模式:半路追高, 缩量半路板, 退潮期接力
[11:25:22] [AI思考] 市场震荡偏多，创业板领涨，百纳千成涨停。持仓多微利微亏，仓位重。候选池中商络电子是创业板活跃跟风，换手充分，可小仓试错。...
[11:25:22] [AI] 交易分析完成: stage=震荡偏多, signals=1
[11:25:22] ⚠️ [持仓警报] sz300464(星徽股份): HOLD (逻辑=BROKEN)
[11:25:22] [AI] 持仓检查完成: 8 只 (全部健康 ✅)
[11:25:22] [AI] 信号: 商络电子(sz300975) 动作=BUY 评分=75.0
[11:25:22] [风控] 拒绝 sz300975: [A级]仓位已满：当前73% >= 市场震荡偏多最大70%
[11:25:22] [风控] sz300975 商络电子 被拦截:[A级]仓位已满：当前73% >= 市场震荡偏多最大70%
[11:25:22] [周期] 执行完毕。生成信号: 1 个
[11:25:55] [周期] 开始执行分析周期...
[11:25:56] [周期] 市场状态: 震荡偏多 | 上涨:141 下跌:69 上涨比:67.1% | 涨停:10 跌停:4
[11:25:56] ✅ [记忆交接] AI 已加载昨日复盘。 🎯 关注作业:sz000938, sh688317, sh688702 | 🚫 禁忌模式:半路追高, 缩量半路板, 退潮期接力
[11:27:03] [AI思考] 市场震荡偏多，创业板主线明确，百纳千成涨停，银禧科技作为同板块活跃股有补涨潜力，仓位已高但可用资金尚足，可小仓试错。...
[11:27:03] [AI] 交易分析完成: stage=升温期（震荡偏多）, signals=1
[11:27:03] [AI] 持仓检查完成: 8 只 (全部健康 ✅)
[11:27:03] [AI] 信号: 银禧科技(sz300221) 动作=BUY 评分=80.0
[11:27:03] [风控] sz300221 加仓评分不足(80.0<85)
[11:27:03] [周期] 执行完毕。生成信号: 1 个
[11:27:24] [周期] 开始执行分析周期...
[11:27:26] [周期] 市场状态: 震荡偏多 | 上涨:138 下跌:71 上涨比:65.7% | 涨停:11 跌停:4
[11:27:26] ✅ [记忆交接] AI 已加载昨日复盘。 🎯 关注作业:sz000938, sh688317, sh688702 | 🚫 禁忌模式:半路追高, 缩量半路板, 退潮期接力
[11:28:33] [AI思考] 市场震荡偏多，仓位已重。持仓中无明确卖出信号，T+1限制下仅能持有。候选池剔除涨停及冷却标的，怡达股份属于半导体主线，换手活跃未涨停，适合小仓试错。...
[11:28:33] [AI] 交易分析完成: stage=震荡偏多, signals=1
[11:28:33] [AI] 持仓检查完成: 8 只 (全部健康 ✅)
[11:28:33] [AI] 信号: 怡达股份(sz300721) 动作=BUY 评分=75.0
[11:28:33] [风控] sz300721 加仓评分不足(75.0<85)
[11:28:33] [周期] 执行完毕。生成信号: 1 个
[11:28:54] [周期] 开始执行分析周期...
[11:28:56] [周期] 市场状态: 震荡偏多 | 上涨:141 下跌:69 上涨比:67.1% | 涨停:11 跌停:4
[11:28:56] ✅ [记忆交接] AI 已加载昨日复盘。 🎯 关注作业:sz000938, sh688317, sh688702 | 🚫 禁忌模式:半路追高, 缩量半路板, 退潮期接力
[11:30:38] [AI思考] 震荡偏多，创业板半导体主线。持仓中非主线弱票可卖出腾资金，T+1持仓持有。怡达股份半导体方向温和放量，符合趋势，可买入。...
[11:30:38] [AI] 交易分析完成: stage=震荡偏多, signals=1
[11:30:38] ⚠️ [持仓警报] sz300174(元力股份): SELL (逻辑=BROKEN)
[11:30:38] [AI] 逻辑破坏 sz300174,触发卖出
[11:30:38] [同步] 已将 sz300174 内存状态更新为 BROKEN,准备强平
[11:30:38] [风控] 拒绝 sz300174: [S级]T+1限制：今日(2026-05-27)买入不可卖出
[11:30:38] [AI] 持仓检查完成: 8 只 (全部健康 ✅)
[11:30:38] [AI] 信号: 怡达股份(sz300721) 动作=BUY 评分=80.0
[11:30:38] [风控] sz300721 加仓评分不足(80.0<85)
[11:30:38] [周期] 执行完毕。生成信号: 1 个
[11:30:39] [周期] 开始执行分析周期...
[11:30:40] [周期] 市场状态: 震荡偏多 | 上涨:143 下跌:67 上涨比:68.1% | 涨停:12 跌停:3
[11:30:40] ✅ [记忆交接] AI 已加载昨日复盘。 🎯 关注作业:sz000938, sh688317, sh688702 | 🚫 禁忌模式:半路追高, 缩量半路板, 退潮期接力
[11:31:39] [AI思考] 午间休市，非交易时段，持仓股均处于观察期，无明确卖点，涨停潮下情绪偏多，但仓位已满，不宜追高，维持原有持仓，等待开盘确认。...
[11:31:39] [AI] 交易分析完成: stage=震荡偏多, signals=1
[11:31:39] [AI] 持仓检查完成: 8 只 (全部健康 ✅)
[11:31:39] [AI] 信号: 大唐发电(sh601991) 动作=BUY 评分=75.0
[11:31:39] [风控] 拒绝 sh601991: [A级]仓位已满：当前73% >= 市场震荡偏多最大70%
[11:31:39] [风控] sh601991 大唐发电 被拦截:[A级]仓位已满：当前73% >= 市场震荡偏多最大70%
[11:31:39] [周期] 执行完毕。生成信号: 1 个
[11:32:08] [交易 AI] 正在休市,等待开盘自动运行...
[11:35:31] [研究 AI] 触发节点 [上午盘后复盘],开始调用进行工作...
[11:36:12] [研究 AI] [上午盘后复盘] 工作完成。提示: 聚焦半导体和传媒核心主线，去弱留强，及时清理跟风杂毛，对浮亏且破位的标的果断止损
[11:36:12] [研究 AI] 今日复盘日记已成功写入数据库。
[11:36:12] [经验层] 自动登记禁忌模式:跟风杂毛追高
[12:30:12] [研究 AI] 触发节点 [下午盘前策略],开始调用进行工作...
[12:31:13] [研究 AI] [下午盘前策略] 工作完成。提示: 聚焦创业板强势主线，去弱留强，严控仓位。
[12:31:13] [研究 AI] 今日复盘日记已成功写入数据库。
[12:31:13] [经验层] 自动登记禁忌模式:高潮次日追高后排股
[13:00:08] [周期] 开始执行分析周期...
[13:00:10] [周期] 市场状态: 震荡偏多 | 上涨:137 下跌:66 上涨比:67.5% | 涨停:8 跌停:3
[13:00:10] ✅ [记忆交接] AI 已加载昨日复盘。 🎯 关注作业:sz000938, sh688317, sh688702 | 🚫 禁忌模式:半路追高, 缩量半路板, 退潮期接力
[13:01:21] [AI思考] 市场震荡偏多，持仓均T+1锁仓，持有待涨。资金约束下选未涨停的中百集团，换手活跃，博弈补涨。...
[13:01:21] [AI] 交易分析完成: stage=震荡偏多, signals=1
[13:01:21] [AI] 持仓检查完成: 8 只 (全部健康 ✅)
[13:01:21] [AI] 信号: 中百集团(sz000759) 动作=BUY 评分=75.0
[13:01:21] [涨跌停拦截] sz000759(中百集团) 现价6.06 >= 涨停价6.07*0.99,拒绝买入
[13:01:21] [风控] sz000759 中百集团 被拦截:涨停限制(涨停价6.07)
[13:01:21] [周期] 执行完毕。生成信号: 1 个
[13:01:37] [周期] 开始执行分析周期...
[13:01:39] [周期] 市场状态: 震荡偏多 | 上涨:142 下跌:61 上涨比:70.0% | 涨停:9 跌停:3
[13:01:39] ✅ [记忆交接] AI 已加载昨日复盘。 🎯 关注作业:sz000938, sh688317, sh688702 | 🚫 禁忌模式:半路追高, 缩量半路板, 退潮期接力
[13:02:35] [AI思考] 创业板20cm赚钱效应扩散，银禧科技换手14.8%接近涨停，补涨逻辑明确。...
[13:02:35] [AI] 交易分析完成: stage=震荡偏多, signals=2
[13:02:35] ⚠️ [持仓警报] sz300174(元力股份): HOLD (逻辑=BROKEN)
[13:02:35] ⚠️ [持仓警报] sh688469(芯联集成-U): HOLD (逻辑=BROKEN)
[13:02:35] ⚠️ [持仓警报] sz300464(星徽股份): HOLD (逻辑=BROKEN)
[13:02:35] [AI] 持仓检查完成: 8 只 (全部健康 ✅)
[13:02:35] [AI] 信号: 银禧科技(sz300221) 动作=BUY 评分=82.0
[13:02:35] [风控] sz300221 加仓评分不足(82.0<85)
[13:02:35] [AI] 信号: 商络电子(sz300975) 动作=BUY 评分=78.0
[13:02:35] [风控] 拒绝 sz300975: [A级]仓位已满：当前73% >= 市场震荡偏多最大70%
[13:02:35] [风控] sz300975 商络电子 被拦截:[A级]仓位已满：当前73% >= 市场震荡偏多最大70%
[13:02:35] [周期] 执行完毕。生成信号: 2 个
[13:03:07] [周期] 开始执行分析周期...
[13:03:09] [周期] 市场状态: 震荡偏多 | 上涨:133 下跌:70 上涨比:65.5% | 涨停:11 跌停:4
[13:03:09] ✅ [记忆交接] AI 已加载昨日复盘。 🎯 关注作业:sz000938, sh688317, sh688702 | 🚫 禁忌模式:半路追高, 缩量半路板, 退潮期接力
[13:04:19] [AI思考] 市场震荡偏多，电力主线明确，但仓位已满且持仓冻结，按规则需推荐候选，选粤电力A作为跟风补涨。...
[13:04:19] [AI] 交易分析完成: stage=震荡偏多, signals=1
[13:04:19] [AI] 持仓检查完成: 8 只 (全部健康 ✅)
[13:04:19] [拦截] AI 幻觉：代码 sz000539 (粤电力Ａ) 与名称 '粤电力A' 均无法对应 -> 丢弃
[13:04:19] [周期] 执行完毕。生成信号: 0 个
[13:04:37] [周期] 开始执行分析周期...
[13:04:38] [周期] 市场状态: 震荡偏多 | 上涨:137 下跌:65 上涨比:67.5% | 涨停:12 跌停:4
[13:04:38] ✅ [记忆交接] AI 已加载昨日复盘。 🎯 关注作业:sz000938, sh688317, sh688702 | 🚫 禁忌模式:半路追高, 缩量半路板, 退潮期接力
[13:05:48] [AI思考] 市场震荡偏多，电力、创业板主线强。持仓T+1锁仓不动。候选池涨停多，选银禧科技与创业板龙头同属性，换手充分，无缩量追高禁忌，小仓试错。...
[13:05:48] [AI] 交易分析完成: stage=震荡偏多, signals=1
[13:05:48] ⚠️ [持仓警报] sz300464(星徽股份): HOLD (逻辑=BROKEN)
[13:05:48] ⚠️ [持仓警报] sz300221(银禧科技): HOLD (逻辑=BROKEN)
[13:05:48] ⚠️ [持仓警报] sz300721(怡达股份): HOLD (逻辑=BROKEN)
[13:05:48] [AI] 持仓检查完成: 8 只 (全部健康 ✅)
[13:05:48] [AI] 信号: 银禧科技(sz300221) 动作=BUY 评分=80.0
[13:05:48] [风控] sz300221 加仓评分不足(80.0<85)
[13:05:48] [周期] 执行完毕。生成信号: 1 个
[13:06:06] [周期] 开始执行分析周期...
[13:06:08] [周期] 市场状态: 震荡偏多 | 上涨:141 下跌:62 上涨比:69.5% | 涨停:16 跌停:3
[13:06:08] ✅ [记忆交接] AI 已加载昨日复盘。 🎯 关注作业:sz000938, sh688317, sh688702 | 🚫 禁忌模式:半路追高, 缩量半路板, 退潮期接力
[13:07:17] [AI思考] 市场震荡偏多，电力主线明确，龙头粤电力Ａ涨停。候选池中京能电力放量跟涨趋势良好，评分80分，可小仓买入。所有持仓T+1冻结，持有。...
[13:07:17] [AI] 交易分析完成: stage=震荡偏多, signals=1
[13:07:17] [AI] 持仓检查完成: 8 只 (全部健康 ✅)
[13:07:17] [AI] 信号: 京能电力(sh600578) 动作=BUY 评分=80.0
[13:07:17] [风控] sh600578 加仓评分不足(80.0<85)
[13:07:17] [周期] 执行完毕。生成信号: 1 个
[13:07:36] [周期] 开始执行分析周期...
[13:07:37] [周期] 市场状态: 震荡偏多 | 上涨:137 下跌:65 上涨比:67.5% | 涨停:14 跌停:4
[13:07:37] ✅ [记忆交接] AI 已加载昨日复盘。 🎯 关注作业:sz000938, sh688317, sh688702 | 🚫 禁忌模式:半路追高, 缩量半路板, 退潮期接力
[13:08:30] [AI思考] 震荡偏多，电力主线明确，粤电力A涨停，京能电力跟风强势，量价健康，评分80。持仓全锁，持有电力及创业板标的，百纳千成涨停持有，其余观察。...
[13:08:30] [AI] 交易分析完成: stage=震荡偏多, signals=1
[13:08:30] [AI] 持仓检查完成: 8 只 (全部健康 ✅)
[13:08:30] [AI] 信号: 京能电力(sh600578) 动作=BUY 评分=85.0
[13:08:30] [加仓] sh600578(京能电力) 允许加仓,当前仓位4.8%,评分85.0
[13:08:30] [加仓] 预算调整为原预算的50%: 330
[13:08:30] [风控] 拒绝 sh600578: [S级]仓位状态：信念值不足：20 < 60
[13:08:30] [风控] sh600578 京能电力 被拦截:[S级]仓位状态：信念值不足：20 < 60
[13:08:30] [周期] 执行完毕。生成信号: 1 个
[13:09:06] [周期] 开始执行分析周期...
[13:09:07] [周期] 市场状态: 震荡偏多 | 上涨:139 下跌:64 上涨比:68.5% | 涨停:14 跌停:4
[13:09:07] ✅ [记忆交接] AI 已加载昨日复盘。 🎯 关注作业:sz000938, sh688317, sh688702 | 🚫 禁忌模式:半路追高, 缩量半路板, 退潮期接力
[13:10:11] [AI思考] 仓位重但电力主线强势，沪电跟涨放量，可小仓试错；星徽股份破位但T+1无法卖出，其余持仓逻辑尚存。...
[13:10:11] [AI] 交易分析完成: stage=震荡偏多, signals=1
[13:10:11] ⚠️ [持仓警报] sz300464(星徽股份): HOLD (逻辑=BROKEN)
[13:10:11] [AI] 持仓检查完成: 8 只 (全部健康 ✅)
[13:10:11] [AI] 信号: 上海电力(sh600021) 动作=BUY 评分=78.0
[13:10:11] [风控] sh600021 加仓评分不足(78.0<85)
[13:10:11] [周期] 执行完毕。生成信号: 1 个
[13:10:35] [周期] 开始执行分析周期...
[13:10:41] [周期] 市场状态: 震荡偏多 | 上涨:138 下跌:63 上涨比:68.0% | 涨停:15 跌停:5
[13:10:41] ✅ [记忆交接] AI 已加载昨日复盘。 🎯 关注作业:sz000938, sh688317, sh688702 | 🚫 禁忌模式:半路追高, 缩量半路板, 退潮期接力
[13:11:24] [AI思考] 市场震荡偏多，电力主线明确，粤电力涨停，大唐发电跟涨7.4%，换手充分，趋势健康，适合上车。...
[13:11:24] [AI] 交易分析完成: stage=震荡偏多, signals=1
[13:11:24] [AI] 持仓检查完成: 8 只 (全部健康 ✅)
[13:11:24] [AI] 信号: 大唐发电(sh601991) 动作=BUY 评分=82.0
[13:11:24] [风控] 拒绝 sh601991: [A级]仓位已满：当前73% >= 市场震荡偏多最大70%
[13:11:24] [风控] sh601991 大唐发电 被拦截:[A级]仓位已满：当前73% >= 市场震荡偏多最大70%
[13:11:24] [周期] 执行完毕。生成信号: 1 个
[13:12:05] [周期] 开始执行分析周期...
[13:12:13] [周期] 市场状态: 震荡偏多 | 上涨:136 下跌:67 上涨比:67.0% | 涨停:13 跌停:4
[13:12:13] ✅ [记忆交接] AI 已加载昨日复盘。 🎯 关注作业:sz000938, sh688317, sh688702 | 🚫 禁忌模式:半路追高, 缩量半路板, 退潮期接力
[13:13:20] [AI思考] 市场震荡偏多，主线电力与创业板。持仓全部锁定，no sell。候选池中，银禧科技高换手8.4%跟风创业板龙头百纳千成，价格明确可买，评分80。...
[13:13:20] [AI] 交易分析完成: stage=震荡偏多, signals=1
[13:13:20] [AI] 持仓检查完成: 8 只 (全部健康 ✅)
[13:13:20] [AI] 信号: 银禧科技(sz300221) 动作=BUY 评分=80.0
[13:13:20] [风控] sz300221 加仓评分不足(80.0<85)
[13:13:20] [周期] 执行完毕。生成信号: 1 个
[13:13:34] [周期] 开始执行分析周期...
[13:13:35] [周期] 市场状态: 震荡偏多 | 上涨:139 下跌:63 上涨比:68.5% | 涨停:15 跌停:5
[13:13:35] ✅ [记忆交接] AI 已加载昨日复盘。 🎯 关注作业:sz000938, sh688317, sh688702 | 🚫 禁忌模式:半路追高, 缩量半路板, 退潮期接力
[13:14:35] [AI思考] 主线电力强势，龙头涨停，上海电力同板块涨幅小换手活跃，适合趋势跟随，仓位重但仍可小额加仓。...
[13:14:35] [AI] 交易分析完成: stage=震荡偏多, signals=1
[13:14:35] [AI] 持仓检查完成: 8 只 (全部健康 ✅)
[13:14:35] [AI] 信号: 上海电力(sh600021) 动作=BUY 评分=82.0
[13:14:35] [风控] sh600021 加仓评分不足(82.0<85)
[13:14:35] [周期] 执行完毕。生成信号: 1 个
[13:15:04] [周期] 开始执行分析周期...
[13:15:06] [周期] 市场状态: 震荡偏多 | 上涨:140 下跌:62 上涨比:69.0% | 涨停:14 跌停:5
[13:15:06] ✅ [记忆交接] AI 已加载昨日复盘。 🎯 关注作业:sz000938, sh688317, sh688702 | 🚫 禁忌模式:半路追高, 缩量半路板, 退潮期接力
[13:16:13] [AI思考] 市场震荡偏多，电力主线清晰，但仓位已重，卖出元力股份、星徽股份等非核心持仓，轻仓加仓电力趋势股上海电力。...
[13:16:13] [AI] 交易分析完成: stage=震荡偏多, signals=1
[13:16:13] ⚠️ [持仓警报] sz300174(元力股份): SELL (逻辑=BROKEN)
[13:16:13] [AI] 逻辑破坏 sz300174,触发卖出
[13:16:13] [同步] 已将 sz300174 内存状态更新为 BROKEN,准备强平
[13:16:13] [风控] 拒绝 sz300174: [S级]T+1限制：今日(2026-05-27)买入不可卖出
[13:16:13] ⚠️ [持仓警报] sz300464(星徽股份): SELL (逻辑=BROKEN)
[13:16:13] [AI] 逻辑破坏 sz300464,触发卖出
[13:16:13] [同步] 已将 sz300464 内存状态更新为 BROKEN,准备强平
[13:16:13] [风控] 拒绝 sz300464: [S级]T+1限制：今日(2026-05-27)买入不可卖出
[13:16:13] [AI] 持仓检查完成: 8 只 (全部健康 ✅)
[13:16:13] [AI] 信号: 上海电力(sh600021) 动作=BUY 评分=85.0
[13:16:13] [加仓] sh600021(上海电力) 允许加仓,当前仓位10.5%,评分85.0
[13:16:13] [加仓] 预算调整为原预算的50%: 330
[13:16:13] [风控] 拒绝 sh600021: [S级]仓位状态：信念值不足：20 < 60
[13:16:13] [风控] sh600021 上海电力 被拦截:[S级]仓位状态：信念值不足：20 < 60
[13:16:13] [周期] 执行完毕。生成信号: 1 个
[13:16:33] [周期] 开始执行分析周期...
[13:16:43] [周期] 市场状态: 震荡偏多 | 上涨:135 下跌:68 上涨比:66.5% | 涨停:13 跌停:5
[13:16:43] ✅ [记忆交接] AI 已加载昨日复盘。 🎯 关注作业:sz000938, sh688317, sh688702 | 🚫 禁忌模式:半路追高, 缩量半路板, 退潮期接力
[13:18:11] [AI思考] 市场震荡偏多，电力与创业板领涨，持仓均今日买入冻结持有。候选池中电力多涨停或冷却，创业板龙头涨停，晓鸣股份作为同板块补涨可小仓试错。...
[13:18:11] [AI] 交易分析完成: stage=震荡偏多, signals=1
[13:18:11] [AI] 持仓检查完成: 8 只 (全部健康 ✅)
[13:18:11] [AI] 信号: 晓鸣股份(sz300967) 动作=BUY 评分=72.0
[13:18:11] [风控] 拒绝 sz300967: [A级]仓位已满：当前73% >= 市场震荡偏多最大70%
[13:18:11] [风控] sz300967 晓鸣股份 被拦截:[A级]仓位已满：当前73% >= 市场震荡偏多最大70%
[13:18:11] [周期] 执行完毕。生成信号: 1 个
[13:18:12] [周期] 开始执行分析周期...
[13:18:28] [周期] 市场状态: 震荡偏多 | 上涨:132 下跌:70 上涨比:65.0% | 涨停:13 跌停:5
[13:18:28] ✅ [记忆交接] AI 已加载昨日复盘。 🎯 关注作业:sz000938, sh688317, sh688702 | 🚫 禁忌模式:半路追高, 缩量半路板, 退潮期接力
[13:20:04] [AI思考] 市场震荡偏多，主线电力多股涨停但无法买入；持仓过重超限，需减仓；风控拒绝上海电力、京能电力，应卖出；候选朗坤科技放量未涨停，小仓试错。...
[13:20:04] [AI] 交易分析完成: stage=震荡偏多, signals=1
[13:20:04] ⚠️ [持仓警报] sh688469(芯联集成-U): SELL (逻辑=BROKEN)
[13:20:04] [AI] 逻辑破坏 sh688469,触发卖出
[13:20:04] [同步] 已将 sh688469 内存状态更新为 BROKEN,准备强平
[13:20:04] [风控] 拒绝 sh688469: [S级]T+1限制：今日(2026-05-27)买入不可卖出
[13:20:04] ⚠️ [持仓警报] sh600021(上海电力): SELL (逻辑=BROKEN)
[13:20:04] [AI] 逻辑破坏 sh600021,触发卖出
[13:20:04] [同步] 已将 sh600021 内存状态更新为 BROKEN,准备强平
[13:20:04] [风控] 拒绝 sh600021: [S级]T+1限制：今日(2026-05-27)买入不可卖出
[13:20:04] ⚠️ [持仓警报] sh600578(京能电力): SELL (逻辑=BROKEN)
[13:20:04] [AI] 逻辑破坏 sh600578,触发卖出
[13:20:04] [同步] 已将 sh600578 内存状态更新为 BROKEN,准备强平
[13:20:04] [风控] 拒绝 sh600578: [S级]T+1限制：今日(2026-05-27)买入不可卖出
[13:20:04] ⚠️ [持仓警报] sz300221(银禧科技): SELL (逻辑=VALID)
[13:20:05] ⚠️ [持仓警报] sz300721(怡达股份): SELL (逻辑=BROKEN)
[13:20:05] [AI] 逻辑破坏 sz300721,触发卖出
[13:20:05] [同步] 已将 sz300721 内存状态更新为 BROKEN,准备强平
[13:20:05] [风控] 拒绝 sz300721: [S级]T+1限制：今日(2026-05-27)买入不可卖出
[13:20:05] [AI] 持仓检查完成: 8 只 (全部健康 ✅)
[13:20:05] [AI] 信号: 朗坤科技(sz301305) 动作=BUY 评分=75.0
[13:20:05] [风控] 拒绝 sz301305: [A级]仓位已满：当前73% >= 市场震荡偏多最大70%
[13:20:05] [风控] sz301305 朗坤科技 被拦截:[A级]仓位已满：当前73% >= 市场震荡偏多最大70%
[13:20:05] [周期] 执行完毕。生成信号: 1 个
[13:20:06] [周期] 开始执行分析周期...
[13:20:07] [周期] 市场状态: 震荡偏多 | 上涨:137 下跌:66 上涨比:67.5% | 涨停:13 跌停:5
[13:20:07] ✅ [记忆交接] AI 已加载昨日复盘。 🎯 关注作业:sz000938, sh688317, sh688702 | 🚫 禁忌模式:半路追高, 缩量半路板, 退潮期接力
[13:21:05] [AI思考] 市场震荡偏多，电力与创业板领涨，龙头涨停无法参与。持仓多数T+1锁定，仅银禧科技可交易且未涨停，作为唯一可选标的，符合兜底小仓试错条件。...
[13:21:05] [AI] 交易分析完成: stage=震荡偏多, signals=1
[13:21:05] [AI] 持仓检查完成: 8 只 (全部健康 ✅)
[13:21:05] [AI] 信号: 银禧科技(sz300221) 动作=BUY 评分=72.0
[13:21:05] [风控] sz300221 加仓评分不足(72.0<85)
[13:21:05] [周期] 执行完毕。生成信号: 1 个
[13:21:35] [周期] 开始执行分析周期...
[13:21:36] [周期] 市场状态: 震荡偏多 | 上涨:137 下跌:66 上涨比:67.5% | 涨停:14 跌停:5
[13:21:36] ✅ [记忆交接] AI 已加载昨日复盘。 🎯 关注作业:sz000938, sh688317, sh688702 | 🚫 禁忌模式:半路追高, 缩量半路板, 退潮期接力
[13:22:20] [AI思考] 市场震荡偏多，电力与创业板影视领涨，多股涨停或T+1冷却。唯一候选银禧科技未涨停，可小仓试错补涨。...
[13:22:20] [AI] 交易分析完成: stage=震荡偏多, signals=1
[13:22:20] [AI] 持仓检查完成: 8 只 (全部健康 ✅)
[13:22:20] [AI] 信号: 银禧科技(sz300221) 动作=BUY 评分=72.0
[13:22:20] [风控] sz300221 加仓评分不足(72.0<85)
[13:22:20] [周期] 执行完毕。生成信号: 1 个
[13:23:04] [周期] 开始执行分析周期...
[13:23:06] [周期] 市场状态: 震荡偏多 | 上涨:136 下跌:67 上涨比:67.0% | 涨停:15 跌停:5
[13:23:06] ✅ [记忆交接] AI 已加载昨日复盘。 🎯 关注作业:sz000938, sh688317, sh688702 | 🚫 禁忌模式:半路追高, 缩量半路板, 退潮期接力
[13:24:01] [AI思考] 市场震荡偏多，电力与创业板活跃，但多数候选股涨停或受风控限制。持仓股因T+1锁仓，仅银禧科技未涨停且无限制，小仓试错创业板补涨。...
[13:24:01] [AI] 交易分析完成: stage=震荡偏多, signals=1
[13:24:01] [AI] 持仓检查完成: 8 只 (全部健康 ✅)
[13:24:01] [AI] 信号: 银禧科技(sz300221) 动作=BUY 评分=75.0
[13:24:01] [风控] sz300221 加仓评分不足(75.0<85)
[13:24:01] [周期] 执行完毕。生成信号: 1 个
[13:24:34] [周期] 开始执行分析周期...
[13:24:35] [周期] 市场状态: 震荡偏多 | 上涨:138 下跌:64 上涨比:68.0% | 涨停:18 跌停:4
[13:24:35] ✅ [记忆交接] AI 已加载昨日复盘。 🎯 关注作业:sz000938, sh688317, sh688702 | 🚫 禁忌模式:半路追高, 缩量半路板, 退潮期接力
[13:25:28] [AI思考] 市场震荡偏多，电力主线强势但标的均涨停或冷却，唯一可交易创业板商络电子非涨停且量价健康，作为兜底小仓试错。...
[13:25:28] [AI] 交易分析完成: stage=震荡偏多, signals=1
[13:25:28] [AI] 持仓检查完成: 8 只 (全部健康 ✅)
[13:25:28] [AI] 信号: 商络电子(sz300975) 动作=BUY 评分=68.0
[13:25:28] [风控] 拒绝 sz300975: [A级]仓位已满：当前73% >= 市场震荡偏多最大70%
[13:25:28] [风控] sz300975 商络电子 被拦截:[A级]仓位已满：当前73% >= 市场震荡偏多最大70%
[13:25:28] [周期] 执行完毕。生成信号: 1 个
[13:26:03] [周期] 开始执行分析周期...
[13:26:22] [周期] 市场状态: 震荡偏多 | 上涨:138 下跌:65 上涨比:68.0% | 涨停:16 跌停:2
[13:26:22] ✅ [记忆交接] AI 已加载昨日复盘。 🎯 关注作业:sz000938, sh688317, sh688702 | 🚫 禁忌模式:半路追高, 缩量半路板, 退潮期接力
[13:27:09] [AI思考] 市场震荡偏多，电力龙头涨停或冷却，唯一可买银禧科技，创业板跟风，量价健康，按兜底机制小仓试错。...
[13:27:09] [AI] 交易分析完成: stage=震荡偏多, signals=1
[13:27:09] [AI] 持仓检查完成: 8 只 (全部健康 ✅)
[13:27:09] [AI] 信号: 银禧科技(sz300221) 动作=BUY 评分=70.0
[13:27:09] [风控] sz300221 加仓评分不足(70.0<85)
[13:27:09] [周期] 执行完毕。生成信号: 1 个
[13:27:33] [周期] 开始执行分析周期...
[13:27:34] [周期] 市场状态: 震荡偏多 | 上涨:141 下跌:62 上涨比:69.5% | 涨停:16 跌停:2
[13:27:34] ✅ [记忆交接] AI 已加载昨日复盘。 🎯 关注作业:sz000938, sh688317, sh688702 | 🚫 禁忌模式:半路追高, 缩量半路板, 退潮期接力
[13:28:41] [AI思考] 电力主线明确，卖出非主线银禧科技，换入大唐发电趋势跟随，仓位受限但需推荐1只。...
[13:28:41] [AI] 交易分析完成: stage=震荡偏多, signals=1
[13:28:41] ⚠️ [持仓警报] sz300221(银禧科技): SELL (逻辑=BROKEN)
[13:28:41] [AI] 逻辑破坏 sz300221,触发卖出
[13:28:41] [同步] 已将 sz300221 内存状态更新为 BROKEN,准备强平
[13:28:41] [风控] 拒绝 sz300221: [S级]T+1限制：今日(2026-05-27)买入不可卖出
[13:28:41] [AI] 持仓检查完成: 8 只 (全部健康 ✅)
[13:28:41] [AI] 信号: 大唐发电(sh601991) 动作=BUY 评分=85.0
[13:28:41] [风控] 拒绝 sh601991: [A级]仓位已满：当前73% >= 市场震荡偏多最大70%
[13:28:41] [风控] sh601991 大唐发电 被拦截:[A级]仓位已满：当前73% >= 市场震荡偏多最大70%
[13:28:41] [周期] 执行完毕。生成信号: 1 个
[13:29:02] [周期] 开始执行分析周期...
[13:29:04] [周期] 市场状态: 震荡偏多 | 上涨:139 下跌:63 上涨比:68.5% | 涨停:16 跌停:2
[13:29:04] ✅ [记忆交接] AI 已加载昨日复盘。 🎯 关注作业:sz000938, sh688317, sh688702 | 🚫 禁忌模式:半路追高, 缩量半路板, 退潮期接力
[13:30:12] [AI思考] 市场震荡偏多，电力与创业板主线活跃，但候选池中非涨停即被冷却，无符合买入条件的标的，持仓T+1锁定继续持有。...
[13:30:12] [AI调试] candidates为空 | stage=震荡偏多 | 第二层候选池=有 | max_price=50.9元 | cash=5513
[13:30:12] [AI调试] AI内部逻辑: 市场震荡偏多，电力与创业板主线活跃，但候选池中非涨停即被冷却，无符合买入条件的标的，持仓T+1锁定继续持有。
[13:30:12] [AI] 交易分析完成: stage=震荡偏多, signals=0
[13:30:12] [AI] 持仓检查完成: 8 只 (全部健康 ✅)
[13:30:12] [周期] 执行完毕。生成信号: 0 个
[13:30:32] [周期] 开始执行分析周期...
[13:30:36] [周期] 市场状态: 震荡偏多 | 上涨:136 下跌:69 上涨比:66.3% | 涨停:11 跌停:3
[13:30:36] ✅ [记忆交接] AI 已加载昨日复盘。 🎯 关注作业:sz000938, sh688317, sh688702 | 🚫 禁忌模式:半路追高, 缩量半路板, 退潮期接力
[13:31:21] [AI思考] 市场震荡偏多，电力新能源主线清晰。仓位已满72.9%>70%上限，但候选池中节能风电未涨停且属性匹配，可小仓试错。持仓全冻结，持有为主。...
[13:31:21] [AI] 交易分析完成: stage=震荡偏多, signals=1
[13:31:21] [AI] 持仓检查完成: 8 只 (全部健康 ✅)
[13:31:21] [AI] 信号: 节能风电(sh601016) 动作=BUY 评分=82.0
[13:31:21] [风控] 拒绝 sh601016: [A级]仓位已满：当前73% >= 市场震荡偏多最大70%
[13:31:21] [风控] sh601016 节能风电 被拦截:[A级]仓位已满：当前73% >= 市场震荡偏多最大70%
[13:31:21] [周期] 执行完毕。生成信号: 1 个
[13:32:01] [周期] 开始执行分析周期...
[13:32:03] [周期] 市场状态: 震荡偏多 | 上涨:133 下跌:71 上涨比:64.9% | 涨停:11 跌停:4
[13:32:03] ✅ [记忆交接] AI 已加载昨日复盘。 🎯 关注作业:sz000938, sh688317, sh688702 | 🚫 禁忌模式:半路追高, 缩量半路板, 退潮期接力
[13:33:27] [AI思考] 仓位重，主线电力和新能源，但所有未冷却候选已涨停，无买入机会。持仓中非主线弱票卖出止损。...
[13:33:27] [AI调试] candidates为空 | stage=震荡偏多 | 第二层候选池=有 | max_price=50.7元 | cash=5513
[13:33:27] [AI调试] AI内部逻辑: 仓位重，主线电力和新能源，但所有未冷却候选已涨停，无买入机会。持仓中非主线弱票卖出止损。
[13:33:27] [AI] 交易分析完成: stage=震荡偏多, signals=0
[13:33:27] ⚠️ [持仓警报] sz300174(元力股份): SELL (逻辑=BROKEN)
[13:33:27] [AI] 逻辑破坏 sz300174,触发卖出
[13:33:27] [同步] 已将 sz300174 内存状态更新为 BROKEN,准备强平
[13:33:27] [风控] 拒绝 sz300174: [S级]T+1限制：今日(2026-05-27)买入不可卖出
[13:33:27] ⚠️ [持仓警报] sh688469(芯联集成-U): HOLD (逻辑=BROKEN)
[13:33:27] ⚠️ [持仓警报] sz300464(星徽股份): SELL (逻辑=BROKEN)
[13:33:27] [AI] 逻辑破坏 sz300464,触发卖出
[13:33:27] [同步] 已将 sz300464 内存状态更新为 BROKEN,准备强平
[13:33:27] [风控] 拒绝 sz300464: [S级]T+1限制：今日(2026-05-27)买入不可卖出
[13:33:27] ⚠️ [持仓警报] sz300221(银禧科技): HOLD (逻辑=BROKEN)
[13:33:27] ⚠️ [持仓警报] sz300721(怡达股份): HOLD (逻辑=BROKEN)
[13:33:27] [AI] 持仓检查完成: 8 只 (全部健康 ✅)
[13:33:27] [周期] 执行完毕。生成信号: 0 个
[13:33:31] [周期] 开始执行分析周期...
[13:33:32] [周期] 市场状态: 震荡偏多 | 上涨:133 下跌:71 上涨比:64.9% | 涨停:11 跌停:4
[13:33:32] ✅ [记忆交接] AI 已加载昨日复盘。 🎯 关注作业:sz000938, sh688317, sh688702 | 🚫 禁忌模式:半路追高, 缩量半路板, 退潮期接力
[13:34:32] [AI思考] 市场震荡偏多，持仓全部T+1锁定。候选池中非涨停股均被冷却规则拒绝，涨停股无法买入，故无推荐。...
[13:34:32] [AI调试] candidates为空 | stage=震荡偏多 | 第二层候选池=有 | max_price=50.7元 | cash=5513
[13:34:32] [AI调试] AI内部逻辑: 市场震荡偏多，持仓全部T+1锁定。候选池中非涨停股均被冷却规则拒绝，涨停股无法买入，故无推荐。
[13:34:32] [AI] 交易分析完成: stage=震荡偏多, signals=0
[13:34:32] [AI] 持仓检查完成: 8 只 (全部健康 ✅)
[13:34:32] [周期] 执行完毕。生成信号: 0 个
[13:35:00] [周期] 开始执行分析周期...
[13:35:02] [周期] 市场状态: 震荡偏多 | 上涨:133 下跌:72 上涨比:64.9% | 涨停:10 跌停:4
[13:35:02] ✅ [记忆交接] AI 已加载昨日复盘。 🎯 关注作业:sz000938, sh688317, sh688702 | 🚫 禁忌模式:半路追高, 缩量半路板, 退潮期接力
[13:35:42] [AI思考] 市场震荡偏多，但候选池股票全部涨停或已被风控冷却（T+1或仓位已满），无法推荐新标的。持仓均被T+1锁定，只能持有。...
[13:35:42] [AI调试] candidates为空 | stage=震荡偏多 | 第二层候选池=有 | max_price=50.7元 | cash=5513
[13:35:42] [AI调试] AI内部逻辑: 市场震荡偏多，但候选池股票全部涨停或已被风控冷却（T+1或仓位已满），无法推荐新标的。持仓均被T+1锁定，只能持有。
[13:35:42] [AI] 交易分析完成: stage=震荡偏多, signals=0
[13:35:42] [AI] 持仓检查完成: 8 只 (全部健康 ✅)
[13:35:42] [周期] 执行完毕。生成信号: 0 个
[13:36:30] [周期] 开始执行分析周期...
[13:36:32] [周期] 市场状态: 震荡偏多 | 上涨:133 下跌:70 上涨比:64.9% | 涨停:11 跌停:4
[13:36:32] ✅ [记忆交接] AI 已加载昨日复盘。 🎯 关注作业:sz000938, sh688317, sh688702 | 🚫 禁忌模式:半路追高, 缩量半路板, 退潮期接力
[13:37:31] [AI思考] 市场震荡偏多，电力主线明确（韶能股份、节能风电龙头）。持仓中非电力股逻辑弱化，电力股可留。仓位72.8%超限需先减仓，卖出半导体（芯联集成、怡达股份）释放资金，再低吸电力补涨股京能电力（+6.4%未涨...
[13:37:31] [AI] 交易分析完成: stage=震荡偏多, signals=1
[13:37:31] ⚠️ [持仓警报] sh688469(芯联集成-U): SELL (逻辑=BROKEN)
[13:37:31] [AI] 逻辑破坏 sh688469,触发卖出
[13:37:31] [同步] 已将 sh688469 内存状态更新为 BROKEN,准备强平
[13:37:31] [风控] 拒绝 sh688469: [S级]T+1限制：今日(2026-05-27)买入不可卖出
[13:37:31] ⚠️ [持仓警报] sz300721(怡达股份): SELL (逻辑=BROKEN)
[13:37:31] [AI] 逻辑破坏 sz300721,触发卖出
[13:37:31] [同步] 已将 sz300721 内存状态更新为 BROKEN,准备强平
[13:37:31] [风控] 拒绝 sz300721: [S级]T+1限制：今日(2026-05-27)买入不可卖出
[13:37:31] [AI] 持仓检查完成: 8 只 (全部健康 ✅)
[13:37:31] [AI] 信号: 京能电力(sh600578) 动作=BUY 评分=82.0
[13:37:31] [风控] sh600578 加仓评分不足(82.0<85)
[13:37:31] [周期] 执行完毕。生成信号: 1 个
[13:38:00] [周期] 开始执行分析周期...
[13:38:01] [周期] 市场状态: 震荡偏多 | 上涨:132 下跌:73 上涨比:64.4% | 涨停:9 跌停:4
[13:38:01] ✅ [记忆交接] AI 已加载昨日复盘。 🎯 关注作业:sz000938, sh688317, sh688702 | 🚫 禁忌模式:半路追高, 缩量半路板, 退潮期接力
[13:39:03] [AI思考] 震荡偏多主线在电力与创业板，仓位72.8%接近上限，多数持仓微盈微亏，但T+1锁定无法卖出，故全部HOLD。第二层候选池仅京能电力非涨停且未在冷却名单，可作补涨试错。...
[13:39:03] [AI] 交易分析完成: stage=震荡偏多, signals=1
[13:39:03] ⚠️ [持仓警报] sz300464(星徽股份): HOLD (逻辑=BROKEN)
[13:39:03] [AI] 持仓检查完成: 8 只 (全部健康 ✅)
[13:39:03] [AI] 信号: 京能电力(sh600578) 动作=BUY 评分=72.0
[13:39:03] [风控] sh600578 加仓评分不足(72.0<85)
[13:39:03] [周期] 执行完毕。生成信号: 1 个
[13:39:29] [周期] 开始执行分析周期...
[13:39:30] [周期] 市场状态: 震荡偏多 | 上涨:129 下跌:76 上涨比:62.9% | 涨停:9 跌停:4
[13:39:30] ✅ [记忆交接] AI 已加载昨日复盘。 🎯 关注作业:sz000938, sh688317, sh688702 | 🚫 禁忌模式:半路追高, 缩量半路板, 退潮期接力
[13:40:22] [AI思考] 市场震荡偏多，电力板块强势，龙头大唐发电被冷却，选择京能电力温和放量，可轻仓试错。...
[13:40:22] [AI] 交易分析完成: stage=震荡偏多, signals=1
[13:40:22] [AI] 持仓检查完成: 8 只 (全部健康 ✅)
[13:40:22] [AI] 信号: 京能电力(sh600578) 动作=BUY 评分=80.0
[13:40:22] [风控] sh600578 加仓评分不足(80.0<85)
[13:40:22] [周期] 执行完毕。生成信号: 1 个
[13:40:58] [周期] 开始执行分析周期...
[13:40:59] [周期] 市场状态: 震荡偏多 | 上涨:129 下跌:75 上涨比:62.9% | 涨停:9 跌停:4
[13:40:59] ✅ [记忆交接] AI 已加载昨日复盘。 🎯 关注作业:sz000938, sh688317, sh688702 | 🚫 禁忌模式:半路追高, 缩量半路板, 退潮期接力
[13:42:33] [AI思考] 市场震荡偏多，电力板块多股涨停，主线明确。龙头韶能股份等涨停无法买入，京能电力作为电力跟风，涨幅5.8%换手5.8%，量价健康，博弈补涨。...
[13:42:33] [AI] 交易分析完成: stage=震荡偏多, signals=1
[13:42:33] [AI] 持仓检查完成: 8 只 (全部健康 ✅)
[13:42:33] [AI] 信号: 京能电力(sh600578) 动作=BUY 评分=75.0
[13:42:33] [风控] sh600578 加仓评分不足(75.0<85)
[13:42:33] [周期] 执行完毕。生成信号: 1 个
[13:42:34] [周期] 开始执行分析周期...
[13:42:36] [周期] 市场状态: 震荡偏多 | 上涨:127 下跌:77 上涨比:62.0% | 涨停:9 跌停:4
[13:42:36] ✅ [记忆交接] AI 已加载昨日复盘。 🎯 关注作业:sz000938, sh688317, sh688702 | 🚫 禁忌模式:半路追高, 缩量半路板, 退潮期接力
[13:43:55] [AI思考] 市场震荡偏多，主线电力与创业板。可选标的有限，捷成股份形态最强，量价健康，作为补涨试错。百纳千成涨停持有，上海电力弱势卖出换仓。...
[13:43:55] [AI] 交易分析完成: stage=震荡偏多, signals=1
[13:43:55] ⚠️ [持仓警报] sh600021(上海电力): SELL (逻辑=BROKEN)
[13:43:55] [AI] 逻辑破坏 sh600021,触发卖出
[13:43:55] [同步] 已将 sh600021 内存状态更新为 BROKEN,准备强平
[13:43:55] [风控] 拒绝 sh600021: [S级]T+1限制：今日(2026-05-27)买入不可卖出
[13:43:55] [AI] 持仓检查完成: 8 只 (全部健康 ✅)
[13:43:55] [AI] 信号: 捷成股份(sz300182) 动作=BUY 评分=70.0
[13:43:55] [风控] 拒绝 sz300182: [A级]仓位已满：当前73% >= 市场震荡偏多最大70%
[13:43:55] [风控] sz300182 捷成股份 被拦截:[A级]仓位已满：当前73% >= 市场震荡偏多最大70%
[13:43:55] [周期] 执行完毕。生成信号: 1 个
[13:44:04] [周期] 开始执行分析周期...
[13:44:05] [周期] 市场状态: 震荡偏多 | 上涨:127 下跌:78 上涨比:62.0% | 涨停:9 跌停:6
[13:44:05] ✅ [记忆交接] AI 已加载昨日复盘。 🎯 关注作业:sz000938, sh688317, sh688702 | 🚫 禁忌模式:半路追高, 缩量半路板, 退潮期接力
[13:45:14] [AI思考] 电力主线明确，韶能股份等涨停，大唐发电趋势良好且未涨停，符合主线+趋势特征，可小仓参与。...
[13:45:14] [AI] 交易分析完成: stage=震荡偏多, signals=1
[13:45:14] [AI] 持仓检查完成: 8 只 (全部健康 ✅)
[13:45:14] [AI] 信号: 大唐发电(sh601991) 动作=BUY 评分=80.0
[13:45:14] [风控] 拒绝 sh601991: [A级]仓位已满：当前73% >= 市场震荡偏多最大70%
[13:45:14] [风控] sh601991 大唐发电 被拦截:[A级]仓位已满：当前73% >= 市场震荡偏多最大70%
[13:45:14] [周期] 执行完毕。生成信号: 1 个
[13:45:34] [周期] 开始执行分析周期...
[13:45:35] [周期] 市场状态: 震荡偏多 | 上涨:130 下跌:75 上涨比:63.4% | 涨停:9 跌停:5
[13:45:35] ✅ [记忆交接] AI 已加载昨日复盘。 🎯 关注作业:sz000938, sh688317, sh688702 | 🚫 禁忌模式:半路追高, 缩量半路板, 退潮期接力
[13:46:11] [AI思考] 市场震荡偏多，仓位已重(72.6%)，所有持仓T+1锁定只能持有。候选池中，涨停股不可买，大唐发电冷却，仅长信科技可买，作为小仓试错。...
[13:46:11] [AI] 交易分析完成: stage=震荡偏多, signals=1
[13:46:11] [AI] 持仓检查完成: 8 只 (全部健康 ✅)
[13:46:11] [AI] 信号: 长信科技(sz300088) 动作=BUY 评分=70.0
[13:46:11] [风控] 拒绝 sz300088: [A级]仓位已满：当前73% >= 市场震荡偏多最大70%
[13:46:11] [风控] sz300088 长信科技 被拦截:[A级]仓位已满：当前73% >= 市场震荡偏多最大70%
[13:46:11] [周期] 执行完毕。生成信号: 1 个
[13:47:04] [周期] 开始执行分析周期...
[13:47:05] [周期] 市场状态: 震荡偏多 | 上涨:130 下跌:75 上涨比:63.4% | 涨停:10 跌停:5
[13:47:05] ✅ [记忆交接] AI 已加载昨日复盘。 🎯 关注作业:sz000938, sh688317, sh688702 | 🚫 禁忌模式:半路追高, 缩量半路板, 退潮期接力
[13:48:23] [AI思考] 市场震荡偏多，新能源主线明显，节能风电量价健康，可小仓试错。持仓中部分被T+1锁仓，无卖出信号，全部持有。...
[13:48:23] [AI] 交易分析完成: stage=震荡偏多, signals=1
[13:48:23] [AI] 持仓检查完成: 8 只 (全部健康 ✅)
[13:48:23] [AI] 信号: 节能风电(sh601016) 动作=BUY 评分=82.0
[13:48:23] [风控] 拒绝 sh601016: [A级]仓位已满：当前73% >= 市场震荡偏多最大70%
[13:48:23] [风控] sh601016 节能风电 被拦截:[A级]仓位已满：当前73% >= 市场震荡偏多最大70%
[13:48:23] [周期] 执行完毕。生成信号: 1 个
[13:48:33] [周期] 开始执行分析周期...
[13:48:34] [周期] 市场状态: 震荡偏多 | 上涨:130 下跌:74 上涨比:63.4% | 涨停:10 跌停:5
[13:48:34] ✅ [记忆交接] AI 已加载昨日复盘。 🎯 关注作业:sz000938, sh688317, sh688702 | 🚫 禁忌模式:半路追高, 缩量半路板, 退潮期接力
[13:49:23] [AI思考] 市场震荡偏多，主线在创业板和新能源，但可买标的有限，商络电子放量换手，趋势良好，作为补涨试错。...
[13:49:23] [AI] 交易分析完成: stage=震荡偏多, signals=1
[13:49:23] [AI] 持仓检查完成: 8 只 (全部健康 ✅)
[13:49:23] [AI] 信号: 商络电子(sz300975) 动作=BUY 评分=70.0
[13:49:23] [风控] 拒绝 sz300975: [A级]仓位已满：当前73% >= 市场震荡偏多最大70%
[13:49:23] [风控] sz300975 商络电子 被拦截:[A级]仓位已满：当前73% >= 市场震荡偏多最大70%
[13:49:23] [周期] 执行完毕。生成信号: 1 个
[13:50:02] [周期] 开始执行分析周期...
[13:50:04] [周期] 市场状态: 震荡偏多 | 上涨:131 下跌:74 上涨比:63.9% | 涨停:10 跌停:4
[13:50:04] ✅ [记忆交接] AI 已加载昨日复盘。 🎯 关注作业:sz000938, sh688317, sh688702 | 🚫 禁忌模式:半路追高, 缩量半路板, 退潮期接力
[13:51:18] [AI思考] 市场震荡偏多，涨停10家，资金聚焦创业板和电力。持仓均T+1锁定，持有观察。候选池无新标的，选择加仓京能电力，电力板块趋势良好，量价健康。...
[13:51:18] [AI] 交易分析完成: stage=震荡偏多, signals=1
[13:51:18] [AI] 持仓检查完成: 8 只 (全部健康 ✅)
[13:51:18] [AI] 信号: 京能电力(sh600578) 动作=BUY 评分=65.0
[13:51:18] [风控] sh600578 加仓评分不足(65.0<85)
[13:51:18] [周期] 执行完毕。生成信号: 1 个
[13:51:32] [周期] 开始执行分析周期...
[13:51:33] [周期] 市场状态: 震荡偏多 | 上涨:130 下跌:74 上涨比:63.4% | 涨停:10 跌停:6
[13:51:33] ✅ [记忆交接] AI 已加载昨日复盘。 🎯 关注作业:sz000938, sh688317, sh688702 | 🚫 禁忌模式:半路追高, 缩量半路板, 退潮期接力
[13:52:16] [AI思考] 仓位已达上限，按规则仍需输出候选。持仓均T+1锁定，无卖出。节能风电为新能源主线非涨停标的，可作试错推荐，但实际受仓位限制。...
[13:52:16] [AI] 交易分析完成: stage=震荡偏多, signals=1
[13:52:16] [AI] 持仓检查完成: 8 只 (全部健康 ✅)
[13:52:16] [AI] 信号: 节能风电(sh601016) 动作=BUY 评分=75.0
[13:52:16] [风控] 拒绝 sh601016: [A级]仓位已满：当前73% >= 市场震荡偏多最大70%
[13:52:16] [风控] sh601016 节能风电 被拦截:[A级]仓位已满：当前73% >= 市场震荡偏多最大70%
[13:52:16] [周期] 执行完毕。生成信号: 1 个
[13:53:01] [周期] 开始执行分析周期...
[13:53:03] [周期] 市场状态: 震荡偏多 | 上涨:125 下跌:78 上涨比:61.0% | 涨停:10 跌停:6
[13:53:03] ✅ [记忆交接] AI 已加载昨日复盘。 🎯 关注作业:sz000938, sh688317, sh688702 | 🚫 禁忌模式:半路追高, 缩量半路板, 退潮期接力
[13:53:46] [AI思考] 市场震荡偏多，涨停10家，上涨比61%，主线不明朗。持仓股多符合趋势，继续持有。候选池中多数涨停或冷却，唯一可买非涨停非冷却股为京能电力，电力板块跟涨，量能温和，作为补涨试错。...
[13:53:46] [AI] 交易分析完成: stage=震荡偏多, signals=1
[13:53:46] [AI] 持仓检查完成: 8 只 (全部健康 ✅)
[13:53:46] [AI] 信号: 京能电力(sh600578) 动作=BUY 评分=65.0
[13:53:46] [风控] sh600578 加仓评分不足(65.0<85)
[13:53:46] [周期] 执行完毕。生成信号: 1 个
[13:54:31] [周期] 开始执行分析周期...
[13:54:32] [周期] 市场状态: 震荡偏多 | 上涨:127 下跌:77 上涨比:62.0% | 涨停:10 跌停:6
[13:54:32] ✅ [记忆交接] AI 已加载昨日复盘。 🎯 关注作业:sz000938, sh688317, sh688702 | 🚫 禁忌模式:半路追高, 缩量半路板, 退潮期接力
[13:55:50] [AI思考] 仓位72.7%超上限70%，持仓T+1锁死无法减仓；冷却名单多只被拒，因此无有效新买点。候选池仅用来满足非空格式，实际不建议买入。...
[13:55:50] [AI] 交易分析完成: stage=震荡偏多, signals=1
[13:55:50] [AI] 持仓检查完成: 8 只 (全部健康 ✅)
[13:55:50] [AI] 信号: 节能风电(sh601016) 动作=BUY 评分=30.0
[13:55:50] [风控] sh601016 节能风电 评分不足 30.0/60
[13:55:50] [周期] 执行完毕。生成信号: 1 个
[13:56:01] [周期] 开始执行分析周期...
[13:56:03] [周期] 市场状态: 震荡偏多 | 上涨:131 下跌:73 上涨比:63.9% | 涨停:10 跌停:6
[13:56:03] ✅ [记忆交接] AI 已加载昨日复盘。 🎯 关注作业:sz000938, sh688317, sh688702 | 🚫 禁忌模式:半路追高, 缩量半路板, 退潮期接力
[13:57:18] [AI思考] 市场震荡偏多，主线电力，涨停多。持仓过多，卖出弱势非主线票，换入电力龙头京能电力及创业板跟涨元力股份。...
[13:57:18] [AI] 交易分析完成: stage=震荡偏多, signals=2
[13:57:18] ⚠️ [持仓警报] sh688469(芯联集成-U): SELL (逻辑=BROKEN)
[13:57:18] [AI] 逻辑破坏 sh688469,触发卖出
[13:57:18] [同步] 已将 sh688469 内存状态更新为 BROKEN,准备强平
[13:57:18] [风控] 拒绝 sh688469: [S级]T+1限制：今日(2026-05-27)买入不可卖出
[13:57:18] ⚠️ [持仓警报] sz300464(星徽股份): SELL (逻辑=BROKEN)
[13:57:18] [AI] 逻辑破坏 sz300464,触发卖出
[13:57:18] [同步] 已将 sz300464 内存状态更新为 BROKEN,准备强平
[13:57:18] [风控] 拒绝 sz300464: [S级]T+1限制：今日(2026-05-27)买入不可卖出
[13:57:18] ⚠️ [持仓警报] sz300221(银禧科技): SELL (逻辑=BROKEN)
[13:57:18] [AI] 逻辑破坏 sz300221,触发卖出
[13:57:18] [同步] 已将 sz300221 内存状态更新为 BROKEN,准备强平
[13:57:18] [风控] 拒绝 sz300221: [S级]T+1限制：今日(2026-05-27)买入不可卖出
[13:57:18] ⚠️ [持仓警报] sz300721(怡达股份): SELL (逻辑=BROKEN)
[13:57:18] [AI] 逻辑破坏 sz300721,触发卖出
[13:57:18] [同步] 已将 sz300721 内存状态更新为 BROKEN,准备强平
[13:57:18] [风控] 拒绝 sz300721: [S级]T+1限制：今日(2026-05-27)买入不可卖出
[13:57:18] [AI] 持仓检查完成: 8 只 (全部健康 ✅)
[13:57:18] [AI] 信号: 京能电力(sh600578) 动作=BUY 评分=85.0
[13:57:18] [加仓] sh600578(京能电力) 允许加仓,当前仓位4.8%,评分85.0
[13:57:18] [加仓] 预算调整为原预算的50%: 330
[13:57:18] [风控] 拒绝 sh600578: [S级]仓位状态：信念值不足：20 < 60
[13:57:18] [风控] sh600578 京能电力 被拦截:[S级]仓位状态：信念值不足：20 < 60
[13:57:18] [AI] 信号: 元力股份(sz300174) 动作=BUY 评分=80.0
[13:57:18] [风控] sz300174 加仓评分不足(80.0<85)
[13:57:18] [周期] 执行完毕。生成信号: 2 个
[13:57:30] [周期] 开始执行分析周期...
[13:57:31] [周期] 市场状态: 震荡偏多 | 上涨:132 下跌:72 上涨比:64.4% | 涨停:10 跌停:5
[13:57:31] ✅ [记忆交接] AI 已加载昨日复盘。 🎯 关注作业:sz000938, sh688317, sh688702 | 🚫 禁忌模式:半路追高, 缩量半路板, 退潮期接力
[13:58:21] [AI思考] 市场震荡偏多，涨停10只，主线在创业板。百纳千成龙头涨停，但不可追。候选池多数涨停或冷却，仅元力股份非涨停且无冷却，属同板块补涨，量价健康，可小仓试错。持仓均冻结，无法卖出，全持。...
[13:58:21] [AI] 交易分析完成: stage=升温期, signals=1
[13:58:21] [AI] 持仓检查完成: 8 只 (全部健康 ✅)
[13:58:21] [AI] 信号: 元力股份(sz300174) 动作=BUY 评分=72.0
[13:58:21] [风控] sz300174 加仓评分不足(72.0<85)
[13:58:21] [周期] 执行完毕。生成信号: 1 个
[13:59:00] [周期] 开始执行分析周期...
[13:59:01] [周期] 市场状态: 震荡偏多 | 上涨:134 下跌:71 上涨比:65.4% | 涨停:10 跌停:6
[13:59:01] ✅ [记忆交接] AI 已加载昨日复盘。 🎯 关注作业:sz000938, sh688317, sh688702 | 🚫 禁忌模式:半路追高, 缩量半路板, 退潮期接力
[13:59:54] [AI思考] 市场震荡偏多，创业板强势。持仓中百纳千成涨停持有，京能电力信念不足建议卖出。候选池仅上海电力非涨停非冷却，可作为兜底试错。...
[13:59:54] [AI] 交易分析完成: stage=震荡偏多, signals=1
[13:59:54] ⚠️ [持仓警报] sh600578(京能电力): SELL (逻辑=BROKEN)
[13:59:54] [AI] 逻辑破坏 sh600578,触发卖出
[13:59:54] [同步] 已将 sh600578 内存状态更新为 BROKEN,准备强平
[13:59:54] [风控] 拒绝 sh600578: [S级]T+1限制：今日(2026-05-27)买入不可卖出
[13:59:54] [AI] 持仓检查完成: 8 只 (全部健康 ✅)
[13:59:54] [AI] 信号: 上海电力(sh600021) 动作=BUY 评分=70.0
[13:59:54] [风控] sh600021 加仓评分不足(70.0<85)
[13:59:55] [周期] 执行完毕。生成信号: 1 个
[14:00:30] [周期] 开始执行分析周期...
[14:00:31] [周期] 市场状态: 震荡偏多 | 上涨:134 下跌:71 上涨比:65.4% | 涨停:11 跌停:7
[14:00:31] ✅ [记忆交接] AI 已加载昨日复盘。 🎯 关注作业:sz000938, sh688317, sh688702 | 🚫 禁忌模式:半路追高, 缩量半路板, 退潮期接力
[14:01:18] [AI思考] 市场震荡偏多，电力板块领涨，大唐发电放量跟涨，可小仓试错；持仓上海电力弱势，卖出以腾出仓位。...
[14:01:18] [AI] 交易分析完成: stage=震荡偏多, signals=1
[14:01:18] ⚠️ [持仓警报] sh600021(上海电力): SELL (逻辑=BROKEN)
[14:01:18] [AI] 逻辑破坏 sh600021,触发卖出
[14:01:18] [同步] 已将 sh600021 内存状态更新为 BROKEN,准备强平
[14:01:18] [风控] 拒绝 sh600021: [S级]T+1限制：今日(2026-05-27)买入不可卖出
[14:01:18] [AI] 持仓检查完成: 8 只 (全部健康 ✅)
[14:01:18] [AI] 信号: 大唐发电(sh601991) 动作=BUY 评分=75.0
[14:01:18] [风控] 拒绝 sh601991: [A级]仓位已满：当前73% >= 市场震荡偏多最大70%
[14:01:18] [风控] sh601991 大唐发电 被拦截:[A级]仓位已满：当前73% >= 市场震荡偏多最大70%
[14:01:18] [周期] 执行完毕。生成信号: 1 个
[14:01:59] [周期] 开始执行分析周期...
[14:02:04] [周期] 市场状态: 震荡偏多 | 上涨:134 下跌:74 上涨比:64.4% | 涨停:11 跌停:6
[14:02:04] ✅ [记忆交接] AI 已加载昨日复盘。 🎯 关注作业:sz000938, sh688317, sh688702 | 🚫 禁忌模式:半路追高, 缩量半路板, 退潮期接力
[14:03:11] [AI思考] 市场震荡偏多，医药板块有四环生物领涨，涨幅1.2%未涨停，换手19%，可作为主线趋势买入。其他候选均涨停或无机会。持仓今日买入均锁仓，继续持有。...
[14:03:11] [AI] 交易分析完成: stage=震荡偏多, signals=1
[14:03:11] [AI] 持仓检查完成: 8 只 (全部健康 ✅)
[14:03:11] [AI] 信号: 四环生物(sz000518) 动作=BUY 评分=81.0
[14:03:11] [风控] 拒绝 sz000518: [A级]仓位已满：当前73% >= 市场震荡偏多最大70%
[14:03:11] [风控] sz000518 四环生物 被拦截:[A级]仓位已满：当前73% >= 市场震荡偏多最大70%
[14:03:11] [周期] 执行完毕。生成信号: 1 个
[14:03:29] [周期] 开始执行分析周期...
[14:04:25] [周期] 市场状态: 震荡偏多 | 上涨:135 下跌:73 上涨比:64.9% | 涨停:11 跌停:7
[14:04:25] ✅ [记忆交接] AI 已加载昨日复盘。 🎯 关注作业:sz000938, sh688317, sh688702 | 🚫 禁忌模式:半路追高, 缩量半路板, 退潮期接力
[14:05:23] [AI思考] 市场震荡偏多，创业板活跃，百纳千成涨停带动情绪。长信科技同为创业板，放量上涨，换手13.6%，形态健康，可小仓试错。持仓均受T+1限制，只能持有。...
[14:05:23] [AI] 交易分析完成: stage=震荡偏多, signals=1
[14:05:23] [AI] 持仓检查完成: 8 只 (全部健康 ✅)
[14:05:23] [AI] 信号: 长信科技(sz300088) 动作=BUY 评分=72.0
[14:05:23] [风控] 拒绝 sz300088: [A级]仓位已满：当前73% >= 市场震荡偏多最大70%
[14:05:23] [风控] sz300088 长信科技 被拦截:[A级]仓位已满：当前73% >= 市场震荡偏多最大70%
[14:05:23] [周期] 执行完毕。生成信号: 1 个
[14:05:24] [周期] 开始执行分析周期...
[14:06:12] [周期] 无行情数据,跳过
[14:06:54] [周期] 开始执行分析周期...
[14:07:05] [周期] 市场状态: 震荡偏多 | 上涨:136 下跌:72 上涨比:65.4% | 涨停:11 跌停:6
[14:07:05] ✅ [记忆交接] AI 已加载昨日复盘。 🎯 关注作业:sz000938, sh688317, sh688702 | 🚫 禁忌模式:半路追高, 缩量半路板, 退潮期接力
[14:07:48] [AI思考] 市场震荡偏多，第二层候选池仅sz300174非涨停且未冷却，其为持仓股，现价23.34，涨幅7.8%健康，可加仓。其他候选均涨停或冷却，故选择元力股份作为试错标的。...
[14:07:48] [AI] 交易分析完成: stage=震荡偏多, signals=1
[14:07:48] [AI] 持仓检查完成: 8 只 (全部健康 ✅)
[14:07:48] [AI] 信号: 元力股份(sz300174) 动作=BUY 评分=72.0
[14:07:48] [风控] sz300174 加仓评分不足(72.0<85)
[14:07:48] [周期] 执行完毕。生成信号: 1 个
[14:08:23] [周期] 开始执行分析周期...
[14:08:34] [周期] 市场状态: 震荡偏多 | 上涨:139 下跌:68 上涨比:66.8% | 涨停:11 跌停:6
[14:08:34] ✅ [记忆交接] AI 已加载昨日复盘。 🎯 关注作业:sz000938, sh688317, sh688702 | 🚫 禁忌模式:半路追高, 缩量半路板, 退潮期接力
[14:09:33] [AI思考] 仓位超限，不宜买入。持仓全部T+1锁仓，持有不动。candidates仅为观察，不执行。...
[14:09:33] [AI] 交易分析完成: stage=震荡偏多, signals=1
[14:09:33] [AI] 持仓检查完成: 8 只 (全部健康 ✅)
[14:09:33] [AI] 信号: 节能风电(sh601016) 动作=BUY 评分=75.0
[14:09:33] [风控] 拒绝 sh601016: [A级]仓位已满：当前73% >= 市场震荡偏多最大70%
[14:09:33] [风控] sh601016 节能风电 被拦截:[A级]仓位已满：当前73% >= 市场震荡偏多最大70%
[14:09:33] [周期] 执行完毕。生成信号: 1 个
[14:09:52] [周期] 开始执行分析周期...
[14:10:32] [周期] 市场状态: 震荡偏多 | 上涨:83 下跌:32 上涨比:72.2% | 涨停:7 跌停:2
[14:10:32] ✅ [记忆交接] AI 已加载昨日复盘。 🎯 关注作业:sz000938, sh688317, sh688702 | 🚫 禁忌模式:半路追高, 缩量半路板, 退潮期接力
[14:11:49] [AI思考] 市场震荡偏多，但仓位已重，持仓均锁仓持有。候选池可选标的少，捷成股份量价健康，作为跟随长信科技的创业板补涨，评分70小仓试错。...
[14:11:49] [AI] 交易分析完成: stage=震荡偏多, signals=1
[14:11:49] [AI] 持仓检查完成: 8 只 (全部健康 ✅)
[14:11:49] [AI] 信号: 捷成股份(sz300182) 动作=BUY 评分=70.0
[14:11:49] [风控] 拒绝 sz300182: [A级]仓位已满：当前73% >= 市场震荡偏多最大70%
[14:11:49] [风控] sz300182 捷成股份 被拦截:[A级]仓位已满：当前73% >= 市场震荡偏多最大70%
[14:11:49] [周期] 执行完毕。生成信号: 1 个
[14:11:50] [周期] 开始执行分析周期...
[14:11:51] [周期] 市场状态: 震荡偏多 | 上涨:141 下跌:67 上涨比:67.8% | 涨停:13 跌停:6
[14:11:51] ✅ [记忆交接] AI 已加载昨日复盘。 🎯 关注作业:sz000938, sh688317, sh688702 | 🚫 禁忌模式:半路追高, 缩量半路板, 退潮期接力
[14:13:30] [AI思考] 市场震荡偏多，仓位74%超上限，需减仓。仅元力股份和百纳千成可操作；百纳千成涨停龙头持有，卖出元力股份非主线持仓。候选池唯一可买为西安奕材-U，跟随科创板N长进，评分75小仓试错。...
[14:13:30] [AI] 交易分析完成: stage=震荡偏多, signals=1
[14:13:30] ⚠️ [持仓警报] sz300174(元力股份): SELL (逻辑=BROKEN)
[14:13:30] [AI] 逻辑破坏 sz300174,触发卖出
[14:13:30] [同步] 已将 sz300174 内存状态更新为 BROKEN,准备强平
[14:13:30] [风控] 拒绝 sz300174: [S级]T+1限制：今日(2026-05-27)买入不可卖出
[14:13:30] [AI] 持仓检查完成: 8 只 (全部健康 ✅)
[14:13:30] [校正] AI 代码失效 (sh688999)，通过名称 '西安奕材-U' 反查锁定 sh688783
[14:13:30] [AI] 信号: 西安奕材-U(sh688783) 动作=BUY 评分=75.0
[14:13:30] [风控] 拒绝 sh688783: [A级]仓位已满：当前73% >= 市场震荡偏多最大70%
[14:13:30] [风控] sh688783 西安奕材-U 被拦截:[A级]仓位已满：当前73% >= 市场震荡偏多最大70%
[14:13:30] [周期] 执行完毕。生成信号: 1 个
[14:13:31] [周期] 开始执行分析周期...
[14:13:33] [周期] 市场状态: 震荡偏多 | 上涨:135 下跌:72 上涨比:64.9% | 涨停:13 跌停:5
[14:13:33] ✅ [记忆交接] AI 已加载昨日复盘。 🎯 关注作业:sz000938, sh688317, sh688702 | 🚫 禁忌模式:半路追高, 缩量半路板, 退潮期接力
[14:14:35] [AI思考] 震荡偏多，仓位已重，主线新能源与半导体，候选池仅怡达股份可买，小仓试错。...
[14:14:35] [AI] 交易分析完成: stage=震荡偏多, signals=1
[14:14:35] ⚠️ [持仓警报] sh688469(芯联集成-U): SELL (逻辑=BROKEN)
[14:14:35] [AI] 逻辑破坏 sh688469,触发卖出
[14:14:35] [同步] 已将 sh688469 内存状态更新为 BROKEN,准备强平
[14:14:35] [风控] 拒绝 sh688469: [S级]T+1限制：今日(2026-05-27)买入不可卖出
[14:14:35] ⚠️ [持仓警报] sz300464(星徽股份): SELL (逻辑=BROKEN)
[14:14:35] [AI] 逻辑破坏 sz300464,触发卖出
[14:14:35] [同步] 已将 sz300464 内存状态更新为 BROKEN,准备强平
[14:14:35] [风控] 拒绝 sz300464: [S级]T+1限制：今日(2026-05-27)买入不可卖出
[14:14:35] [AI] 持仓检查完成: 8 只 (全部健康 ✅)
[14:14:35] [AI] 信号: 怡达股份(sz300721) 动作=BUY 评分=65.0
[14:14:35] [风控] sz300721 加仓评分不足(65.0<85)
[14:14:35] [周期] 执行完毕。生成信号: 1 个
[14:15:01] [周期] 开始执行分析周期...
[14:15:02] [周期] 市场状态: 震荡偏多 | 上涨:135 下跌:72 上涨比:64.9% | 涨停:12 跌停:6
[14:15:02] ✅ [记忆交接] AI 已加载昨日复盘。 🎯 关注作业:sz000938, sh688317, sh688702 | 🚫 禁忌模式:半路追高, 缩量半路板, 退潮期接力
[14:16:18] [AI思考] 仓位已超70%上限，但须选一票；电力主线，京能电力跟风可试错；持仓全锁持有。...
[14:16:18] [AI] 交易分析完成: stage=震荡偏多, signals=1
[14:16:18] ⚠️ [持仓警报] sz300464(星徽股份): HOLD (逻辑=BROKEN)
[14:16:18] ⚠️ [持仓警报] sz300221(银禧科技): HOLD (逻辑=BROKEN)
[14:16:18] ⚠️ [持仓警报] sz300721(怡达股份): HOLD (逻辑=BROKEN)
[14:16:18] [AI] 持仓检查完成: 8 只 (全部健康 ✅)
[14:16:18] [AI] 信号: 京能电力(sh600578) 动作=BUY 评分=70.0
[14:16:18] [风控] sh600578 加仓评分不足(70.0<85)
[14:16:18] [周期] 执行完毕。生成信号: 1 个
[14:16:30] [周期] 开始执行分析周期...
[14:16:31] [周期] 市场状态: 震荡偏多 | 上涨:137 下跌:70 上涨比:65.9% | 涨停:13 跌停:6
[14:16:31] ✅ [记忆交接] AI 已加载昨日复盘。 🎯 关注作业:sz000938, sh688317, sh688702 | 🚫 禁忌模式:半路追高, 缩量半路板, 退潮期接力
[14:47:29] [系统] 正在启动双线程分析架构...
[14:47:29] [交易 AI] 线程已启动,间隔 90 秒 (优先级:高)。
[14:47:29] [研究 AI] 独立后台已启动,正在后台运行中... (等待触发节点)
[14:47:29] [系统] 双线程分析循环已启动 (交易 + 研究)。
[14:47:29] [周期] 开始执行分析周期...
[14:47:30] [周期] 市场状态: 震荡偏多 | 上涨:132 下跌:76 上涨比:63.5% | 涨停:10 跌停:8
[14:47:30] ✅ [记忆交接] AI 已加载昨日复盘。 🎯 关注作业:sz000938, sh688317, sh688702 | 🚫 禁忌模式:半路追高, 缩量半路板, 退潮期接力
[14:47:31] [AI] [WARN] JSON缺少必需字段(candidates/position_analysis),可能是推理思考内容
[14:47:31] [AI] JSON keys: ['error']
[14:47:31] [AI] [ERROR] 接口返回错误详情: {'message': 'Insufficient Balance', 'type': 'unknown_error', 'param': None, 'code': 'invalid_request_error'}
[14:47:31] ⚠️ [风控] sz300464 触及风控线 (10.25),但 T+1 锁定，明日卖出
[14:47:31] [AI] 错误: AI未返回有效JSON
[14:47:38] [系统] 分析循环已停止。
[14:52:51] [系统] 正在启动双线程分析架构...
[14:52:51] [交易 AI] 线程已启动,间隔 90 秒 (优先级:高)。
[14:52:51] [研究 AI] 独立后台已启动,正在后台运行中... (等待触发节点)
[14:52:51] [系统] 双线程分析循环已启动 (交易 + 研究)。
[14:52:51] [周期] 开始执行分析周期...
[14:52:53] [周期] 市场状态: 震荡偏多 | 上涨:128 下跌:77 上涨比:62.4% | 涨停:10 跌停:9
[14:52:53] ✅ [记忆交接] AI 已加载昨日复盘。 🎯 关注作业:sz000938, sh688317, sh688702 | 🚫 禁忌模式:半路追高, 缩量半路板, 退潮期接力
[14:53:31] [AI思考] 市场震荡偏多，涨停股较多但主线不集中。候选池中多数涨停，非涨停中元力股份放量上涨，跟随创业板热点，可小仓试错。仓位重，单票预算5048，买入200股。...
[14:53:31] [AI] 交易分析完成: stage=震荡偏多, signals=1
[14:53:31] ⚠️ [风控] sz300464 触及风控线 (10.25),但 T+1 锁定，明日卖出
[14:53:31] [AI] 持仓检查完成: 8 只 (全部健康 ✅)
[14:53:31] [AI] 信号: 元力股份(sz300174) 动作=BUY 评分=80.0
[14:53:31] [风控] sz300174 加仓评分不足(80.0<85)
[14:53:31] [周期] 执行完毕。生成信号: 1 个
[14:54:21] [周期] 开始执行分析周期...
[14:54:22] [周期] 市场状态: 震荡偏多 | 上涨:130 下跌:75 上涨比:63.4% | 涨停:10 跌停:8
[14:54:22] ✅ [记忆交接] AI 已加载昨日复盘。 🎯 关注作业:sz000938, sh688317, sh688702 | 🚫 禁忌模式:半路追高, 缩量半路板, 退潮期接力
[14:55:02] [AI思考] 市场震荡偏多，涨停不多，候选池中多数涨停，仅节能风电与大唐发电未涨停。新能源方向换手活跃，符合升温期趋势策略，选择节能风电试错。持仓继续持有。...
[14:55:02] [AI] 交易分析完成: stage=升温期震荡偏多, signals=1
[14:55:02] ⚠️ [风控] sz300464 触及风控线 (10.25),但 T+1 锁定，明日卖出
[14:55:02] [AI] 持仓检查完成: 8 只 (全部健康 ✅)
[14:55:02] [AI] 信号: 节能风电(sh601016) 动作=BUY 评分=75.0
[14:55:02] [风控] 拒绝 sh601016: [A级]仓位已满：当前73% >= 市场震荡偏多最大70%
[14:55:02] [风控] sh601016 节能风电 被拦截:[A级]仓位已满：当前73% >= 市场震荡偏多最大70%
[14:55:02] [周期] 执行完毕。生成信号: 1 个
[14:55:50] [周期] 开始执行分析周期...
[14:55:51] [周期] 市场状态: 震荡偏多 | 上涨:130 下跌:75 上涨比:63.4% | 涨停:10 跌停:8
[14:55:51] ✅ [记忆交接] AI 已加载昨日复盘。 🎯 关注作业:sz000938, sh688317, sh688702 | 🚫 禁忌模式:半路追高, 缩量半路板, 退潮期接力
[14:56:54] [系统] 分析循环已停止。
[14:56:56] [AI思考] 市场震荡偏多但主线模糊，持仓盈亏不大且T+1锁仓，继续持有。候选池非涨停标的中，电力分支领涨大唐发电量价健康，小仓试错。...
[14:56:56] [AI] 交易分析完成: stage=震荡偏多, signals=1
[14:56:56] ⚠️ [风控] sz300464 触及风控线 (10.25),但 T+1 锁定，明日卖出
[14:56:56] [AI] 持仓检查完成: 8 只 (全部健康 ✅)
[14:56:56] [AI] 信号: 大唐发电(sh601991) 动作=BUY 评分=70.0
[14:56:56] [风控] 拒绝 sh601991: [A级]仓位已满：当前73% >= 市场震荡偏多最大70%
[14:56:56] [风控] sh601991 大唐发电 被拦截:[A级]仓位已满：当前73% >= 市场震荡偏多最大70%
[14:56:56] [周期] 执行完毕。生成信号: 1 个
[15:30:50] [系统] 正在启动双线程分析架构...
[15:30:50] [交易 AI] 线程已启动,间隔 90 秒 (优先级:高)。
[15:30:50] [研究 AI] 独立后台已启动,正在后台运行中... (等待触发节点)
[15:30:50] [系统] 双线程分析循环已启动 (交易 + 研究)。
[15:30:50] [交易 AI] 正在休市,等待开盘自动运行...
[15:31:00] [系统] 分析循环已停止。
[15:35:27] [系统] 正在启动双线程分析架构...
[15:35:27] [交易 AI] 线程已启动,间隔 90 秒 (优先级:高)。
[15:35:27] [研究 AI] 独立后台已启动,正在后台运行中... (等待触发节点)
[15:35:27] [系统] 双线程分析循环已启动 (交易 + 研究)。
[15:35:27] [交易 AI] 正在休市,等待开盘自动运行...
[15:35:27] [研究 AI] 触发节点 [收盘后深度复盘],开始调用进行工作...
[15:36:19] [研究 AI] [收盘后深度复盘] 工作完成。提示: 市场极端冰点，减仓避险，留强去弱，等待明确右侧信号再入场
[15:36:19] [研究 AI] 今日复盘日记已成功写入数据库。
[15:36:19] [经验层] 自动登记禁忌模式:弱势补涨跟风
[15:43:26] [系统] 正在启动双线程分析架构...
[15:43:26] [交易 AI] 线程已启动,间隔 90 秒 (优先级:高)。
[15:43:26] [研究 AI] 独立后台已启动,正在后台运行中... (等待触发节点)
[15:43:26] [系统] 双线程分析循环已启动 (交易 + 研究)。
[15:43:26] [交易 AI] 正在休市,等待开盘自动运行...
[15:43:26] [研究 AI] 触发节点 [收盘后深度复盘],开始调用进行工作...
[15:44:12] [研究 AI] [收盘后深度复盘] 工作完成。提示: 控制总仓位，去弱留强，聚焦资金抱团方向（如半导体、电力）。
[15:44:12] [研究 AI] 今日复盘日记已成功写入数据库。
[15:44:12] [经验层] 自动登记禁忌模式:过度分散试错
[16:00:39] [系统] 分析循环已停止。
[16:00:46] [系统] 正在启动双线程分析架构...
[16:00:46] [交易 AI] 线程已启动,间隔 90 秒 (优先级:高)。
[16:00:46] [研究 AI] 独立后台已启动,正在后台运行中... (等待触发节点)
[16:00:46] [系统] 双线程分析循环已启动 (交易 + 研究)。
[16:00:46] [交易 AI] 正在休市,等待开盘自动运行...
[16:00:46] [研究 AI] 触发节点 [收盘后深度复盘],开始调用进行工作...
[16:01:15] [研究 AI] [收盘后深度复盘] 工作完成。提示: 市场情绪极端冰点，建议大幅降低仓位，仅保留极少数强逻辑品种，耐心等待明确主线企稳信号。
[16:01:15] [研究 AI] 今日复盘日记已成功写入数据库。
[16:03:22] [系统] 正在启动双线程分析架构...
[16:03:22] [交易 AI] 线程已启动,间隔 90 秒 (优先级:高)。
[16:03:22] [研究 AI] 独立后台已启动,正在后台运行中... (等待触发节点)
[16:03:22] [系统] 双线程分析循环已启动 (交易 + 研究)。
[16:03:22] [交易 AI] 正在休市,等待开盘自动运行...
